customer_id,customer_name,email,country,signup_date,customer_segment,lifetime_value
1,Customer 1,customer1@example.com,UK,2021-09-25,Standard,9574.50
2,Customer 2,customer2@example.com,US,2020-05-17,Premium,9624.57
3,Customer 3,customer3@example.com,US,2023-05-16,Premium,6986.70
4,Customer 4,customer4@example.com,CA,2020-04-17,Standard,9159.75
5,Customer 5,customer5@example.com,IN,2021-08-10,Standard,3868.55
6,Customer 6,customer6@example.com,IN,2022-01-11,Standard,2689.46
7,Customer 7,customer7@example.com,IN,2023-07-30,Standard,1076.22
8,Customer 8,customer8@example.com,CA,2023-04-08,Standard,9151.87
9,Customer 9,customer9@example.com,DE,2021-07-05,Standard,552.58
10,Customer 10,customer10@example.com,AU,2020-06-25,Basic,1544.63
11,Customer 11,customer11@example.com,DE,2024-03-16,Basic,5833.51
12,Customer 12,customer12@example.com,FR,2021-04-24,Premium,2042.30
13,Customer 13,customer13@example.com,UK,2022-04-05,Basic,8350.29
14,Customer 14,customer14@example.com,FR,2024-03-05,Basic,9440.30
15,Customer 15,customer15@example.com,DE,2020-11-20,Standard,9668.43
16,Customer 16,customer16@example.com,CA,2023-07-03,Standard,1765.51
17,Customer 17,customer17@example.com,AU,2021-12-13,Premium,1485.59
18,Customer 18,customer18@example.com,IN,2023-06-24,Premium,9177.30
19,Customer 19,customer19@example.com,IN,2018-08-29,Basic,434.86
20,Customer 20,customer20@example.com,AU,2018-11-01,Basic,580.29
21,Customer 21,customer21@example.com,US,2022-08-17,Premium,8441.19
22,Customer 22,customer22@example.com,UK,2018-10-06,Basic,1595.19
23,Customer 23,customer23@example.com,UK,2023-09-03,Standard,3794.69
24,Customer 24,customer24@example.com,IN,2024-11-30,Standard,6626.91
25,Customer 25,customer25@example.com,US,2018-01-28,Basic,5561.27
26,Customer 26,customer26@example.com,US,2018-03-10,Basic,7249.71
27,Customer 27,customer27@example.com,IN,2021-03-20,Premium,5071.94
28,Customer 28,customer28@example.com,CA,2022-10-30,Premium,1159.46
29,Customer 29,customer29@example.com,US,2023-11-18,Premium,2485.59
30,Customer 30,customer30@example.com,IN,2023-11-27,Standard,8170.62
31,Customer 31,customer31@example.com,DE,2022-06-14,Premium,3793.21
32,Customer 32,customer32@example.com,FR,2023-02-24,Basic,2507.76
33,Customer 33,customer33@example.com,CA,2020-07-14,Standard,6872.01
34,Customer 34,customer34@example.com,AU,2018-11-27,Basic,9917.58
35,Customer 35,customer35@example.com,CA,2018-05-10,Premium,4112.26
36,Customer 36,customer36@example.com,FR,2024-03-13,Standard,655.54
37,Customer 37,customer37@example.com,US,2019-12-03,Premium,5048.60
38,Customer 38,customer38@example.com,FR,2021-09-18,Basic,9775.56
39,Customer 39,customer39@example.com,US,2023-12-04,Premium,2374.69
40,Customer 40,customer40@example.com,AU,2024-05-10,Standard,2783.84
41,Customer 41,customer41@example.com,US,2021-02-22,Basic,5678.75
42,Customer 42,customer42@example.com,US,2020-01-05,Standard,255.02
43,Customer 43,customer43@example.com,UK,2024-08-01,Premium,7547.32
44,Customer 44,customer44@example.com,CA,2022-06-20,Premium,3062.84
45,Customer 45,customer45@example.com,IN,2020-09-11,Basic,8363.04
46,Customer 46,customer46@example.com,FR,2024-01-24,Standard,3900.08
47,Customer 47,customer47@example.com,CA,2019-07-28,Basic,7269.22
48,Customer 48,customer48@example.com,IN,2021-11-17,Premium,1067.09
49,Customer 49,customer49@example.com,UK,2018-11-08,Standard,6091.17
50,Customer 50,customer50@example.com,IN,2024-09-05,Standard,9692.31
51,Customer 51,customer51@example.com,DE,2018-05-02,Basic,2805.94
52,Customer 52,customer52@example.com,FR,2023-07-03,Premium,3622.53
53,Customer 53,customer53@example.com,FR,2022-11-04,Premium,6828.98
54,Customer 54,customer54@example.com,CA,2022-04-06,Premium,7744.46
55,Customer 55,customer55@example.com,DE,2020-10-06,Basic,827.72
56,Customer 56,customer56@example.com,DE,2019-09-24,Standard,7145.60
57,Customer 57,customer57@example.com,CA,2019-09-24,Basic,3957.26
58,Customer 58,customer58@example.com,DE,2019-03-13,Premium,151.43
59,Customer 59,customer59@example.com,DE,2022-12-27,Standard,7637.33
60,Customer 60,customer60@example.com,US,2019-06-27,Premium,1955.18
61,Customer 61,customer61@example.com,FR,2024-03-31,Basic,5173.16
62,Customer 62,customer62@example.com,US,2018-04-18,Premium,3603.75
63,Customer 63,customer63@example.com,US,2024-09-11,Basic,7865.94
64,Customer 64,customer64@example.com,AU,2022-04-27,Premium,2989.29
65,Customer 65,customer65@example.com,FR,2018-12-13,Basic,9021.25
66,Customer 66,customer66@example.com,UK,2024-05-31,Basic,1778.87
67,Customer 67,customer67@example.com,FR,2019-11-26,Premium,2762.30
68,Customer 68,customer68@example.com,DE,2023-07-13,Premium,726.34
69,Customer 69,customer69@example.com,FR,2021-02-04,Standard,3067.55
70,Customer 70,customer70@example.com,AU,2018-11-12,Standard,2591.83
71,Customer 71,customer71@example.com,UK,2023-07-24,Basic,6205.02
72,Customer 72,customer72@example.com,FR,2019-03-15,Premium,3116.11
73,Customer 73,customer73@example.com,FR,2021-09-22,Basic,3860.91
74,Customer 74,customer74@example.com,AU,2021-09-11,Standard,3413.89
75,Customer 75,customer75@example.com,AU,2024-08-31,Premium,3074.31
76,Customer 76,customer76@example.com,IN,2020-04-02,Standard,3210.41
77,Customer 77,customer77@example.com,FR,2021-07-31,Standard,7375.26
78,Customer 78,customer78@example.com,CA,2023-07-05,Basic,7841.55
79,Customer 79,customer79@example.com,DE,2022-03-21,Standard,8183.30
80,Customer 80,customer80@example.com,FR,2022-02-04,Premium,9327.46
81,Customer 81,customer81@example.com,UK,2024-08-22,Basic,1881.28
82,Customer 82,customer82@example.com,AU,2024-03-03,Premium,9534.75
83,Customer 83,customer83@example.com,FR,2020-05-08,Standard,7997.09
84,Customer 84,customer84@example.com,AU,2018-10-11,Standard,6762.48
85,Customer 85,customer85@example.com,UK,2021-05-25,Premium,2601.55
86,Customer 86,customer86@example.com,UK,2022-09-30,Standard,832.25
87,Customer 87,customer87@example.com,IN,2023-05-17,Basic,4067.97
88,Customer 88,customer88@example.com,IN,2022-09-10,Basic,463.98
89,Customer 89,customer89@example.com,DE,2024-01-09,Basic,6417.99
90,Customer 90,customer90@example.com,US,2019-03-24,Premium,6610.26
91,Customer 91,customer91@example.com,DE,2019-11-13,Basic,6165.51
92,Customer 92,customer92@example.com,IN,2022-06-25,Standard,9660.60
93,Customer 93,customer93@example.com,FR,2019-03-10,Premium,1076.20
94,Customer 94,customer94@example.com,UK,2023-09-23,Basic,5236.10
95,Customer 95,customer95@example.com,IN,2024-06-14,Premium,4513.21
96,Customer 96,customer96@example.com,FR,2023-03-12,Basic,5927.04
97,Customer 97,customer97@example.com,IN,2019-09-10,Standard,9977.26
98,Customer 98,customer98@example.com,FR,2019-03-05,Standard,4218.16
99,Customer 99,customer99@example.com,US,2019-04-21,Basic,1502.58
100,Customer 100,customer100@example.com,DE,2021-11-06,Standard,7864.27
101,Customer 101,customer101@example.com,IN,2023-06-02,Standard,4814.01
102,Customer 102,customer102@example.com,FR,2023-01-28,Standard,765.03
103,Customer 103,customer103@example.com,US,2019-04-17,Premium,8506.88
104,Customer 104,customer104@example.com,CA,2019-03-24,Basic,8020.50
105,Customer 105,customer105@example.com,CA,2020-09-26,Basic,1827.09
106,Customer 106,customer106@example.com,UK,2021-09-17,Basic,4321.06
107,Customer 107,customer107@example.com,FR,2020-08-07,Standard,6334.63
108,Customer 108,customer108@example.com,UK,2022-11-06,Standard,389.00
109,Customer 109,customer109@example.com,IN,2020-03-19,Standard,5962.81
110,Customer 110,customer110@example.com,FR,2018-01-19,Basic,2226.48
111,Customer 111,customer111@example.com,DE,2018-09-14,Basic,1107.35
112,Customer 112,customer112@example.com,AU,2024-01-09,Premium,3721.35
113,Customer 113,customer113@example.com,UK,2023-02-18,Premium,2697.30
114,Customer 114,customer114@example.com,AU,2023-06-28,Basic,9662.57
115,Customer 115,customer115@example.com,DE,2024-09-11,Standard,6151.95
116,Customer 116,customer116@example.com,IN,2019-04-13,Standard,3584.65
117,Customer 117,customer117@example.com,FR,2024-12-03,Premium,8156.01
118,Customer 118,customer118@example.com,CA,2021-05-03,Basic,5942.67
119,Customer 119,customer119@example.com,CA,2019-07-03,Standard,1266.83
120,Customer 120,customer120@example.com,DE,2019-04-25,Premium,3795.73
121,Customer 121,customer121@example.com,UK,2023-09-24,Standard,4240.57
122,Customer 122,customer122@example.com,UK,2024-06-12,Standard,4288.08
123,Customer 123,customer123@example.com,FR,2024-01-11,Basic,9199.69
124,Customer 124,customer124@example.com,UK,2024-03-22,Premium,4947.46
125,Customer 125,customer125@example.com,UK,2020-02-06,Standard,8435.65
126,Customer 126,customer126@example.com,IN,2018-08-08,Standard,9523.24
127,Customer 127,customer127@example.com,FR,2019-07-14,Premium,8170.64
128,Customer 128,customer128@example.com,IN,2023-09-02,Basic,5000.20
129,Customer 129,customer129@example.com,CA,2023-07-08,Standard,7130.41
130,Customer 130,customer130@example.com,FR,2023-06-25,Premium,918.44
131,Customer 131,customer131@example.com,US,2020-06-22,Standard,423.68
132,Customer 132,customer132@example.com,UK,2024-01-12,Standard,1765.27
133,Customer 133,customer133@example.com,FR,2024-05-05,Basic,7748.22
134,Customer 134,customer134@example.com,FR,2024-03-01,Basic,1220.79
135,Customer 135,customer135@example.com,US,2021-01-02,Basic,8250.50
136,Customer 136,customer136@example.com,DE,2024-01-30,Premium,7624.04
137,Customer 137,customer137@example.com,FR,2024-02-16,Premium,9898.78
138,Customer 138,customer138@example.com,US,2020-10-10,Standard,8760.62
139,Customer 139,customer139@example.com,US,2023-01-17,Standard,3550.91
140,Customer 140,customer140@example.com,AU,2018-12-23,Standard,8666.38
141,Customer 141,customer141@example.com,US,2020-08-28,Premium,8125.96
142,Customer 142,customer142@example.com,IN,2021-12-07,Basic,6141.59
143,Customer 143,customer143@example.com,FR,2019-11-11,Basic,1478.43
144,Customer 144,customer144@example.com,UK,2020-04-27,Premium,5743.74
145,Customer 145,customer145@example.com,IN,2021-02-25,Basic,5433.81
146,Customer 146,customer146@example.com,DE,2021-04-13,Standard,5770.08
147,Customer 147,customer147@example.com,AU,2023-10-09,Basic,8170.29
148,Customer 148,customer148@example.com,UK,2022-08-13,Premium,9925.61
149,Customer 149,customer149@example.com,AU,2019-06-04,Basic,8674.18
150,Customer 150,customer150@example.com,UK,2019-08-23,Basic,3288.76
151,Customer 151,customer151@example.com,UK,2022-05-28,Standard,1507.50
152,Customer 152,customer152@example.com,CA,2021-01-05,Basic,4200.83
153,Customer 153,customer153@example.com,FR,2018-11-06,Basic,7966.53
154,Customer 154,customer154@example.com,AU,2019-01-17,Standard,5204.57
155,Customer 155,customer155@example.com,DE,2022-02-20,Standard,9507.52
156,Customer 156,customer156@example.com,DE,2024-07-11,Premium,8702.19
157,Customer 157,customer157@example.com,AU,2019-01-17,Basic,9724.29
158,Customer 158,customer158@example.com,CA,2022-01-07,Premium,7977.21
159,Customer 159,customer159@example.com,FR,2020-06-11,Standard,8265.99
160,Customer 160,customer160@example.com,FR,2021-01-04,Standard,8300.60
161,Customer 161,customer161@example.com,DE,2024-02-20,Basic,1392.88
162,Customer 162,customer162@example.com,AU,2023-06-11,Standard,8952.13
163,Customer 163,customer163@example.com,AU,2018-07-18,Premium,1085.79
164,Customer 164,customer164@example.com,AU,2023-02-26,Premium,1329.95
165,Customer 165,customer165@example.com,AU,2019-10-10,Standard,4619.53
166,Customer 166,customer166@example.com,FR,2020-04-08,Basic,9103.13
167,Customer 167,customer167@example.com,CA,2021-05-21,Premium,8756.79
168,Customer 168,customer168@example.com,DE,2019-01-18,Basic,3668.31
169,Customer 169,customer169@example.com,US,2022-03-04,Basic,9047.62
170,Customer 170,customer170@example.com,UK,2018-08-01,Standard,6293.48
171,Customer 171,customer171@example.com,CA,2020-08-17,Standard,6589.30
172,Customer 172,customer172@example.com,CA,2019-01-25,Premium,2212.87
173,Customer 173,customer173@example.com,US,2019-06-28,Basic,2339.29
174,Customer 174,customer174@example.com,CA,2022-12-28,Premium,179.82
175,Customer 175,customer175@example.com,DE,2019-05-09,Standard,6970.91
176,Customer 176,customer176@example.com,FR,2018-10-18,Premium,3892.39
177,Customer 177,customer177@example.com,CA,2019-02-24,Premium,3202.18
178,Customer 178,customer178@example.com,DE,2019-07-16,Standard,7757.26
179,Customer 179,customer179@example.com,AU,2019-06-30,Basic,9930.11
180,Customer 180,customer180@example.com,UK,2018-10-08,Basic,5676.58
181,Customer 181,customer181@example.com,IN,2019-11-04,Standard,3576.76
182,Customer 182,customer182@example.com,UK,2019-09-13,Standard,6199.15
183,Customer 183,customer183@example.com,FR,2020-06-08,Premium,8976.27
184,Customer 184,customer184@example.com,UK,2019-05-20,Basic,7327.09
185,Customer 185,customer185@example.com,DE,2022-10-25,Standard,7931.66
186,Customer 186,customer186@example.com,UK,2021-02-08,Basic,934.06
187,Customer 187,customer187@example.com,IN,2024-09-27,Basic,7239.68
188,Customer 188,customer188@example.com,DE,2018-04-20,Basic,8770.69
189,Customer 189,customer189@example.com,UK,2023-10-22,Basic,5144.27
190,Customer 190,customer190@example.com,CA,2022-05-24,Standard,6497.08
191,Customer 191,customer191@example.com,AU,2020-09-07,Standard,3920.27
192,Customer 192,customer192@example.com,UK,2023-08-09,Basic,5979.90
193,Customer 193,customer193@example.com,IN,2018-02-19,Standard,9345.85
194,Customer 194,customer194@example.com,UK,2022-05-04,Basic,4266.55
195,Customer 195,customer195@example.com,IN,2019-12-09,Standard,9549.08
196,Customer 196,customer196@example.com,AU,2018-10-26,Premium,5914.90
197,Customer 197,customer197@example.com,US,2020-12-09,Premium,494.29
198,Customer 198,customer198@example.com,US,2022-06-19,Basic,2936.23
199,Customer 199,customer199@example.com,CA,2023-08-15,Standard,4293.39
200,Customer 200,customer200@example.com,FR,2018-12-04,Basic,5411.99
201,Customer 201,customer201@example.com,IN,2019-09-18,Standard,927.61
202,Customer 202,customer202@example.com,US,2023-09-26,Premium,9745.70
203,Customer 203,customer203@example.com,UK,2024-01-07,Standard,3968.24
204,Customer 204,customer204@example.com,CA,2018-09-28,Standard,7016.89
205,Customer 205,customer205@example.com,CA,2020-09-04,Premium,2520.35
206,Customer 206,customer206@example.com,FR,2019-04-21,Standard,6161.74
207,Customer 207,customer207@example.com,US,2021-06-20,Basic,7442.77
208,Customer 208,customer208@example.com,CA,2019-12-21,Premium,225.38
209,Customer 209,customer209@example.com,UK,2018-02-16,Premium,5014.49
210,Customer 210,customer210@example.com,DE,2023-11-13,Basic,7851.57
211,Customer 211,customer211@example.com,CA,2020-11-27,Premium,3781.51
212,Customer 212,customer212@example.com,CA,2021-01-05,Basic,8875.51
213,Customer 213,customer213@example.com,AU,2018-05-01,Standard,8090.37
214,Customer 214,customer214@example.com,DE,2023-11-16,Premium,2703.20
215,Customer 215,customer215@example.com,IN,2018-11-12,Standard,4606.46
216,Customer 216,customer216@example.com,DE,2018-08-16,Standard,8607.66
217,Customer 217,customer217@example.com,UK,2022-02-15,Premium,2625.65
218,Customer 218,customer218@example.com,US,2024-06-08,Basic,7255.51
219,Customer 219,customer219@example.com,UK,2023-09-16,Premium,535.98
220,Customer 220,customer220@example.com,AU,2018-02-20,Premium,555.22
221,Customer 221,customer221@example.com,DE,2022-04-18,Premium,1871.71
222,Customer 222,customer222@example.com,AU,2018-05-25,Basic,8050.84
223,Customer 223,customer223@example.com,CA,2022-09-14,Premium,3285.84
224,Customer 224,customer224@example.com,FR,2021-08-03,Standard,8277.37
225,Customer 225,customer225@example.com,IN,2022-03-08,Premium,5070.21
226,Customer 226,customer226@example.com,US,2020-01-05,Premium,8062.95
227,Customer 227,customer227@example.com,US,2022-07-01,Premium,8782.21
228,Customer 228,customer228@example.com,AU,2021-03-02,Standard,3340.28
229,Customer 229,customer229@example.com,IN,2023-02-14,Premium,3752.30
230,Customer 230,customer230@example.com,DE,2024-04-28,Standard,7421.80
231,Customer 231,customer231@example.com,UK,2023-03-16,Standard,5957.74
232,Customer 232,customer232@example.com,FR,2020-03-11,Basic,9014.39
233,Customer 233,customer233@example.com,AU,2020-10-01,Premium,163.14
234,Customer 234,customer234@example.com,FR,2018-04-08,Premium,5461.30
235,Customer 235,customer235@example.com,CA,2018-02-09,Standard,114.47
236,Customer 236,customer236@example.com,CA,2022-03-22,Basic,7299.43
237,Customer 237,customer237@example.com,US,2020-04-20,Basic,9832.85
238,Customer 238,customer238@example.com,FR,2023-07-09,Premium,9728.34
239,Customer 239,customer239@example.com,UK,2021-02-20,Premium,534.61
240,Customer 240,customer240@example.com,UK,2023-10-30,Standard,7038.38
241,Customer 241,customer241@example.com,DE,2023-02-21,Basic,940.53
242,Customer 242,customer242@example.com,US,2023-09-02,Premium,6408.44
243,Customer 243,customer243@example.com,FR,2018-11-03,Basic,5721.43
244,Customer 244,customer244@example.com,FR,2019-06-20,Premium,2987.59
245,Customer 245,customer245@example.com,AU,2021-07-14,Standard,7037.18
246,Customer 246,customer246@example.com,CA,2021-08-29,Standard,4582.30
247,Customer 247,customer247@example.com,UK,2018-11-02,Premium,1447.51
248,Customer 248,customer248@example.com,AU,2024-07-22,Premium,1638.56
249,Customer 249,customer249@example.com,UK,2023-01-16,Standard,3208.93
250,Customer 250,customer250@example.com,US,2024-01-05,Standard,9649.88
251,Customer 251,customer251@example.com,UK,2023-01-26,Standard,4687.13
252,Customer 252,customer252@example.com,AU,2019-05-07,Premium,1660.39
253,Customer 253,customer253@example.com,CA,2021-05-31,Basic,6999.09
254,Customer 254,customer254@example.com,US,2020-05-30,Standard,1568.41
255,Customer 255,customer255@example.com,CA,2020-10-13,Standard,4022.82
256,Customer 256,customer256@example.com,US,2021-05-09,Standard,8218.89
257,Customer 257,customer257@example.com,UK,2018-05-08,Standard,8560.55
258,Customer 258,customer258@example.com,IN,2024-03-03,Premium,1037.78
259,Customer 259,customer259@example.com,US,2019-07-27,Premium,218.37
260,Customer 260,customer260@example.com,AU,2020-06-29,Premium,2061.52
261,Customer 261,customer261@example.com,FR,2022-03-05,Basic,6339.95
262,Customer 262,customer262@example.com,CA,2018-12-11,Basic,5902.58
263,Customer 263,customer263@example.com,AU,2018-11-04,Premium,9971.90
264,Customer 264,customer264@example.com,UK,2022-12-22,Premium,1010.59
265,Customer 265,customer265@example.com,AU,2021-09-20,Premium,522.69
266,Customer 266,customer266@example.com,FR,2018-07-27,Premium,9248.90
267,Customer 267,customer267@example.com,FR,2022-06-06,Standard,391.87
268,Customer 268,customer268@example.com,CA,2022-10-14,Premium,3604.04
269,Customer 269,customer269@example.com,UK,2021-01-31,Standard,4515.51
270,Customer 270,customer270@example.com,UK,2018-05-22,Basic,6229.85
271,Customer 271,customer271@example.com,UK,2021-04-23,Standard,4178.72
272,Customer 272,customer272@example.com,IN,2023-05-17,Premium,968.44
273,Customer 273,customer273@example.com,FR,2019-07-17,Standard,2074.63
274,Customer 274,customer274@example.com,AU,2023-11-24,Premium,6344.47
275,Customer 275,customer275@example.com,AU,2024-02-05,Premium,9895.10
276,Customer 276,customer276@example.com,AU,2022-01-10,Standard,5490.73
277,Customer 277,customer277@example.com,FR,2021-11-10,Basic,5073.69
278,Customer 278,customer278@example.com,FR,2021-01-12,Premium,358.02
279,Customer 279,customer279@example.com,IN,2020-06-16,Premium,8968.07
280,Customer 280,customer280@example.com,AU,2021-02-24,Premium,8105.67
281,Customer 281,customer281@example.com,FR,2023-12-09,Standard,7691.74
282,Customer 282,customer282@example.com,UK,2019-10-16,Premium,2553.78
283,Customer 283,customer283@example.com,UK,2020-12-27,Basic,8181.22
284,Customer 284,customer284@example.com,CA,2018-08-18,Premium,5799.35
285,Customer 285,customer285@example.com,AU,2022-05-10,Standard,9358.54
286,Customer 286,customer286@example.com,AU,2019-12-13,Premium,2441.86
287,Customer 287,customer287@example.com,DE,2022-01-09,Basic,379.25
288,Customer 288,customer288@example.com,CA,2021-12-11,Basic,5679.70
289,Customer 289,customer289@example.com,IN,2020-02-11,Standard,5467.03
290,Customer 290,customer290@example.com,UK,2023-07-02,Premium,993.55
291,Customer 291,customer291@example.com,UK,2024-09-30,Premium,297.29
292,Customer 292,customer292@example.com,FR,2018-01-03,Standard,9187.17
293,Customer 293,customer293@example.com,UK,2019-06-19,Standard,7197.68
294,Customer 294,customer294@example.com,AU,2021-08-18,Premium,316.94
295,Customer 295,customer295@example.com,IN,2019-08-04,Premium,8480.16
296,Customer 296,customer296@example.com,AU,2022-02-03,Premium,3798.55
297,Customer 297,customer297@example.com,CA,2022-06-09,Basic,1100.22
298,Customer 298,customer298@example.com,DE,2021-08-14,Premium,9761.02
299,Customer 299,customer299@example.com,CA,2022-11-25,Basic,9610.55
300,Customer 300,customer300@example.com,CA,2021-07-23,Premium,7101.11
301,Customer 301,customer301@example.com,IN,2024-11-18,Standard,2310.05
302,Customer 302,customer302@example.com,IN,2019-12-20,Standard,3137.55
303,Customer 303,customer303@example.com,CA,2021-04-21,Premium,1859.31
304,Customer 304,customer304@example.com,US,2024-06-04,Standard,8522.49
305,Customer 305,customer305@example.com,AU,2024-05-13,Premium,1902.61
306,Customer 306,customer306@example.com,DE,2024-11-09,Premium,6432.50
307,Customer 307,customer307@example.com,US,2023-07-26,Premium,3378.57
308,Customer 308,customer308@example.com,US,2020-09-01,Standard,9825.56
309,Customer 309,customer309@example.com,UK,2018-12-30,Basic,6733.24
310,Customer 310,customer310@example.com,CA,2021-10-07,Standard,212.82
311,Customer 311,customer311@example.com,UK,2020-10-19,Basic,771.17
312,Customer 312,customer312@example.com,DE,2019-03-19,Basic,112.68
313,Customer 313,customer313@example.com,FR,2022-11-30,Basic,4254.57
314,Customer 314,customer314@example.com,UK,2022-08-23,Standard,8829.53
315,Customer 315,customer315@example.com,DE,2024-02-15,Standard,1104.14
316,Customer 316,customer316@example.com,FR,2024-06-25,Basic,7606.61
317,Customer 317,customer317@example.com,UK,2019-10-29,Standard,829.72
318,Customer 318,customer318@example.com,AU,2018-05-17,Standard,298.77
319,Customer 319,customer319@example.com,DE,2019-03-05,Premium,3483.90
320,Customer 320,customer320@example.com,FR,2019-10-22,Basic,842.52
321,Customer 321,customer321@example.com,US,2021-10-16,Basic,9854.23
322,Customer 322,customer322@example.com,FR,2018-05-07,Standard,9430.18
323,Customer 323,customer323@example.com,UK,2024-10-23,Standard,1655.33
324,Customer 324,customer324@example.com,US,2021-09-18,Premium,9746.54
325,Customer 325,customer325@example.com,FR,2024-03-19,Basic,9263.18
326,Customer 326,customer326@example.com,IN,2020-12-22,Basic,2887.08
327,Customer 327,customer327@example.com,UK,2019-01-28,Premium,3989.73
328,Customer 328,customer328@example.com,IN,2023-07-04,Premium,639.60
329,Customer 329,customer329@example.com,US,2022-10-18,Premium,3016.04
330,Customer 330,customer330@example.com,CA,2024-09-24,Standard,2076.78
331,Customer 331,customer331@example.com,US,2020-04-27,Premium,6418.09
332,Customer 332,customer332@example.com,US,2023-04-24,Premium,3152.70
333,Customer 333,customer333@example.com,FR,2023-04-13,Standard,8959.29
334,Customer 334,customer334@example.com,DE,2019-01-09,Basic,5486.85
335,Customer 335,customer335@example.com,UK,2022-02-28,Standard,3757.08
336,Customer 336,customer336@example.com,FR,2018-07-02,Standard,4453.43
337,Customer 337,customer337@example.com,DE,2020-07-15,Standard,5686.04
338,Customer 338,customer338@example.com,UK,2019-02-01,Premium,6714.60
339,Customer 339,customer339@example.com,AU,2024-01-27,Standard,9709.98
340,Customer 340,customer340@example.com,IN,2020-07-20,Basic,703.74
341,Customer 341,customer341@example.com,FR,2023-11-11,Standard,9659.71
342,Customer 342,customer342@example.com,CA,2023-04-29,Basic,8828.37
343,Customer 343,customer343@example.com,FR,2021-05-09,Premium,4008.56
344,Customer 344,customer344@example.com,AU,2018-05-23,Basic,5755.08
345,Customer 345,customer345@example.com,IN,2024-05-29,Basic,9829.27
346,Customer 346,customer346@example.com,UK,2019-05-08,Standard,1811.50
347,Customer 347,customer347@example.com,UK,2020-05-17,Premium,1349.24
348,Customer 348,customer348@example.com,FR,2018-11-17,Basic,4410.39
349,Customer 349,customer349@example.com,AU,2019-08-29,Basic,2653.07
350,Customer 350,customer350@example.com,CA,2018-10-02,Premium,3942.18
351,Customer 351,customer351@example.com,FR,2024-03-11,Standard,8580.58
352,Customer 352,customer352@example.com,IN,2023-02-20,Premium,7886.85
353,Customer 353,customer353@example.com,IN,2024-08-03,Basic,7838.69
354,Customer 354,,US,2022-08-25,Premium,1567.18
355,Customer 355,customer355@example.com,IN,2024-07-14,Premium,9256.79
356,Customer 356,customer356@example.com,IN,2019-02-18,Standard,8688.01
357,Customer 357,customer357@example.com,DE,2022-08-11,Standard,3892.13
358,Customer 358,customer358@example.com,FR,2024-06-01,Basic,4783.16
359,Customer 359,customer359@example.com,UK,2021-02-02,Standard,1524.14
360,Customer 360,customer360@example.com,IN,2022-07-04,Premium,4018.35
361,Customer 361,customer361@example.com,DE,2020-08-31,Premium,7482.92
362,Customer 362,customer362@example.com,DE,2022-03-06,Premium,3444.87
363,Customer 363,customer363@example.com,AU,2021-05-26,Standard,2875.43
364,Customer 364,customer364@example.com,FR,2019-02-07,Premium,1430.42
365,Customer 365,customer365@example.com,CA,2022-12-20,Standard,2767.26
366,Customer 366,,FR,2024-10-13,Basic,983.94
367,Customer 367,customer367@example.com,FR,2020-05-15,Standard,7435.35
368,Customer 368,customer368@example.com,AU,2023-10-17,Standard,8228.07
369,Customer 369,customer369@example.com,IN,2019-10-14,Premium,3180.12
370,Customer 370,customer370@example.com,IN,2022-07-11,Premium,7827.11
371,Customer 371,customer371@example.com,IN,2024-05-18,Premium,1820.00
372,Customer 372,customer372@example.com,AU,2020-04-02,Premium,2569.95
373,Customer 373,customer373@example.com,FR,2018-07-27,Standard,7075.88
374,Customer 374,customer374@example.com,DE,2022-02-17,Standard,5100.75
375,Customer 375,customer375@example.com,CA,2019-05-23,Basic,402.58
376,Customer 376,customer376@example.com,DE,2023-06-26,Basic,4516.42
377,Customer 377,customer377@example.com,AU,2023-04-28,Basic,5558.20
378,Customer 378,customer378@example.com,DE,2019-11-01,Standard,7514.72
379,Customer 379,customer379@example.com,CA,2019-01-06,Standard,371.76
380,Customer 380,customer380@example.com,US,2019-10-30,Basic,7820.32
381,Customer 381,customer381@example.com,UK,2020-06-25,Basic,2328.61
382,Customer 382,customer382@example.com,UK,2021-01-07,Basic,4154.12
383,Customer 383,customer383@example.com,US,2018-02-06,Standard,9124.00
384,Customer 384,customer384@example.com,CA,2019-12-11,Basic,8028.56
385,Customer 385,customer385@example.com,UK,2020-10-30,Basic,8070.35
386,Customer 386,customer386@example.com,DE,2021-02-01,Standard,8965.28
387,Customer 387,customer387@example.com,AU,2021-11-29,Standard,2594.79
388,Customer 388,customer388@example.com,FR,2021-05-22,Basic,5254.32
389,Customer 389,customer389@example.com,IN,2022-06-15,Basic,1112.89
390,Customer 390,customer390@example.com,IN,2022-03-13,Basic,6508.69
391,Customer 391,customer391@example.com,IN,2021-03-03,Standard,6875.69
392,Customer 392,customer392@example.com,FR,2018-09-19,Standard,9884.77
393,Customer 393,customer393@example.com,CA,2021-08-24,Standard,2685.35
394,Customer 394,customer394@example.com,CA,2021-05-08,Premium,1584.30
395,Customer 395,customer395@example.com,AU,2020-09-11,Premium,8073.76
396,Customer 396,customer396@example.com,AU,2024-09-23,Standard,6639.25
397,Customer 397,customer397@example.com,CA,2019-07-28,Basic,352.01
398,Customer 398,customer398@example.com,FR,2021-04-25,Standard,9078.42
399,Customer 399,customer399@example.com,FR,2022-05-10,Basic,449.66
400,Customer 400,customer400@example.com,CA,2024-06-01,Premium,3497.35
401,Customer 401,customer401@example.com,CA,2020-06-29,Basic,5392.89
402,Customer 402,customer402@example.com,AU,2023-05-03,Basic,3649.12
403,Customer 403,customer403@example.com,DE,2019-11-28,Basic,8777.30
404,Customer 404,customer404@example.com,UK,2021-04-18,Premium,4760.73
405,Customer 405,customer405@example.com,CA,2020-11-25,Basic,8102.60
406,Customer 406,customer406@example.com,AU,2020-01-20,Basic,9005.95
407,Customer 407,customer407@example.com,CA,2019-01-01,Premium,3617.31
408,Customer 408,customer408@example.com,CA,2021-06-11,Standard,7902.10
409,Customer 409,customer409@example.com,DE,2022-03-03,Standard,5897.15
410,Customer 410,customer410@example.com,FR,2019-04-28,Standard,631.40
411,Customer 411,customer411@example.com,CA,2024-07-18,Basic,9448.58
412,Customer 412,customer412@example.com,US,2023-04-19,Premium,5054.73
413,Customer 413,customer413@example.com,AU,2022-04-13,Basic,3053.72
414,Customer 414,customer414@example.com,US,2019-09-10,Premium,9924.24
415,Customer 415,customer415@example.com,DE,2022-08-04,Basic,8939.17
416,Customer 416,customer416@example.com,FR,2019-08-10,Standard,8637.70
417,Customer 417,customer417@example.com,UK,2018-11-28,Standard,3393.03
418,Customer 418,customer418@example.com,UK,2021-07-07,Basic,674.33
419,Customer 419,customer419@example.com,FR,2021-01-25,Premium,7635.81
420,Customer 420,customer420@example.com,UK,2024-06-18,Premium,4946.81
421,Customer 421,customer421@example.com,AU,2018-12-27,Premium,6183.35
422,Customer 422,customer422@example.com,CA,2022-10-25,Standard,4347.35
423,Customer 423,customer423@example.com,FR,2022-04-20,Premium,473.48
424,Customer 424,customer424@example.com,UK,2022-03-09,Premium,8930.86
425,Customer 425,customer425@example.com,AU,2023-12-16,Premium,277.37
426,Customer 426,customer426@example.com,US,2020-10-16,Premium,6965.89
427,Customer 427,customer427@example.com,DE,2021-07-02,Premium,1116.81
428,Customer 428,customer428@example.com,IN,2024-08-08,Standard,1753.50
429,Customer 429,customer429@example.com,AU,2018-07-07,Standard,9489.79
430,Customer 430,customer430@example.com,FR,2023-11-02,Basic,5288.76
431,Customer 431,customer431@example.com,FR,2019-07-03,Standard,9961.78
432,Customer 432,customer432@example.com,FR,2022-01-11,Premium,1732.35
433,Customer 433,customer433@example.com,AU,2022-07-11,Premium,2361.34
434,Customer 434,customer434@example.com,CA,2019-06-22,Premium,7367.36
435,Customer 435,customer435@example.com,IN,2023-08-29,Premium,1319.30
436,Customer 436,customer436@example.com,CA,2018-06-03,Standard,8777.79
437,Customer 437,customer437@example.com,DE,2023-12-31,Basic,581.01
438,Customer 438,customer438@example.com,US,2019-03-19,Basic,8377.59
439,Customer 439,customer439@example.com,US,2019-04-20,Standard,4498.71
440,Customer 440,customer440@example.com,US,2024-02-20,Standard,4796.52
441,Customer 441,customer441@example.com,UK,2020-04-21,Basic,6888.83
442,Customer 442,customer442@example.com,US,2021-05-18,Standard,6650.48
443,Customer 443,customer443@example.com,CA,2023-11-02,Standard,6265.70
444,Customer 444,customer444@example.com,CA,2019-07-16,Standard,8323.46
445,Customer 445,customer445@example.com,US,2023-09-27,Basic,6215.21
446,Customer 446,customer446@example.com,DE,2019-04-12,Premium,5027.62
447,Customer 447,customer447@example.com,IN,2020-03-29,Standard,8331.84
448,Customer 448,customer448@example.com,UK,2022-01-06,Basic,4156.59
449,Customer 449,customer449@example.com,UK,2018-06-11,Basic,5013.91
450,Customer 450,customer450@example.com,UK,2023-05-23,Standard,2421.60
451,Customer 451,customer451@example.com,US,2018-12-31,Premium,8368.80
452,Customer 452,customer452@example.com,CA,2023-07-17,Premium,9499.52
453,Customer 453,customer453@example.com,AU,2023-09-27,Premium,7263.28
454,Customer 454,customer454@example.com,US,2020-11-14,Basic,2388.49
455,Customer 455,customer455@example.com,DE,2020-12-17,Standard,595.79
456,Customer 456,customer456@example.com,AU,2019-12-17,Premium,8537.26
457,Customer 457,customer457@example.com,DE,2021-07-04,Standard,7411.55
458,Customer 458,customer458@example.com,US,2018-07-07,Premium,8534.79
459,Customer 459,customer459@example.com,CA,2019-11-30,Standard,3639.52
460,Customer 460,customer460@example.com,FR,2024-12-21,Standard,8796.91
461,Customer 461,customer461@example.com,US,2022-03-07,Standard,1910.41
462,Customer 462,customer462@example.com,FR,2022-06-28,Standard,2791.15
463,Customer 463,customer463@example.com,FR,2023-05-13,Standard,6523.58
464,Customer 464,customer464@example.com,AU,2019-11-15,Premium,1411.86
465,Customer 465,customer465@example.com,CA,2018-08-29,Premium,1126.76
466,Customer 466,customer466@example.com,IN,2023-06-01,Basic,6816.09
467,Customer 467,customer467@example.com,UK,2024-11-08,Standard,7813.73
468,Customer 468,customer468@example.com,IN,2018-04-29,Basic,8811.51
469,Customer 469,customer469@example.com,CA,2019-06-20,Standard,9211.94
470,Customer 470,customer470@example.com,US,2022-08-12,Standard,555.13
471,Customer 471,customer471@example.com,DE,2021-07-11,Premium,7075.22
472,Customer 472,customer472@example.com,CA,2023-11-20,Basic,5808.83
473,Customer 473,customer473@example.com,IN,2020-07-06,Basic,8744.12
474,Customer 474,customer474@example.com,IN,2023-11-13,Basic,7035.74
475,Customer 475,customer475@example.com,US,2022-11-08,Basic,7293.85
476,Customer 476,customer476@example.com,FR,2021-11-17,Basic,6795.33
477,Customer 477,customer477@example.com,FR,2019-09-01,Basic,8931.41
478,Customer 478,customer478@example.com,IN,2018-08-12,Premium,6469.65
479,Customer 479,customer479@example.com,UK,2023-09-02,Standard,8533.52
480,Customer 480,customer480@example.com,AU,2019-11-09,Premium,7539.16
481,Customer 481,customer481@example.com,DE,2020-09-13,Standard,9704.44
482,Customer 482,customer482@example.com,US,2023-09-08,Premium,5549.91
483,Customer 483,customer483@example.com,FR,2022-07-10,Premium,880.42
484,Customer 484,customer484@example.com,FR,2024-06-05,Standard,971.40
485,Customer 485,customer485@example.com,FR,2023-01-06,Standard,1275.20
486,Customer 486,customer486@example.com,FR,2018-03-14,Premium,4094.05
487,Customer 487,customer487@example.com,US,2024-04-01,Basic,101.68
488,Customer 488,customer488@example.com,US,2024-10-10,Basic,6411.63
489,Customer 489,customer489@example.com,IN,2024-04-22,Premium,6580.50
490,Customer 490,customer490@example.com,FR,2021-10-28,Standard,8270.58
491,Customer 491,customer491@example.com,AU,2020-07-02,Standard,3386.53
492,Customer 492,customer492@example.com,AU,2024-12-13,Basic,4784.02
493,Customer 493,customer493@example.com,CA,2022-01-28,Basic,4580.07
494,Customer 494,customer494@example.com,US,2020-06-27,Premium,3479.44
495,Customer 495,customer495@example.com,AU,2021-04-10,Basic,5267.65
496,Customer 496,customer496@example.com,CA,2019-03-12,Premium,8979.08
497,Customer 497,customer497@example.com,FR,2019-07-30,Basic,7450.86
498,Customer 498,customer498@example.com,FR,2019-03-15,Standard,6147.43
499,Customer 499,customer499@example.com,UK,2019-05-10,Standard,2234.34
500,Customer 500,customer500@example.com,AU,2020-02-20,Basic,3445.54
501,Customer 501,customer501@example.com,AU,2022-08-25,Premium,9273.60
502,Customer 502,customer502@example.com,AU,2024-08-08,Premium,7744.24
503,Customer 503,customer503@example.com,FR,2023-02-17,Basic,5934.23
504,Customer 504,customer504@example.com,IN,2019-07-06,Standard,142.94
505,Customer 505,customer505@example.com,CA,2018-07-18,Basic,9359.55
506,Customer 506,customer506@example.com,AU,2024-07-24,Standard,9251.27
507,Customer 507,customer507@example.com,AU,2019-12-27,Basic,5827.69
508,Customer 508,customer508@example.com,CA,2019-06-10,Premium,3935.32
509,Customer 509,customer509@example.com,IN,2024-10-18,Standard,5090.69
510,Customer 510,customer510@example.com,FR,2022-09-11,Basic,9167.51
511,Customer 511,customer511@example.com,AU,2020-10-13,Standard,4038.91
512,Customer 512,customer512@example.com,DE,2021-04-19,Standard,8067.49
513,Customer 513,customer513@example.com,UK,2022-08-18,Basic,7030.14
514,Customer 514,customer514@example.com,CA,2023-09-30,Standard,8446.44
515,Customer 515,customer515@example.com,IN,2021-07-09,Basic,7394.50
516,Customer 516,customer516@example.com,IN,2020-06-09,Premium,2176.16
517,Customer 517,customer517@example.com,CA,2021-04-05,Basic,3518.41
518,Customer 518,customer518@example.com,CA,2019-06-28,Basic,6535.86
519,Customer 519,customer519@example.com,UK,2023-08-26,Basic,6973.69
520,Customer 520,customer520@example.com,DE,2019-04-18,Standard,5666.57
521,Customer 521,customer521@example.com,IN,2024-05-26,Basic,7130.22
522,Customer 522,customer522@example.com,CA,2023-12-27,Standard,8787.02
523,Customer 523,customer523@example.com,FR,2018-02-22,Basic,1154.06
524,Customer 524,customer524@example.com,FR,2019-08-19,Premium,6735.52
525,Customer 525,customer525@example.com,UK,2020-12-29,Premium,9836.97
526,Customer 526,customer526@example.com,CA,2020-10-23,Premium,8409.88
527,Customer 527,customer527@example.com,CA,2021-04-23,Premium,7560.58
528,Customer 528,customer528@example.com,US,2022-01-09,Standard,1114.55
529,Customer 529,customer529@example.com,AU,2024-04-20,Premium,7449.89
530,Customer 530,customer530@example.com,IN,2022-05-12,Premium,5158.13
531,Customer 531,customer531@example.com,AU,2021-03-24,Basic,6678.49
532,Customer 532,customer532@example.com,FR,2022-05-07,Standard,9571.35
533,Customer 533,customer533@example.com,CA,2021-07-04,Basic,632.64
534,Customer 534,customer534@example.com,CA,2020-10-26,Premium,6243.56
535,Customer 535,customer535@example.com,AU,2022-12-20,Premium,9123.72
536,Customer 536,customer536@example.com,CA,2022-02-15,Basic,5511.49
537,Customer 537,customer537@example.com,IN,2020-03-15,Basic,9646.47
538,Customer 538,customer538@example.com,DE,2023-01-13,Premium,9836.19
539,Customer 539,customer539@example.com,US,2020-02-05,Premium,7377.29
540,Customer 540,customer540@example.com,US,2022-03-26,Premium,4342.23
541,Customer 541,customer541@example.com,IN,2020-12-18,Premium,1693.20
542,Customer 542,customer542@example.com,AU,2020-11-10,Premium,3372.57
543,Customer 543,customer543@example.com,CA,2019-09-27,Premium,1621.66
544,Customer 544,customer544@example.com,DE,2024-09-10,Premium,7759.24
545,Customer 545,customer545@example.com,CA,2024-11-26,Basic,3081.43
546,Customer 546,customer546@example.com,AU,2024-06-03,Basic,3645.05
547,Customer 547,customer547@example.com,AU,2021-07-25,Basic,2277.62
548,Customer 548,customer548@example.com,UK,2023-11-03,Premium,7883.96
549,Customer 549,customer549@example.com,UK,2022-08-31,Basic,5416.66
550,Customer 550,customer550@example.com,US,2021-12-02,Premium,8845.63
551,Customer 551,customer551@example.com,CA,2021-09-21,Standard,3671.90
552,Customer 552,customer552@example.com,UK,2024-12-07,Basic,4801.09
553,Customer 553,customer553@example.com,IN,2018-02-06,Premium,6722.49
554,Customer 554,customer554@example.com,FR,2020-09-11,Basic,6175.64
555,Customer 555,customer555@example.com,IN,2020-09-25,Premium,6857.26
556,Customer 556,customer556@example.com,DE,2022-04-12,Premium,3920.17
557,Customer 557,customer557@example.com,IN,2021-03-04,Premium,9122.23
558,Customer 558,customer558@example.com,AU,2022-03-16,Basic,8047.89
559,Customer 559,customer559@example.com,FR,2023-06-17,Premium,3034.70
560,Customer 560,customer560@example.com,CA,2020-02-28,Standard,5187.56
561,Customer 561,customer561@example.com,US,2019-11-17,Basic,5378.74
562,Customer 562,customer562@example.com,CA,2018-09-26,Premium,6736.32
563,Customer 563,customer563@example.com,AU,2020-05-23,Basic,4299.67
564,Customer 564,customer564@example.com,US,2020-04-22,Basic,8304.61
565,Customer 565,customer565@example.com,CA,2022-11-18,Basic,8185.87
566,Customer 566,customer566@example.com,US,2019-09-22,Premium,4646.33
567,Customer 567,customer567@example.com,DE,2018-06-05,Premium,825.16
568,Customer 568,customer568@example.com,UK,2020-10-28,Basic,797.38
569,Customer 569,customer569@example.com,AU,2020-07-21,Standard,4135.56
570,Customer 570,customer570@example.com,FR,2022-07-15,Standard,3232.40
571,Customer 571,customer571@example.com,FR,2019-04-30,Basic,158.40
572,Customer 572,customer572@example.com,CA,2024-12-07,Premium,7584.01
573,Customer 573,customer573@example.com,IN,2018-07-06,Basic,8497.69
574,Customer 574,customer574@example.com,DE,2023-08-22,Premium,2969.38
575,Customer 575,customer575@example.com,CA,2021-05-19,Basic,956.40
576,Customer 576,customer576@example.com,AU,2022-11-28,Standard,4011.62
577,Customer 577,customer577@example.com,CA,2018-05-07,Standard,1647.60
578,Customer 578,customer578@example.com,UK,2019-07-13,Basic,3970.83
579,Customer 579,customer579@example.com,AU,2024-02-14,Standard,9605.33
580,Customer 580,customer580@example.com,UK,2021-05-05,Basic,8881.08
581,Customer 581,customer581@example.com,AU,2022-03-09,Premium,5579.89
582,Customer 582,customer582@example.com,IN,2019-08-03,Premium,513.55
583,Customer 583,customer583@example.com,IN,2024-09-09,Standard,5417.81
584,Customer 584,customer584@example.com,US,2021-06-02,Premium,7508.14
585,Customer 585,customer585@example.com,CA,2021-11-09,Premium,4185.28
586,Customer 586,customer586@example.com,CA,2023-10-01,Premium,1693.45
587,Customer 587,customer587@example.com,UK,2024-12-01,Standard,2023.83
588,Customer 588,customer588@example.com,UK,2024-05-12,Premium,8528.74
589,Customer 589,customer589@example.com,IN,2023-03-05,Basic,5541.68
590,Customer 590,customer590@example.com,DE,2018-10-03,Standard,1072.20
591,Customer 591,customer591@example.com,CA,2024-07-06,Standard,9520.25
592,Customer 592,customer592@example.com,DE,2019-06-10,Basic,6589.18
593,Customer 593,customer593@example.com,US,2021-03-13,Basic,791.11
594,Customer 594,customer594@example.com,UK,2021-07-25,Standard,4561.40
595,Customer 595,customer595@example.com,IN,2021-06-06,Basic,5883.28
596,Customer 596,customer596@example.com,IN,2024-05-10,Standard,8096.23
597,Customer 597,customer597@example.com,FR,2019-11-22,Premium,3200.83
598,Customer 598,customer598@example.com,AU,2020-06-26,Basic,7424.18
599,Customer 599,customer599@example.com,FR,2021-02-07,Standard,1429.63
600,Customer 600,customer600@example.com,CA,2021-09-20,Standard,4682.20
601,Customer 601,customer601@example.com,DE,2021-06-05,Standard,5561.55
602,Customer 602,customer602@example.com,UK,2024-10-20,Premium,8433.75
603,Customer 603,customer603@example.com,AU,2019-07-28,Basic,2044.68
604,Customer 604,customer604@example.com,CA,2018-11-10,Basic,846.46
605,Customer 605,customer605@example.com,US,2023-09-09,Basic,408.82
606,Customer 606,customer606@example.com,IN,2024-06-29,Standard,7715.08
607,Customer 607,customer607@example.com,UK,2018-05-31,Basic,2680.10
608,Customer 608,customer608@example.com,IN,2023-04-18,Basic,7774.45
609,Customer 609,customer609@example.com,DE,2022-05-27,Premium,8925.23
610,Customer 610,customer610@example.com,IN,2021-04-06,Premium,4700.54
611,Customer 611,customer611@example.com,IN,2019-01-06,Standard,3702.27
612,Customer 612,customer612@example.com,US,2020-09-05,Basic,6873.20
613,Customer 613,customer613@example.com,AU,2023-10-07,Premium,4517.58
614,Customer 614,customer614@example.com,UK,2024-05-08,Basic,6628.19
615,Customer 615,customer615@example.com,UK,2023-06-04,Standard,500.16
616,Customer 616,customer616@example.com,AU,2023-06-21,Premium,722.33
617,Customer 617,customer617@example.com,DE,2020-08-16,Premium,6719.00
618,Customer 618,customer618@example.com,IN,2022-01-19,Standard,4749.77
619,Customer 619,customer619@example.com,FR,2018-07-10,Premium,9807.84
620,Customer 620,customer620@example.com,DE,2019-02-27,Basic,9687.57
621,Customer 621,customer621@example.com,CA,2021-01-25,Basic,2706.83
622,Customer 622,customer622@example.com,IN,2024-05-24,Premium,3828.93
623,Customer 623,customer623@example.com,FR,2022-02-05,Basic,6568.03
624,Customer 624,customer624@example.com,AU,2018-11-15,Basic,2590.71
625,Customer 625,customer625@example.com,UK,2023-10-17,Standard,3593.69
626,Customer 626,customer626@example.com,AU,2021-11-14,Standard,7947.31
627,Customer 627,customer627@example.com,IN,2018-01-28,Basic,8832.14
628,Customer 628,customer628@example.com,FR,2019-11-10,Premium,863.17
629,Customer 629,customer629@example.com,CA,2021-02-24,Premium,1587.38
630,Customer 630,customer630@example.com,UK,2022-01-23,Basic,7201.30
631,Customer 631,customer631@example.com,US,2020-08-01,Standard,8130.61
632,Customer 632,customer632@example.com,CA,2019-04-10,Standard,6784.77
633,Customer 633,customer633@example.com,FR,2020-05-13,Basic,1696.34
634,Customer 634,customer634@example.com,AU,2022-08-11,Premium,2512.34
635,Customer 635,customer635@example.com,UK,2024-06-07,Basic,1695.18
636,Customer 636,customer636@example.com,CA,2023-10-01,Premium,8918.90
637,Customer 637,customer637@example.com,UK,2018-08-18,Premium,2656.77
638,Customer 638,customer638@example.com,UK,2023-10-18,Standard,6033.64
639,Customer 639,customer639@example.com,IN,2018-03-18,Basic,7306.95
640,Customer 640,customer640@example.com,AU,2021-03-07,Premium,2244.27
641,Customer 641,customer641@example.com,IN,2023-04-15,Standard,1788.61
642,Customer 642,customer642@example.com,AU,2022-08-10,Basic,1512.85
643,Customer 643,customer643@example.com,IN,2020-01-15,Basic,6630.52
644,Customer 644,customer644@example.com,DE,2019-11-18,Basic,6887.35
645,Customer 645,customer645@example.com,FR,2024-09-09,Basic,781.54
646,Customer 646,customer646@example.com,FR,2022-04-28,Premium,1174.84
647,Customer 647,customer647@example.com,UK,2023-11-12,Basic,6875.24
648,Customer 648,customer648@example.com,AU,2019-09-05,Basic,1053.36
649,Customer 649,customer649@example.com,FR,2024-11-23,Basic,486.46
650,Customer 650,customer650@example.com,AU,2023-12-17,Basic,7548.59
651,Customer 651,customer651@example.com,US,2023-05-30,Basic,1390.26
652,Customer 652,customer652@example.com,IN,2024-01-18,Premium,8979.99
653,Customer 653,customer653@example.com,AU,2022-11-03,Basic,4264.77
654,Customer 654,customer654@example.com,AU,2018-06-27,Basic,5345.18
655,Customer 655,customer655@example.com,UK,2023-05-29,Standard,3570.13
656,Customer 656,customer656@example.com,AU,2024-06-17,Premium,4312.35
657,Customer 657,customer657@example.com,DE,2023-05-09,Premium,9109.85
658,Customer 658,customer658@example.com,US,2021-03-06,Basic,8779.99
659,Customer 659,customer659@example.com,FR,2020-11-21,Premium,154.15
660,Customer 660,customer660@example.com,CA,2018-01-30,Basic,5273.15
661,Customer 661,customer661@example.com,IN,2018-01-30,Standard,6580.01
662,Customer 662,customer662@example.com,CA,2021-07-17,Standard,3686.47
663,Customer 663,customer663@example.com,UK,2022-10-12,Basic,5895.16
664,Customer 664,customer664@example.com,DE,2024-01-05,Standard,5690.24
665,Customer 665,customer665@example.com,IN,2021-02-02,Basic,4034.80
666,Customer 666,customer666@example.com,UK,2022-08-20,Basic,7859.51
667,Customer 667,customer667@example.com,FR,2020-01-03,Standard,5635.03
668,Customer 668,customer668@example.com,FR,2020-11-05,Standard,5818.75
669,Customer 669,customer669@example.com,AU,2022-06-19,Basic,1466.88
670,Customer 670,customer670@example.com,AU,2019-05-03,Basic,2374.74
671,Customer 671,customer671@example.com,AU,2019-10-25,Premium,2223.14
672,Customer 672,customer672@example.com,FR,2021-10-18,Basic,6178.85
673,Customer 673,customer673@example.com,CA,2018-08-02,Premium,3952.13
674,Customer 674,customer674@example.com,CA,2018-01-22,Premium,8250.23
675,Customer 675,customer675@example.com,FR,2024-09-24,Standard,972.59
676,Customer 676,customer676@example.com,DE,2020-06-27,Standard,892.39
677,Customer 677,customer677@example.com,US,2022-04-24,Standard,6178.26
678,Customer 678,customer678@example.com,IN,2021-03-19,Basic,9638.95
679,Customer 679,customer679@example.com,US,2019-12-19,Basic,4994.25
680,Customer 680,customer680@example.com,US,2020-04-06,Basic,9314.51
681,Customer 681,customer681@example.com,IN,2021-03-17,Premium,432.73
682,Customer 682,customer682@example.com,IN,2023-09-23,Basic,7014.65
683,Customer 683,customer683@example.com,IN,2019-11-26,Basic,457.01
684,Customer 684,customer684@example.com,UK,2018-01-02,Premium,959.74
685,Customer 685,customer685@example.com,DE,2022-06-25,Standard,6729.65
686,Customer 686,customer686@example.com,FR,2024-07-28,Premium,5225.65
687,Customer 687,customer687@example.com,CA,2018-10-09,Premium,5540.97
688,Customer 688,customer688@example.com,CA,2024-04-09,Basic,3546.14
689,Customer 689,customer689@example.com,AU,2021-02-06,Premium,6103.00
690,Customer 690,customer690@example.com,UK,2023-02-06,Standard,5791.58
691,Customer 691,customer691@example.com,DE,2019-12-18,Standard,5111.76
692,Customer 692,customer692@example.com,IN,2018-10-24,Basic,3013.09
693,Customer 693,customer693@example.com,US,2023-10-04,Standard,8773.52
694,Customer 694,customer694@example.com,AU,2024-06-12,Standard,6972.50
695,Customer 695,customer695@example.com,FR,2024-04-25,Standard,7722.68
696,Customer 696,customer696@example.com,AU,2021-10-23,Standard,6847.79
697,Customer 697,customer697@example.com,IN,2018-04-23,Standard,1251.06
698,Customer 698,customer698@example.com,US,2022-04-17,Basic,7907.69
699,Customer 699,customer699@example.com,UK,2020-07-30,Standard,4183.02
700,Customer 700,customer700@example.com,DE,2023-10-17,Basic,196.26
701,Customer 701,customer701@example.com,AU,2020-12-14,Premium,2944.17
702,Customer 702,customer702@example.com,FR,2021-11-01,Premium,5590.06
703,Customer 703,customer703@example.com,UK,2023-05-06,Standard,3600.03
704,Customer 704,customer704@example.com,IN,2021-01-07,Premium,9476.47
705,Customer 705,customer705@example.com,CA,2020-02-18,Standard,7397.41
706,Customer 706,customer706@example.com,UK,2020-09-18,Standard,2147.11
707,Customer 707,customer707@example.com,UK,2020-10-19,Basic,3624.67
708,Customer 708,customer708@example.com,AU,2019-03-13,Premium,9209.86
709,Customer 709,customer709@example.com,CA,2023-07-11,Basic,165.57
710,Customer 710,customer710@example.com,AU,2024-01-27,Premium,8495.30
711,Customer 711,customer711@example.com,DE,2024-12-17,Standard,4974.17
712,Customer 712,customer712@example.com,IN,2021-01-30,Standard,1910.43
713,Customer 713,customer713@example.com,AU,2023-09-25,Standard,4039.01
714,Customer 714,customer714@example.com,AU,2024-06-20,Premium,636.07
715,Customer 715,customer715@example.com,AU,2022-09-30,Standard,9402.58
716,Customer 716,customer716@example.com,US,2023-08-21,Standard,3997.80
717,Customer 717,customer717@example.com,CA,2019-12-17,Standard,9767.42
718,Customer 718,customer718@example.com,CA,2023-10-24,Standard,3224.95
719,Customer 719,customer719@example.com,US,2018-02-18,Basic,2186.45
720,Customer 720,customer720@example.com,IN,2019-02-17,Standard,3679.86
721,Customer 721,customer721@example.com,AU,2020-11-29,Premium,5530.78
722,Customer 722,customer722@example.com,UK,2021-01-08,Standard,9589.42
723,Customer 723,customer723@example.com,DE,2022-02-07,Premium,5037.82
724,Customer 724,customer724@example.com,UK,2022-09-13,Basic,7546.74
725,Customer 725,customer725@example.com,DE,2022-06-29,Standard,4562.22
726,Customer 726,customer726@example.com,IN,2019-06-22,Basic,6891.52
727,Customer 727,customer727@example.com,AU,2019-02-14,Basic,2772.50
728,Customer 728,customer728@example.com,UK,2024-03-24,Standard,8577.46
729,Customer 729,customer729@example.com,UK,2019-08-21,Basic,1580.53
730,Customer 730,customer730@example.com,AU,2018-02-09,Premium,4273.05
731,Customer 731,customer731@example.com,UK,2023-10-19,Basic,7233.55
732,Customer 732,customer732@example.com,AU,2023-06-17,Standard,2584.64
733,Customer 733,customer733@example.com,AU,2024-05-14,Premium,4044.18
734,Customer 734,customer734@example.com,CA,2019-11-01,Premium,2233.13
735,Customer 735,customer735@example.com,DE,2023-05-06,Basic,1053.39
736,Customer 736,customer736@example.com,CA,2021-10-02,Standard,3673.52
737,Customer 737,customer737@example.com,IN,2024-04-02,Standard,3506.99
738,Customer 738,customer738@example.com,FR,2019-05-12,Standard,8686.95
739,Customer 739,customer739@example.com,IN,2020-03-25,Basic,5801.36
740,Customer 740,customer740@example.com,CA,2024-01-15,Premium,9795.79
741,Customer 741,customer741@example.com,DE,2021-12-25,Standard,6764.61
742,Customer 742,customer742@example.com,FR,2023-01-05,Premium,3872.60
743,Customer 743,customer743@example.com,DE,2023-03-15,Basic,9570.28
744,Customer 744,customer744@example.com,AU,2019-11-18,Basic,8096.40
745,Customer 745,customer745@example.com,DE,2022-09-24,Basic,6161.87
746,Customer 746,customer746@example.com,FR,2018-10-20,Premium,1703.79
747,Customer 747,customer747@example.com,UK,2021-07-08,Standard,6564.83
748,Customer 748,customer748@example.com,CA,2020-12-31,Basic,6481.98
749,Customer 749,customer749@example.com,DE,2022-12-28,Standard,7504.17
750,Customer 750,customer750@example.com,IN,2023-01-19,Standard,1756.45
751,Customer 751,customer751@example.com,AU,2018-04-05,Premium,7304.95
752,Customer 752,customer752@example.com,CA,2020-10-27,Basic,7036.90
753,Customer 753,customer753@example.com,US,2020-05-12,Premium,4030.75
754,Customer 754,customer754@example.com,US,2018-09-19,Standard,5529.49
755,Customer 755,customer755@example.com,US,2022-06-15,Basic,7673.46
756,Customer 756,customer756@example.com,US,2019-03-02,Standard,6219.21
757,Customer 757,customer757@example.com,US,2022-05-16,Standard,2370.62
758,Customer 758,customer758@example.com,CA,2021-03-09,Standard,6302.16
759,Customer 759,customer759@example.com,UK,2023-11-28,Premium,382.86
760,Customer 760,customer760@example.com,CA,2022-01-01,Standard,8655.99
761,Customer 761,customer761@example.com,FR,2024-01-24,Standard,5530.60
762,Customer 762,customer762@example.com,UK,2024-01-18,Premium,5949.23
763,Customer 763,customer763@example.com,FR,2024-04-29,Standard,5282.25
764,Customer 764,customer764@example.com,CA,2023-12-27,Standard,9098.34
765,Customer 765,customer765@example.com,FR,2024-01-20,Premium,8066.61
766,Customer 766,customer766@example.com,FR,2021-06-15,Standard,4180.82
767,Customer 767,customer767@example.com,UK,2021-05-28,Premium,100.91
768,Customer 768,customer768@example.com,AU,2019-07-13,Standard,2938.95
769,Customer 769,customer769@example.com,IN,2018-02-04,Basic,9228.68
770,Customer 770,customer770@example.com,AU,2023-05-09,Standard,190.41
771,Customer 771,customer771@example.com,FR,2021-04-14,Basic,2389.03
772,Customer 772,customer772@example.com,US,2024-02-24,Standard,1966.85
773,Customer 773,customer773@example.com,IN,2022-11-26,Standard,2573.97
774,Customer 774,customer774@example.com,CA,2022-05-16,Standard,2283.87
775,Customer 775,customer775@example.com,US,2022-09-26,Basic,2471.66
776,Customer 776,customer776@example.com,AU,2024-11-16,Basic,6877.94
777,Customer 777,customer777@example.com,DE,2023-12-19,Standard,4187.75
778,Customer 778,customer778@example.com,AU,2018-10-08,Premium,1452.58
779,Customer 779,customer779@example.com,US,2023-02-09,Basic,4582.40
780,Customer 780,customer780@example.com,CA,2024-12-25,Standard,1959.12
781,Customer 781,customer781@example.com,US,2019-09-16,Premium,9700.19
782,Customer 782,customer782@example.com,US,2020-02-01,Premium,2892.93
783,Customer 783,customer783@example.com,UK,2022-12-01,Basic,181.22
784,Customer 784,customer784@example.com,US,2019-09-10,Premium,4986.44
785,Customer 785,customer785@example.com,DE,2022-09-18,Standard,7878.68
786,Customer 786,customer786@example.com,FR,2022-03-02,Standard,6999.65
787,Customer 787,customer787@example.com,US,2021-09-14,Premium,8451.11
788,Customer 788,customer788@example.com,UK,2018-08-18,Standard,7778.96
789,Customer 789,customer789@example.com,US,2024-02-03,Standard,1897.88
790,Customer 790,customer790@example.com,AU,2020-10-21,Standard,8299.70
791,Customer 791,customer791@example.com,US,2020-10-16,Standard,7735.13
792,Customer 792,customer792@example.com,FR,2020-10-09,Basic,9945.90
793,Customer 793,customer793@example.com,UK,2023-03-03,Basic,7732.86
794,Customer 794,customer794@example.com,IN,2020-05-03,Standard,3952.32
795,Customer 795,customer795@example.com,DE,2021-08-16,Premium,6328.73
796,Customer 796,customer796@example.com,US,2024-03-01,Basic,1309.20
797,Customer 797,customer797@example.com,FR,2021-05-08,Premium,3668.22
798,Customer 798,customer798@example.com,US,2020-06-11,Premium,2436.06
799,Customer 799,customer799@example.com,FR,2021-08-22,Premium,1756.87
800,Customer 800,customer800@example.com,DE,2024-07-22,Premium,4018.50
801,Customer 801,customer801@example.com,UK,2018-02-06,Premium,5852.66
802,Customer 802,customer802@example.com,CA,2023-05-01,Basic,6002.50
803,Customer 803,customer803@example.com,DE,2019-01-02,Premium,1661.21
804,Customer 804,customer804@example.com,US,2024-12-08,Standard,9315.40
805,Customer 805,customer805@example.com,AU,2018-09-03,Premium,3619.62
806,Customer 806,customer806@example.com,UK,2024-01-06,Premium,1345.69
807,Customer 807,customer807@example.com,UK,2021-07-21,Basic,7906.76
808,Customer 808,customer808@example.com,AU,2021-11-23,Standard,7358.57
809,Customer 809,customer809@example.com,US,2022-03-28,Standard,7271.55
810,Customer 810,customer810@example.com,DE,2018-06-11,Standard,7095.60
811,Customer 811,customer811@example.com,IN,2021-04-22,Basic,7000.67
812,Customer 812,customer812@example.com,UK,2024-05-10,Premium,5481.84
813,Customer 813,customer813@example.com,DE,2023-04-03,Standard,8689.85
814,Customer 814,customer814@example.com,IN,2024-03-21,Premium,781.88
815,Customer 815,customer815@example.com,UK,2023-01-15,Standard,8212.24
816,Customer 816,customer816@example.com,IN,2022-02-12,Standard,107.13
817,Customer 817,customer817@example.com,CA,2023-09-04,Standard,7363.21
818,Customer 818,customer818@example.com,US,2024-12-13,Standard,7782.56
819,Customer 819,customer819@example.com,UK,2021-08-06,Basic,727.08
820,Customer 820,customer820@example.com,IN,2022-05-07,Premium,5288.29
821,Customer 821,customer821@example.com,FR,2024-03-08,Premium,6169.09
822,Customer 822,customer822@example.com,DE,2022-08-06,Basic,3288.04
823,Customer 823,customer823@example.com,US,2023-11-14,Basic,760.13
824,Customer 824,customer824@example.com,AU,2019-06-16,Premium,8747.58
825,Customer 825,customer825@example.com,UK,2019-03-15,Standard,1997.00
826,Customer 826,customer826@example.com,US,2024-05-27,Basic,8379.37
827,Customer 827,customer827@example.com,CA,2023-06-30,Basic,6277.31
828,Customer 828,customer828@example.com,IN,2020-11-14,Premium,3726.90
829,Customer 829,customer829@example.com,IN,2018-10-18,Premium,9309.09
830,Customer 830,customer830@example.com,UK,2023-07-06,Premium,4733.79
831,Customer 831,customer831@example.com,CA,2018-09-06,Standard,5624.40
832,Customer 832,customer832@example.com,FR,2022-02-20,Basic,677.17
833,Customer 833,customer833@example.com,IN,2020-12-24,Basic,502.47
834,Customer 834,customer834@example.com,US,2021-05-29,Premium,9451.57
835,Customer 835,customer835@example.com,IN,2019-02-02,Premium,7279.20
836,Customer 836,customer836@example.com,IN,2022-04-28,Premium,2011.88
837,Customer 837,customer837@example.com,CA,2020-10-15,Basic,6290.72
838,Customer 838,customer838@example.com,UK,2024-04-06,Basic,5625.60
839,Customer 839,customer839@example.com,CA,2019-03-09,Basic,5807.98
840,Customer 840,customer840@example.com,CA,2023-02-22,Basic,6685.90
841,Customer 841,customer841@example.com,US,2019-11-15,Premium,5544.66
842,Customer 842,customer842@example.com,IN,2021-10-14,Basic,1665.95
843,Customer 843,customer843@example.com,IN,2022-12-20,Standard,9034.60
844,Customer 844,customer844@example.com,IN,2021-08-22,Standard,4182.20
845,Customer 845,customer845@example.com,CA,2022-10-30,Basic,3302.16
846,Customer 846,customer846@example.com,UK,2024-04-25,Basic,2217.89
847,Customer 847,customer847@example.com,AU,2024-03-03,Basic,2615.48
848,Customer 848,customer848@example.com,FR,2023-01-07,Standard,101.94
849,Customer 849,customer849@example.com,US,2021-03-11,Basic,261.39
850,Customer 850,customer850@example.com,UK,2021-05-21,Premium,3073.31
851,Customer 851,customer851@example.com,UK,2020-05-29,Standard,314.84
852,Customer 852,customer852@example.com,AU,2021-02-04,Basic,5161.59
853,Customer 853,customer853@example.com,IN,2024-05-30,Premium,1033.44
854,Customer 854,customer854@example.com,FR,2021-12-27,Premium,1470.24
855,Customer 855,customer855@example.com,DE,2024-07-12,Premium,2406.64
856,Customer 856,customer856@example.com,AU,2021-05-15,Premium,5747.82
857,Customer 857,customer857@example.com,IN,2020-06-09,Basic,864.30
858,Customer 858,customer858@example.com,DE,2023-05-31,Premium,4933.94
859,Customer 859,customer859@example.com,CA,2024-06-18,Premium,5992.79
860,Customer 860,customer860@example.com,DE,2018-06-03,Basic,8102.58
861,Customer 861,customer861@example.com,FR,2018-11-18,Premium,9226.53
862,Customer 862,customer862@example.com,DE,2021-11-26,Standard,4223.56
863,Customer 863,customer863@example.com,AU,2019-05-09,Premium,7502.02
864,Customer 864,customer864@example.com,AU,2024-10-03,Premium,6375.48
865,Customer 865,customer865@example.com,CA,2022-04-16,Premium,3117.36
866,Customer 866,customer866@example.com,US,2021-07-31,Basic,5692.64
867,Customer 867,customer867@example.com,DE,2023-08-20,Basic,2285.89
868,Customer 868,customer868@example.com,US,2022-05-29,Standard,7553.12
869,Customer 869,customer869@example.com,IN,2023-08-30,Premium,2298.65
870,Customer 870,customer870@example.com,DE,2022-06-04,Premium,1408.67
871,Customer 871,customer871@example.com,US,2023-05-04,Basic,7478.62
872,Customer 872,customer872@example.com,IN,2022-06-24,Standard,942.28
873,Customer 873,customer873@example.com,IN,2022-11-15,Basic,1390.71
874,Customer 874,customer874@example.com,UK,2023-05-24,Basic,2061.27
875,Customer 875,customer875@example.com,FR,2024-05-29,Premium,5655.56
876,Customer 876,customer876@example.com,CA,2023-11-18,Premium,2498.92
877,Customer 877,customer877@example.com,DE,2022-10-28,Standard,6878.91
878,Customer 878,customer878@example.com,IN,2019-01-02,Premium,6750.30
879,Customer 879,customer879@example.com,FR,2022-02-05,Standard,1985.85
880,Customer 880,customer880@example.com,DE,2024-08-29,Basic,339.65
881,Customer 881,customer881@example.com,DE,2019-11-25,Standard,6200.59
882,Customer 882,customer882@example.com,AU,2022-12-17,Basic,1543.60
883,Customer 883,customer883@example.com,US,2020-08-14,Premium,6885.06
884,Customer 884,customer884@example.com,UK,2018-12-18,Premium,7421.86
885,Customer 885,customer885@example.com,UK,2024-12-18,Premium,8700.65
886,Customer 886,customer886@example.com,AU,2021-03-24,Premium,3498.39
887,Customer 887,customer887@example.com,AU,2019-04-01,Standard,4555.61
888,Customer 888,customer888@example.com,US,2021-09-21,Premium,7426.13
889,Customer 889,customer889@example.com,UK,2020-04-14,Basic,5280.33
890,Customer 890,customer890@example.com,DE,2024-02-26,Standard,6268.12
891,Customer 891,customer891@example.com,UK,2018-03-17,Standard,5871.75
892,Customer 892,customer892@example.com,CA,2023-11-28,Premium,2629.02
893,Customer 893,customer893@example.com,US,2021-03-09,Premium,7912.97
894,Customer 894,customer894@example.com,IN,2021-01-16,Premium,4703.11
895,Customer 895,customer895@example.com,US,2018-09-30,Standard,6637.69
896,Customer 896,customer896@example.com,CA,2022-01-15,Premium,288.88
897,Customer 897,customer897@example.com,AU,2022-05-03,Premium,9799.95
898,Customer 898,customer898@example.com,IN,2019-02-12,Standard,4898.16
899,Customer 899,customer899@example.com,IN,2023-12-18,Premium,1945.53
900,Customer 900,customer900@example.com,IN,2023-02-19,Basic,9270.86
901,Customer 901,customer901@example.com,US,2018-06-12,Premium,9230.47
902,Customer 902,customer902@example.com,DE,2021-09-28,Standard,3994.66
903,Customer 903,customer903@example.com,UK,2018-03-17,Standard,6874.68
904,Customer 904,customer904@example.com,DE,2021-05-23,Premium,9960.34
905,Customer 905,customer905@example.com,IN,2021-02-03,Premium,6295.34
906,Customer 906,customer906@example.com,FR,2018-05-01,Basic,9496.25
907,Customer 907,customer907@example.com,UK,2019-09-14,Standard,8982.04
908,Customer 908,customer908@example.com,CA,2019-07-17,Premium,7325.91
909,Customer 909,customer909@example.com,IN,2024-11-13,Basic,6896.58
910,Customer 910,customer910@example.com,FR,2020-09-11,Basic,1612.22
911,Customer 911,customer911@example.com,DE,2024-10-15,Standard,4546.77
912,Customer 912,customer912@example.com,UK,2020-04-26,Basic,1471.91
913,Customer 913,customer913@example.com,IN,2020-04-08,Premium,3159.08
914,Customer 914,customer914@example.com,CA,2023-11-16,Premium,4357.64
915,Customer 915,customer915@example.com,AU,2019-08-18,Basic,9337.00
916,Customer 916,customer916@example.com,UK,2021-07-24,Premium,5617.67
917,Customer 917,customer917@example.com,CA,2019-04-30,Premium,3244.22
918,Customer 918,customer918@example.com,UK,2018-05-01,Standard,8813.31
919,Customer 919,customer919@example.com,FR,2022-08-12,Standard,4485.74
920,Customer 920,customer920@example.com,AU,2021-01-26,Premium,7813.17
921,Customer 921,customer921@example.com,US,2019-06-23,Premium,359.36
922,Customer 922,customer922@example.com,IN,2024-12-02,Standard,6095.48
923,Customer 923,customer923@example.com,IN,2020-08-03,Basic,2398.61
924,Customer 924,customer924@example.com,CA,2018-04-17,Standard,886.81
925,Customer 925,customer925@example.com,AU,2023-05-07,Premium,5073.01
926,Customer 926,customer926@example.com,IN,2023-04-05,Basic,6530.73
927,Customer 927,customer927@example.com,UK,2022-05-07,Standard,4791.08
928,Customer 928,customer928@example.com,UK,2020-03-02,Premium,419.07
929,Customer 929,customer929@example.com,AU,2018-03-03,Standard,9506.96
930,Customer 930,customer930@example.com,UK,2020-04-10,Premium,754.75
931,Customer 931,customer931@example.com,FR,2024-12-02,Standard,6909.84
932,Customer 932,,AU,2023-02-18,Premium,4332.80
933,Customer 933,customer933@example.com,AU,2018-06-21,Basic,7379.78
934,Customer 934,customer934@example.com,FR,2021-07-05,Standard,6153.90
935,Customer 935,,CA,2024-05-31,Basic,5407.98
936,Customer 936,customer936@example.com,CA,2018-06-07,Basic,1182.23
937,Customer 937,customer937@example.com,FR,2018-06-23,Premium,5235.16
938,Customer 938,customer938@example.com,FR,2018-06-10,Basic,3935.24
939,Customer 939,customer939@example.com,AU,2018-07-21,Premium,2982.68
940,Customer 940,customer940@example.com,FR,2021-06-01,Standard,4667.34
941,Customer 941,customer941@example.com,FR,2021-04-20,Basic,9198.42
942,Customer 942,customer942@example.com,CA,2023-10-19,Premium,4689.43
943,Customer 943,customer943@example.com,CA,2023-01-25,Premium,7254.20
944,Customer 944,customer944@example.com,US,2020-01-07,Basic,9384.64
945,Customer 945,customer945@example.com,CA,2024-02-17,Premium,3991.36
946,Customer 946,customer946@example.com,DE,2023-01-21,Premium,1870.90
947,Customer 947,customer947@example.com,IN,2020-04-07,Standard,992.78
948,Customer 948,customer948@example.com,DE,2019-11-03,Basic,7359.30
949,Customer 949,customer949@example.com,US,2019-04-13,Basic,4549.04
950,Customer 950,customer950@example.com,DE,2018-12-16,Basic,7102.06
951,Customer 951,customer951@example.com,CA,2023-09-27,Basic,9502.56
952,Customer 952,customer952@example.com,FR,2024-03-04,Standard,534.67
953,Customer 953,customer953@example.com,UK,2021-10-04,Basic,8725.92
954,Customer 954,customer954@example.com,AU,2019-09-07,Premium,8701.30
955,Customer 955,customer955@example.com,UK,2018-07-30,Standard,3149.82
956,Customer 956,customer956@example.com,CA,2023-01-02,Standard,6301.88
957,Customer 957,customer957@example.com,US,2019-06-23,Premium,134.98
958,Customer 958,customer958@example.com,AU,2020-11-02,Premium,4640.56
959,Customer 959,customer959@example.com,AU,2023-08-05,Basic,8093.80
960,Customer 960,customer960@example.com,IN,2023-07-15,Premium,2247.05
961,Customer 961,customer961@example.com,CA,2023-05-03,Standard,4160.50
962,Customer 962,customer962@example.com,US,2024-09-28,Basic,165.07
963,Customer 963,customer963@example.com,IN,2021-02-13,Basic,6323.49
964,Customer 964,customer964@example.com,AU,2020-04-30,Premium,1929.92
965,Customer 965,customer965@example.com,US,2021-11-30,Premium,1539.21
966,Customer 966,customer966@example.com,US,2024-06-25,Basic,3054.57
967,Customer 967,customer967@example.com,US,2018-07-20,Premium,4227.87
968,Customer 968,customer968@example.com,UK,2019-10-23,Basic,2915.37
969,Customer 969,customer969@example.com,CA,2024-09-02,Basic,7894.35
970,Customer 970,,UK,2023-02-09,Basic,5831.77
971,Customer 971,customer971@example.com,US,2019-01-17,Standard,3295.94
972,Customer 972,customer972@example.com,FR,2018-10-05,Standard,8448.77
973,Customer 973,customer973@example.com,US,2021-04-14,Standard,1432.00
974,Customer 974,customer974@example.com,CA,2021-01-29,Standard,5317.82
975,Customer 975,customer975@example.com,IN,2020-05-09,Basic,2169.60
976,Customer 976,customer976@example.com,US,2019-03-24,Basic,7324.31
977,Customer 977,customer977@example.com,CA,2023-12-07,Premium,4888.26
978,Customer 978,customer978@example.com,CA,2024-10-13,Basic,2943.15
979,Customer 979,customer979@example.com,IN,2021-07-20,Standard,5301.37
980,Customer 980,customer980@example.com,IN,2021-12-20,Premium,6181.47
981,Customer 981,customer981@example.com,FR,2023-10-30,Basic,6355.39
982,Customer 982,customer982@example.com,FR,2020-01-07,Basic,2403.94
983,Customer 983,customer983@example.com,DE,2020-03-03,Premium,1270.25
984,Customer 984,customer984@example.com,FR,2019-04-29,Basic,8495.89
985,Customer 985,customer985@example.com,AU,2024-11-25,Standard,4199.01
986,Customer 986,customer986@example.com,DE,2021-12-03,Basic,8079.83
987,Customer 987,customer987@example.com,UK,2018-02-16,Basic,2091.75
988,Customer 988,customer988@example.com,DE,2020-11-08,Premium,3146.95
989,Customer 989,customer989@example.com,IN,2024-03-02,Standard,7693.62
990,Customer 990,customer990@example.com,US,2021-09-27,Standard,4020.89
991,Customer 991,customer991@example.com,IN,2024-11-28,Premium,8337.22
992,Customer 992,customer992@example.com,UK,2021-09-15,Standard,9230.57
993,Customer 993,customer993@example.com,FR,2023-04-28,Premium,6491.96
994,Customer 994,customer994@example.com,FR,2019-09-29,Basic,4660.12
995,Customer 995,customer995@example.com,AU,2024-01-09,Standard,4678.45
996,Customer 996,customer996@example.com,AU,2022-08-23,Basic,654.62
997,Customer 997,customer997@example.com,IN,2021-05-11,Basic,7277.15
998,Customer 998,customer998@example.com,DE,2024-03-24,Basic,285.31
999,Customer 999,customer999@example.com,IN,2021-09-20,Standard,755.51
1000,Customer 1000,customer1000@example.com,UK,2021-02-22,Premium,3457.61
1001,Customer 1001,customer1001@example.com,FR,2023-12-29,Premium,5752.72
1002,Customer 1002,customer1002@example.com,FR,2020-02-07,Basic,1256.76
1003,Customer 1003,customer1003@example.com,AU,2021-06-16,Basic,8592.41
1004,Customer 1004,customer1004@example.com,CA,2018-05-10,Standard,4197.31
1005,Customer 1005,customer1005@example.com,FR,2020-08-31,Standard,4573.87
1006,Customer 1006,customer1006@example.com,DE,2020-06-04,Basic,3092.95
1007,Customer 1007,customer1007@example.com,US,2022-03-13,Premium,7800.12
1008,Customer 1008,customer1008@example.com,US,2022-12-23,Basic,346.85
1009,Customer 1009,customer1009@example.com,FR,2023-08-11,Premium,1983.10
1010,Customer 1010,customer1010@example.com,FR,2023-11-15,Standard,7777.78
1011,Customer 1011,customer1011@example.com,UK,2019-02-07,Basic,6799.50
1012,Customer 1012,customer1012@example.com,UK,2020-04-20,Basic,461.87
1013,Customer 1013,customer1013@example.com,FR,2023-11-10,Premium,140.69
1014,Customer 1014,customer1014@example.com,US,2024-08-31,Premium,3399.57
1015,Customer 1015,customer1015@example.com,US,2019-02-27,Basic,7685.18
1016,Customer 1016,customer1016@example.com,CA,2021-07-03,Premium,5817.84
1017,Customer 1017,customer1017@example.com,DE,2020-05-09,Standard,2085.50
1018,Customer 1018,customer1018@example.com,DE,2021-02-07,Basic,3259.58
1019,Customer 1019,customer1019@example.com,FR,2019-04-27,Standard,1578.28
1020,Customer 1020,customer1020@example.com,DE,2019-04-14,Premium,9587.15
1021,Customer 1021,customer1021@example.com,IN,2023-10-07,Premium,2145.12
1022,Customer 1022,customer1022@example.com,DE,2024-02-29,Standard,2783.42
1023,Customer 1023,customer1023@example.com,CA,2021-03-06,Basic,2523.77
1024,Customer 1024,customer1024@example.com,US,2021-06-29,Basic,8933.21
1025,Customer 1025,customer1025@example.com,IN,2022-12-23,Premium,1387.73
1026,Customer 1026,customer1026@example.com,FR,2018-07-26,Premium,3897.64
1027,Customer 1027,customer1027@example.com,US,2022-10-13,Standard,1871.93
1028,Customer 1028,customer1028@example.com,IN,2024-08-24,Basic,8378.13
1029,Customer 1029,customer1029@example.com,CA,2023-01-01,Basic,3620.68
1030,Customer 1030,customer1030@example.com,DE,2020-03-22,Basic,7608.19
1031,Customer 1031,customer1031@example.com,AU,2023-12-26,Premium,9739.45
1032,Customer 1032,customer1032@example.com,AU,2023-03-23,Basic,1404.77
1033,Customer 1033,customer1033@example.com,AU,2023-04-03,Premium,4610.28
1034,Customer 1034,customer1034@example.com,CA,2023-03-22,Standard,2393.77
1035,Customer 1035,customer1035@example.com,UK,2019-08-12,Basic,2654.72
1036,Customer 1036,customer1036@example.com,DE,2022-05-25,Premium,7026.18
1037,Customer 1037,customer1037@example.com,CA,2021-09-15,Standard,4587.50
1038,Customer 1038,customer1038@example.com,US,2018-09-25,Standard,1217.58
1039,Customer 1039,customer1039@example.com,FR,2023-03-05,Premium,2894.35
1040,Customer 1040,customer1040@example.com,DE,2024-10-11,Basic,1361.20
1041,Customer 1041,customer1041@example.com,US,2022-07-20,Basic,7987.90
1042,Customer 1042,customer1042@example.com,DE,2024-03-27,Basic,802.15
1043,Customer 1043,customer1043@example.com,DE,2023-12-23,Standard,4068.08
1044,Customer 1044,customer1044@example.com,FR,2020-09-04,Basic,2512.54
1045,Customer 1045,customer1045@example.com,UK,2023-05-30,Standard,753.99
1046,Customer 1046,customer1046@example.com,UK,2024-08-17,Standard,7864.71
1047,Customer 1047,customer1047@example.com,FR,2024-05-12,Standard,5490.82
1048,Customer 1048,customer1048@example.com,UK,2019-12-10,Basic,6729.09
1049,Customer 1049,customer1049@example.com,CA,2024-06-09,Standard,1231.80
1050,Customer 1050,customer1050@example.com,IN,2023-03-12,Standard,5595.37
1051,Customer 1051,customer1051@example.com,AU,2022-12-29,Premium,3149.55
1052,Customer 1052,customer1052@example.com,FR,2018-10-13,Basic,1176.57
1053,Customer 1053,customer1053@example.com,AU,2024-09-08,Standard,3341.34
1054,Customer 1054,customer1054@example.com,CA,2018-09-09,Premium,2254.36
1055,Customer 1055,customer1055@example.com,UK,2024-07-06,Basic,8117.41
1056,Customer 1056,customer1056@example.com,AU,2019-08-24,Basic,1577.24
1057,Customer 1057,customer1057@example.com,IN,2021-04-08,Standard,6194.16
1058,Customer 1058,customer1058@example.com,FR,2020-03-12,Premium,6847.02
1059,Customer 1059,customer1059@example.com,DE,2021-05-12,Basic,7964.03
1060,Customer 1060,customer1060@example.com,CA,2021-06-01,Standard,7206.13
1061,Customer 1061,customer1061@example.com,DE,2019-01-01,Basic,180.38
1062,Customer 1062,customer1062@example.com,IN,2022-07-14,Premium,8539.80
1063,Customer 1063,customer1063@example.com,US,2022-02-21,Basic,9682.21
1064,Customer 1064,customer1064@example.com,US,2024-04-12,Standard,1186.01
1065,Customer 1065,customer1065@example.com,DE,2018-05-08,Premium,4373.98
1066,Customer 1066,customer1066@example.com,IN,2022-06-03,Basic,3249.46
1067,Customer 1067,customer1067@example.com,FR,2022-07-22,Standard,4408.38
1068,Customer 1068,customer1068@example.com,UK,2019-12-12,Standard,1476.78
1069,Customer 1069,customer1069@example.com,IN,2022-04-25,Standard,8415.63
1070,Customer 1070,customer1070@example.com,UK,2021-03-27,Basic,1342.94
1071,Customer 1071,customer1071@example.com,US,2018-10-21,Basic,255.51
1072,Customer 1072,customer1072@example.com,CA,2023-06-17,Basic,4423.68
1073,Customer 1073,customer1073@example.com,UK,2018-12-13,Premium,6458.20
1074,Customer 1074,customer1074@example.com,FR,2023-02-11,Basic,6083.85
1075,Customer 1075,customer1075@example.com,FR,2024-12-27,Premium,4598.50
1076,Customer 1076,customer1076@example.com,FR,2024-03-11,Standard,3908.68
1077,Customer 1077,customer1077@example.com,UK,2020-02-01,Standard,6085.28
1078,Customer 1078,customer1078@example.com,IN,2023-08-03,Basic,2443.82
1079,Customer 1079,customer1079@example.com,IN,2021-01-07,Standard,9272.99
1080,Customer 1080,customer1080@example.com,IN,2022-02-12,Premium,9784.51
1081,Customer 1081,customer1081@example.com,IN,2023-06-03,Basic,3748.93
1082,Customer 1082,customer1082@example.com,IN,2023-05-27,Basic,892.62
1083,Customer 1083,customer1083@example.com,CA,2023-11-27,Standard,4702.87
1084,Customer 1084,customer1084@example.com,US,2023-11-14,Basic,975.62
1085,Customer 1085,customer1085@example.com,FR,2018-11-16,Basic,6373.51
1086,Customer 1086,customer1086@example.com,AU,2024-07-02,Standard,6169.09
1087,Customer 1087,customer1087@example.com,DE,2024-01-01,Premium,4741.80
1088,Customer 1088,customer1088@example.com,IN,2023-04-06,Basic,7364.76
1089,Customer 1089,customer1089@example.com,FR,2021-12-16,Standard,2963.16
1090,Customer 1090,customer1090@example.com,US,2024-09-13,Basic,3110.30
1091,Customer 1091,customer1091@example.com,AU,2024-04-27,Standard,708.04
1092,Customer 1092,customer1092@example.com,FR,2024-06-26,Premium,5771.31
1093,Customer 1093,customer1093@example.com,CA,2021-04-10,Basic,6280.74
1094,Customer 1094,customer1094@example.com,DE,2023-06-09,Premium,1355.53
1095,Customer 1095,customer1095@example.com,US,2021-02-12,Standard,1412.13
1096,Customer 1096,customer1096@example.com,DE,2021-02-01,Standard,240.61
1097,Customer 1097,customer1097@example.com,US,2024-10-09,Premium,9110.30
1098,Customer 1098,customer1098@example.com,CA,2019-09-12,Basic,4521.87
1099,Customer 1099,customer1099@example.com,AU,2019-12-20,Standard,7847.02
1100,Customer 1100,customer1100@example.com,UK,2023-06-10,Premium,8013.78
1101,Customer 1101,customer1101@example.com,AU,2018-05-16,Standard,9842.31
1102,Customer 1102,customer1102@example.com,UK,2024-09-05,Premium,8392.38
1103,Customer 1103,customer1103@example.com,AU,2022-08-19,Standard,2455.68
1104,Customer 1104,customer1104@example.com,FR,2019-11-17,Premium,5819.80
1105,Customer 1105,customer1105@example.com,AU,2021-11-14,Premium,6458.38
1106,Customer 1106,customer1106@example.com,AU,2019-04-21,Premium,1759.24
1107,Customer 1107,customer1107@example.com,FR,2023-05-05,Standard,4815.04
1108,Customer 1108,customer1108@example.com,AU,2023-12-22,Premium,3860.03
1109,Customer 1109,customer1109@example.com,CA,2022-05-17,Standard,2699.99
1110,Customer 1110,customer1110@example.com,IN,2022-11-16,Premium,2959.04
1111,Customer 1111,customer1111@example.com,AU,2023-01-13,Standard,6817.08
1112,Customer 1112,customer1112@example.com,IN,2018-06-18,Premium,9185.35
1113,Customer 1113,customer1113@example.com,CA,2021-12-20,Standard,6143.81
1114,Customer 1114,customer1114@example.com,CA,2021-01-21,Standard,2776.23
1115,Customer 1115,customer1115@example.com,AU,2019-02-07,Standard,6578.00
1116,Customer 1116,customer1116@example.com,FR,2023-03-04,Basic,7516.00
1117,Customer 1117,customer1117@example.com,CA,2024-08-08,Premium,5247.53
1118,Customer 1118,customer1118@example.com,CA,2020-01-07,Standard,5521.36
1119,Customer 1119,customer1119@example.com,CA,2018-02-04,Premium,218.42
1120,Customer 1120,customer1120@example.com,US,2023-11-22,Premium,6886.45
1121,Customer 1121,customer1121@example.com,DE,2020-06-17,Basic,2904.64
1122,Customer 1122,customer1122@example.com,UK,2018-05-20,Premium,6232.03
1123,Customer 1123,customer1123@example.com,US,2024-08-30,Basic,8950.27
1124,Customer 1124,customer1124@example.com,UK,2024-09-21,Basic,1305.72
1125,Customer 1125,customer1125@example.com,US,2018-12-20,Basic,1386.08
1126,Customer 1126,customer1126@example.com,CA,2024-05-07,Premium,8970.42
1127,Customer 1127,customer1127@example.com,CA,2020-01-25,Standard,3016.23
1128,Customer 1128,customer1128@example.com,CA,2018-11-07,Basic,4589.09
1129,Customer 1129,customer1129@example.com,DE,2022-10-15,Basic,9043.58
1130,Customer 1130,customer1130@example.com,AU,2021-08-17,Standard,1703.46
1131,Customer 1131,customer1131@example.com,US,2021-02-09,Premium,3889.71
1132,Customer 1132,customer1132@example.com,DE,2018-09-04,Standard,9560.50
1133,Customer 1133,customer1133@example.com,DE,2019-12-30,Standard,787.04
1134,Customer 1134,customer1134@example.com,UK,2024-11-04,Standard,1866.58
1135,Customer 1135,customer1135@example.com,FR,2019-03-21,Premium,5452.26
1136,Customer 1136,customer1136@example.com,FR,2020-06-13,Basic,6469.05
1137,Customer 1137,customer1137@example.com,FR,2020-11-26,Premium,445.12
1138,Customer 1138,customer1138@example.com,US,2024-05-29,Basic,2580.90
1139,Customer 1139,customer1139@example.com,FR,2018-03-18,Standard,1573.66
1140,Customer 1140,customer1140@example.com,CA,2018-01-04,Premium,6679.60
1141,Customer 1141,customer1141@example.com,DE,2019-09-13,Basic,3365.33
1142,Customer 1142,customer1142@example.com,FR,2024-06-11,Premium,5202.29
1143,Customer 1143,customer1143@example.com,AU,2023-07-03,Standard,4416.97
1144,Customer 1144,customer1144@example.com,AU,2018-10-15,Basic,2335.88
1145,Customer 1145,customer1145@example.com,FR,2023-05-29,Premium,5715.71
1146,Customer 1146,customer1146@example.com,DE,2021-09-27,Basic,3098.00
1147,Customer 1147,customer1147@example.com,US,2019-01-07,Standard,5392.80
1148,Customer 1148,customer1148@example.com,DE,2018-11-26,Standard,7628.49
1149,Customer 1149,customer1149@example.com,DE,2020-04-11,Premium,5589.31
1150,Customer 1150,customer1150@example.com,FR,2020-02-22,Standard,6989.23
1151,Customer 1151,customer1151@example.com,US,2022-01-11,Standard,940.14
1152,Customer 1152,customer1152@example.com,CA,2022-11-29,Basic,1975.70
1153,Customer 1153,customer1153@example.com,US,2020-03-01,Premium,7225.42
1154,Customer 1154,customer1154@example.com,IN,2020-09-03,Standard,3948.80
1155,Customer 1155,customer1155@example.com,AU,2024-01-24,Basic,3146.54
1156,Customer 1156,customer1156@example.com,IN,2023-01-15,Premium,466.72
1157,Customer 1157,customer1157@example.com,US,2021-10-15,Basic,523.86
1158,Customer 1158,customer1158@example.com,US,2020-05-17,Basic,6706.43
1159,Customer 1159,customer1159@example.com,FR,2024-01-07,Premium,7436.41
1160,Customer 1160,customer1160@example.com,UK,2018-10-23,Premium,7381.05
1161,Customer 1161,customer1161@example.com,FR,2018-03-20,Standard,9081.07
1162,Customer 1162,customer1162@example.com,IN,2018-07-07,Premium,7042.84
1163,Customer 1163,customer1163@example.com,UK,2018-02-28,Premium,6363.35
1164,Customer 1164,customer1164@example.com,DE,2019-02-03,Standard,6151.14
1165,Customer 1165,customer1165@example.com,AU,2024-08-17,Premium,8196.22
1166,Customer 1166,customer1166@example.com,US,2019-04-13,Standard,5990.28
1167,Customer 1167,customer1167@example.com,IN,2020-06-22,Premium,8064.09
1168,Customer 1168,customer1168@example.com,FR,2021-10-13,Basic,6816.14
1169,Customer 1169,customer1169@example.com,DE,2019-05-10,Basic,5802.07
1170,Customer 1170,customer1170@example.com,UK,2021-08-10,Premium,7665.86
1171,Customer 1171,customer1171@example.com,IN,2019-12-12,Standard,725.90
1172,Customer 1172,customer1172@example.com,DE,2019-08-02,Standard,1763.70
1173,Customer 1173,customer1173@example.com,DE,2024-03-16,Premium,4442.75
1174,Customer 1174,customer1174@example.com,IN,2018-06-16,Premium,1089.68
1175,Customer 1175,customer1175@example.com,AU,2024-11-13,Standard,7798.85
1176,Customer 1176,customer1176@example.com,US,2023-06-18,Premium,162.86
1177,Customer 1177,customer1177@example.com,UK,2019-01-01,Basic,6552.38
1178,Customer 1178,customer1178@example.com,DE,2022-09-01,Basic,8093.38
1179,Customer 1179,customer1179@example.com,AU,2023-05-04,Basic,1356.23
1180,Customer 1180,customer1180@example.com,UK,2021-01-14,Basic,4559.15
1181,Customer 1181,customer1181@example.com,UK,2019-12-16,Basic,6947.57
1182,Customer 1182,customer1182@example.com,IN,2020-01-08,Basic,5048.89
1183,Customer 1183,customer1183@example.com,US,2021-05-18,Standard,4245.98
1184,Customer 1184,customer1184@example.com,IN,2020-08-23,Premium,1263.33
1185,Customer 1185,customer1185@example.com,IN,2019-01-27,Basic,3682.82
1186,Customer 1186,customer1186@example.com,AU,2024-01-20,Basic,2270.83
1187,Customer 1187,customer1187@example.com,AU,2020-05-02,Standard,625.38
1188,Customer 1188,customer1188@example.com,US,2019-09-04,Basic,8453.44
1189,Customer 1189,customer1189@example.com,FR,2023-07-31,Premium,1681.62
1190,Customer 1190,customer1190@example.com,US,2018-08-10,Basic,3705.51
1191,Customer 1191,customer1191@example.com,UK,2022-11-16,Standard,3409.52
1192,Customer 1192,customer1192@example.com,AU,2023-01-31,Premium,1133.77
1193,Customer 1193,customer1193@example.com,US,2024-01-11,Premium,1664.65
1194,Customer 1194,customer1194@example.com,US,2023-06-10,Basic,1249.04
1195,Customer 1195,customer1195@example.com,UK,2022-12-27,Basic,5839.64
1196,Customer 1196,customer1196@example.com,FR,2020-03-25,Basic,6800.84
1197,Customer 1197,customer1197@example.com,DE,2020-07-31,Premium,3328.71
1198,Customer 1198,customer1198@example.com,US,2020-08-29,Basic,4184.70
1199,Customer 1199,customer1199@example.com,UK,2022-03-19,Premium,827.94
1200,Customer 1200,customer1200@example.com,IN,2023-06-08,Premium,8915.84
1201,Customer 1201,customer1201@example.com,UK,2020-06-04,Basic,4604.41
1202,Customer 1202,customer1202@example.com,FR,2022-03-10,Premium,4631.63
1203,Customer 1203,customer1203@example.com,UK,2022-01-08,Standard,2101.89
1204,Customer 1204,customer1204@example.com,UK,2018-05-12,Basic,5729.79
1205,Customer 1205,customer1205@example.com,DE,2019-07-14,Premium,8531.35
1206,Customer 1206,customer1206@example.com,FR,2022-09-10,Premium,7627.36
1207,Customer 1207,customer1207@example.com,UK,2021-04-23,Basic,1652.20
1208,Customer 1208,customer1208@example.com,AU,2024-11-09,Premium,5823.40
1209,Customer 1209,customer1209@example.com,IN,2020-07-29,Premium,4175.79
1210,Customer 1210,customer1210@example.com,IN,2023-06-27,Premium,5956.65
1211,Customer 1211,customer1211@example.com,AU,2023-03-11,Standard,243.59
1212,Customer 1212,customer1212@example.com,FR,2020-10-07,Premium,3340.23
1213,Customer 1213,customer1213@example.com,IN,2020-06-29,Basic,9467.90
1214,Customer 1214,customer1214@example.com,IN,2018-01-21,Standard,9803.82
1215,Customer 1215,customer1215@example.com,US,2023-04-12,Basic,7709.20
1216,Customer 1216,customer1216@example.com,US,2022-10-10,Basic,4003.77
1217,Customer 1217,customer1217@example.com,AU,2019-02-06,Standard,5003.32
1218,Customer 1218,customer1218@example.com,US,2024-04-06,Premium,6962.28
1219,Customer 1219,customer1219@example.com,FR,2020-06-11,Premium,3648.22
1220,Customer 1220,customer1220@example.com,UK,2019-01-07,Premium,4849.85
1221,Customer 1221,customer1221@example.com,DE,2019-10-25,Basic,4646.90
1222,Customer 1222,customer1222@example.com,IN,2024-07-18,Premium,9766.57
1223,Customer 1223,customer1223@example.com,FR,2019-07-22,Basic,4113.07
1224,Customer 1224,customer1224@example.com,AU,2022-02-26,Basic,4696.53
1225,Customer 1225,customer1225@example.com,CA,2018-01-06,Basic,799.92
1226,Customer 1226,customer1226@example.com,CA,2021-09-25,Basic,423.87
1227,Customer 1227,customer1227@example.com,FR,2021-01-10,Basic,9466.35
1228,Customer 1228,customer1228@example.com,IN,2024-06-14,Premium,7898.15
1229,Customer 1229,customer1229@example.com,US,2024-12-16,Standard,7384.03
1230,Customer 1230,customer1230@example.com,US,2023-10-10,Basic,3703.51
1231,Customer 1231,customer1231@example.com,US,2019-03-31,Standard,3719.35
1232,Customer 1232,customer1232@example.com,IN,2018-06-17,Standard,3727.69
1233,Customer 1233,customer1233@example.com,CA,2024-04-07,Basic,763.36
1234,Customer 1234,customer1234@example.com,CA,2020-04-18,Premium,9814.39
1235,Customer 1235,customer1235@example.com,UK,2024-01-20,Premium,6525.48
1236,Customer 1236,customer1236@example.com,CA,2024-07-04,Basic,2176.96
1237,Customer 1237,customer1237@example.com,CA,2020-07-12,Standard,3591.85
1238,Customer 1238,customer1238@example.com,DE,2023-08-25,Basic,4287.00
1239,Customer 1239,customer1239@example.com,US,2018-09-17,Standard,3517.74
1240,Customer 1240,customer1240@example.com,FR,2023-08-16,Basic,8312.64
1241,Customer 1241,customer1241@example.com,FR,2023-12-19,Basic,8271.25
1242,Customer 1242,customer1242@example.com,DE,2023-01-26,Basic,3744.64
1243,Customer 1243,customer1243@example.com,CA,2018-09-26,Premium,8929.84
1244,Customer 1244,customer1244@example.com,FR,2018-12-24,Premium,3967.76
1245,Customer 1245,customer1245@example.com,UK,2021-03-27,Premium,1182.71
1246,Customer 1246,customer1246@example.com,DE,2019-04-04,Basic,1564.75
1247,Customer 1247,customer1247@example.com,UK,2020-04-16,Basic,9525.84
1248,Customer 1248,customer1248@example.com,US,2021-04-15,Standard,9698.79
1249,Customer 1249,customer1249@example.com,IN,2019-06-25,Standard,3532.33
1250,Customer 1250,customer1250@example.com,FR,2018-03-29,Standard,1971.70
1251,Customer 1251,customer1251@example.com,US,2020-08-09,Basic,6482.25
1252,Customer 1252,customer1252@example.com,FR,2024-06-28,Standard,6592.03
1253,Customer 1253,customer1253@example.com,AU,2021-08-29,Standard,5974.24
1254,Customer 1254,customer1254@example.com,CA,2023-12-12,Basic,4508.04
1255,Customer 1255,customer1255@example.com,DE,2024-05-12,Premium,8992.99
1256,Customer 1256,customer1256@example.com,DE,2019-12-05,Standard,2345.14
1257,Customer 1257,customer1257@example.com,DE,2021-03-26,Premium,1568.55
1258,Customer 1258,customer1258@example.com,DE,2023-02-11,Premium,6224.44
1259,Customer 1259,customer1259@example.com,UK,2024-01-02,Standard,1904.58
1260,Customer 1260,customer1260@example.com,UK,2019-09-21,Premium,2455.26
1261,Customer 1261,customer1261@example.com,US,2021-07-20,Basic,1352.09
1262,Customer 1262,customer1262@example.com,DE,2022-02-23,Premium,2131.04
1263,Customer 1263,customer1263@example.com,CA,2018-05-23,Basic,3237.74
1264,Customer 1264,customer1264@example.com,DE,2019-08-29,Standard,4539.45
1265,Customer 1265,customer1265@example.com,UK,2023-12-26,Standard,1302.75
1266,Customer 1266,customer1266@example.com,US,2022-07-16,Standard,7708.33
1267,Customer 1267,customer1267@example.com,FR,2021-08-04,Premium,142.51
1268,Customer 1268,customer1268@example.com,CA,2024-02-16,Basic,3379.68
1269,Customer 1269,customer1269@example.com,CA,2021-04-25,Standard,8970.18
1270,Customer 1270,customer1270@example.com,AU,2024-06-07,Basic,1556.13
1271,Customer 1271,customer1271@example.com,IN,2022-12-16,Standard,6922.56
1272,Customer 1272,customer1272@example.com,CA,2023-05-16,Premium,1480.29
1273,Customer 1273,customer1273@example.com,IN,2019-04-24,Standard,345.48
1274,Customer 1274,customer1274@example.com,IN,2020-06-21,Standard,3638.20
1275,Customer 1275,customer1275@example.com,DE,2018-08-14,Basic,6449.00
1276,Customer 1276,customer1276@example.com,IN,2023-11-27,Premium,7834.71
1277,Customer 1277,customer1277@example.com,AU,2021-02-12,Premium,323.23
1278,Customer 1278,customer1278@example.com,IN,2022-12-30,Basic,6748.42
1279,Customer 1279,customer1279@example.com,US,2023-09-28,Standard,2025.06
1280,Customer 1280,customer1280@example.com,DE,2024-10-06,Basic,5164.40
1281,Customer 1281,customer1281@example.com,US,2022-01-18,Standard,1564.66
1282,Customer 1282,customer1282@example.com,AU,2022-10-18,Standard,3922.51
1283,Customer 1283,customer1283@example.com,US,2021-03-11,Standard,3578.41
1284,Customer 1284,customer1284@example.com,FR,2024-04-16,Premium,2235.38
1285,Customer 1285,customer1285@example.com,FR,2022-08-30,Standard,2957.48
1286,Customer 1286,customer1286@example.com,AU,2022-10-03,Basic,8974.65
1287,Customer 1287,customer1287@example.com,UK,2024-08-02,Basic,952.17
1288,Customer 1288,customer1288@example.com,UK,2021-05-27,Standard,9884.99
1289,Customer 1289,customer1289@example.com,IN,2021-10-05,Premium,9338.21
1290,Customer 1290,customer1290@example.com,IN,2022-03-20,Premium,165.53
1291,Customer 1291,customer1291@example.com,CA,2021-01-24,Standard,1831.44
1292,Customer 1292,customer1292@example.com,FR,2024-05-15,Premium,2072.65
1293,Customer 1293,customer1293@example.com,AU,2022-04-13,Standard,5583.28
1294,Customer 1294,customer1294@example.com,US,2021-05-21,Basic,3108.75
1295,Customer 1295,customer1295@example.com,IN,2023-03-14,Premium,365.72
1296,Customer 1296,customer1296@example.com,US,2019-09-23,Standard,3071.68
1297,Customer 1297,customer1297@example.com,CA,2023-04-20,Premium,6572.75
1298,Customer 1298,customer1298@example.com,DE,2022-09-05,Premium,4969.68
1299,Customer 1299,customer1299@example.com,CA,2020-09-29,Premium,1281.61
1300,Customer 1300,customer1300@example.com,DE,2023-07-13,Premium,6029.02
1301,Customer 1301,customer1301@example.com,DE,2024-07-08,Standard,5699.19
1302,Customer 1302,customer1302@example.com,AU,2020-11-22,Basic,6890.54
1303,Customer 1303,customer1303@example.com,CA,2019-05-05,Standard,5174.01
1304,Customer 1304,customer1304@example.com,IN,2018-03-13,Standard,1712.19
1305,Customer 1305,customer1305@example.com,US,2019-08-22,Standard,4664.34
1306,Customer 1306,customer1306@example.com,CA,2019-07-09,Standard,1716.76
1307,Customer 1307,customer1307@example.com,DE,2022-01-19,Standard,6398.85
1308,Customer 1308,customer1308@example.com,DE,2018-07-19,Standard,2987.47
1309,Customer 1309,customer1309@example.com,CA,2018-11-11,Basic,2018.77
1310,Customer 1310,customer1310@example.com,CA,2020-01-21,Premium,6027.75
1311,Customer 1311,customer1311@example.com,UK,2024-02-06,Standard,8737.19
1312,Customer 1312,customer1312@example.com,AU,2021-05-18,Standard,6885.89
1313,Customer 1313,customer1313@example.com,CA,2022-01-24,Premium,5390.76
1314,Customer 1314,customer1314@example.com,DE,2019-08-12,Premium,1455.80
1315,Customer 1315,customer1315@example.com,DE,2022-03-08,Standard,4178.75
1316,Customer 1316,customer1316@example.com,UK,2019-02-24,Premium,1630.09
1317,Customer 1317,customer1317@example.com,UK,2020-02-11,Basic,6172.94
1318,Customer 1318,customer1318@example.com,AU,2023-11-24,Basic,7154.22
1319,Customer 1319,customer1319@example.com,CA,2019-04-12,Standard,4658.86
1320,Customer 1320,customer1320@example.com,US,2019-04-23,Premium,9241.76
1321,Customer 1321,customer1321@example.com,FR,2021-11-27,Standard,6941.40
1322,Customer 1322,,UK,2022-12-16,Basic,5278.90
1323,Customer 1323,customer1323@example.com,DE,2019-12-07,Basic,3116.37
1324,Customer 1324,customer1324@example.com,CA,2019-05-01,Premium,1374.27
1325,Customer 1325,customer1325@example.com,CA,2019-08-07,Basic,2343.09
1326,Customer 1326,customer1326@example.com,UK,2020-05-09,Premium,9812.98
1327,Customer 1327,customer1327@example.com,FR,2019-04-03,Premium,286.18
1328,Customer 1328,customer1328@example.com,FR,2022-11-02,Premium,2043.87
1329,Customer 1329,customer1329@example.com,US,2023-10-05,Basic,686.73
1330,Customer 1330,customer1330@example.com,US,2020-11-02,Premium,755.85
1331,Customer 1331,customer1331@example.com,CA,2018-02-12,Premium,7845.47
1332,Customer 1332,customer1332@example.com,IN,2020-04-21,Basic,9021.63
1333,Customer 1333,customer1333@example.com,UK,2021-12-10,Premium,998.72
1334,Customer 1334,customer1334@example.com,AU,2021-02-10,Basic,3543.58
1335,Customer 1335,customer1335@example.com,UK,2023-08-13,Basic,6168.27
1336,Customer 1336,customer1336@example.com,IN,2024-05-24,Premium,1081.15
1337,Customer 1337,customer1337@example.com,IN,2018-02-27,Basic,2248.28
1338,Customer 1338,customer1338@example.com,UK,2021-02-28,Premium,9026.44
1339,Customer 1339,customer1339@example.com,IN,2018-01-18,Basic,1076.99
1340,Customer 1340,customer1340@example.com,UK,2023-08-28,Basic,4799.68
1341,Customer 1341,customer1341@example.com,CA,2024-08-11,Premium,4452.69
1342,Customer 1342,customer1342@example.com,US,2020-01-11,Standard,9814.88
1343,Customer 1343,customer1343@example.com,FR,2020-05-27,Basic,2352.79
1344,Customer 1344,customer1344@example.com,US,2021-07-11,Premium,4712.43
1345,Customer 1345,customer1345@example.com,IN,2019-07-11,Standard,7646.51
1346,Customer 1346,customer1346@example.com,CA,2021-03-26,Basic,7249.15
1347,Customer 1347,customer1347@example.com,US,2021-09-05,Standard,1245.65
1348,Customer 1348,customer1348@example.com,DE,2023-02-15,Basic,7388.13
1349,Customer 1349,customer1349@example.com,CA,2022-12-24,Premium,5583.77
1350,Customer 1350,customer1350@example.com,DE,2022-10-19,Premium,8582.06
1351,Customer 1351,customer1351@example.com,AU,2023-05-03,Basic,3737.67
1352,Customer 1352,customer1352@example.com,US,2023-07-07,Basic,1141.20
1353,Customer 1353,customer1353@example.com,FR,2023-11-11,Basic,6797.53
1354,Customer 1354,customer1354@example.com,US,2019-08-11,Standard,4066.18
1355,Customer 1355,customer1355@example.com,IN,2019-02-21,Basic,9260.37
1356,Customer 1356,customer1356@example.com,UK,2018-09-23,Standard,9754.55
1357,Customer 1357,customer1357@example.com,DE,2020-03-31,Basic,8455.89
1358,Customer 1358,customer1358@example.com,FR,2019-05-18,Premium,8397.28
1359,Customer 1359,customer1359@example.com,CA,2023-08-07,Standard,7671.69
1360,Customer 1360,customer1360@example.com,AU,2024-07-11,Basic,2802.43
1361,Customer 1361,customer1361@example.com,AU,2022-06-28,Standard,4810.68
1362,Customer 1362,customer1362@example.com,IN,2022-07-15,Standard,5163.00
1363,Customer 1363,customer1363@example.com,UK,2023-02-06,Premium,1309.68
1364,Customer 1364,customer1364@example.com,FR,2023-07-30,Premium,6320.87
1365,Customer 1365,customer1365@example.com,UK,2018-05-02,Premium,7404.20
1366,Customer 1366,customer1366@example.com,AU,2018-10-07,Standard,6813.26
1367,Customer 1367,customer1367@example.com,UK,2022-04-17,Basic,6824.12
1368,Customer 1368,customer1368@example.com,UK,2021-05-25,Basic,6270.00
1369,Customer 1369,customer1369@example.com,AU,2018-11-10,Basic,7540.94
1370,Customer 1370,customer1370@example.com,AU,2023-07-10,Standard,2099.12
1371,Customer 1371,customer1371@example.com,CA,2023-08-02,Standard,5097.47
1372,Customer 1372,,IN,2021-11-08,Basic,5511.54
1373,Customer 1373,customer1373@example.com,AU,2018-05-10,Standard,8813.24
1374,Customer 1374,customer1374@example.com,US,2022-04-21,Standard,3214.14
1375,Customer 1375,customer1375@example.com,FR,2022-12-18,Standard,456.21
1376,Customer 1376,customer1376@example.com,UK,2024-03-30,Basic,8617.57
1377,Customer 1377,customer1377@example.com,DE,2019-11-04,Standard,4363.74
1378,Customer 1378,customer1378@example.com,DE,2022-05-13,Standard,7663.71
1379,Customer 1379,customer1379@example.com,IN,2023-07-03,Basic,5582.46
1380,Customer 1380,customer1380@example.com,IN,2024-06-01,Standard,4811.52
1381,Customer 1381,customer1381@example.com,AU,2019-10-03,Basic,651.80
1382,Customer 1382,customer1382@example.com,DE,2023-07-20,Basic,9711.62
1383,Customer 1383,customer1383@example.com,IN,2021-12-15,Standard,3272.78
1384,Customer 1384,customer1384@example.com,US,2024-08-15,Premium,1369.16
1385,Customer 1385,customer1385@example.com,DE,2021-11-29,Basic,5881.27
1386,Customer 1386,customer1386@example.com,AU,2021-10-29,Standard,1063.77
1387,Customer 1387,customer1387@example.com,DE,2022-01-03,Standard,3577.57
1388,Customer 1388,customer1388@example.com,CA,2020-09-27,Premium,2422.76
1389,Customer 1389,customer1389@example.com,DE,2024-08-24,Premium,9112.85
1390,Customer 1390,customer1390@example.com,US,2021-06-02,Premium,3442.18
1391,Customer 1391,customer1391@example.com,US,2024-01-15,Standard,470.04
1392,Customer 1392,customer1392@example.com,CA,2022-09-27,Basic,5196.12
1393,Customer 1393,customer1393@example.com,FR,2020-12-28,Premium,6989.99
1394,Customer 1394,customer1394@example.com,IN,2018-04-02,Standard,3839.60
1395,Customer 1395,customer1395@example.com,FR,2021-08-13,Basic,1067.48
1396,Customer 1396,customer1396@example.com,FR,2019-02-14,Basic,6783.60
1397,Customer 1397,customer1397@example.com,DE,2023-07-28,Basic,8133.43
1398,Customer 1398,customer1398@example.com,CA,2021-10-22,Premium,6186.80
1399,Customer 1399,customer1399@example.com,DE,2022-11-21,Premium,5019.82
1400,Customer 1400,customer1400@example.com,AU,2018-11-05,Basic,2219.39
1401,Customer 1401,customer1401@example.com,DE,2018-07-14,Standard,9962.65
1402,Customer 1402,customer1402@example.com,FR,2020-07-14,Basic,7454.59
1403,Customer 1403,customer1403@example.com,US,2024-06-26,Premium,5959.46
1404,Customer 1404,customer1404@example.com,DE,2018-10-03,Basic,8031.74
1405,Customer 1405,customer1405@example.com,FR,2022-10-16,Premium,3538.43
1406,Customer 1406,customer1406@example.com,US,2021-05-21,Basic,8060.85
1407,Customer 1407,customer1407@example.com,FR,2024-01-21,Standard,2080.76
1408,Customer 1408,customer1408@example.com,FR,2020-10-26,Basic,5202.16
1409,Customer 1409,customer1409@example.com,CA,2024-02-21,Premium,8820.88
1410,Customer 1410,customer1410@example.com,CA,2023-10-16,Premium,5810.75
1411,Customer 1411,customer1411@example.com,UK,2023-03-30,Standard,9377.91
1412,Customer 1412,customer1412@example.com,IN,2024-11-21,Standard,9352.90
1413,Customer 1413,customer1413@example.com,CA,2018-09-03,Basic,2086.42
1414,Customer 1414,customer1414@example.com,FR,2019-08-29,Premium,1589.68
1415,Customer 1415,customer1415@example.com,CA,2021-05-14,Standard,4161.58
1416,Customer 1416,customer1416@example.com,AU,2018-09-21,Basic,2115.22
1417,Customer 1417,customer1417@example.com,FR,2020-12-29,Standard,6495.82
1418,Customer 1418,customer1418@example.com,DE,2024-09-28,Premium,4118.07
1419,Customer 1419,customer1419@example.com,US,2019-09-07,Premium,374.27
1420,Customer 1420,customer1420@example.com,AU,2021-06-25,Standard,4905.29
1421,Customer 1421,customer1421@example.com,FR,2022-09-25,Basic,9065.99
1422,Customer 1422,customer1422@example.com,UK,2019-10-15,Standard,1450.66
1423,Customer 1423,customer1423@example.com,DE,2021-02-11,Basic,5551.99
1424,Customer 1424,customer1424@example.com,CA,2018-06-22,Basic,4909.84
1425,Customer 1425,customer1425@example.com,US,2018-08-15,Premium,3207.66
1426,Customer 1426,customer1426@example.com,DE,2018-09-18,Standard,8978.06
1427,Customer 1427,customer1427@example.com,CA,2019-01-05,Standard,9437.31
1428,Customer 1428,customer1428@example.com,CA,2019-07-30,Premium,1208.13
1429,Customer 1429,customer1429@example.com,CA,2023-08-12,Premium,5267.38
1430,Customer 1430,customer1430@example.com,AU,2024-07-05,Basic,2592.90
1431,Customer 1431,customer1431@example.com,US,2020-09-02,Basic,1310.54
1432,Customer 1432,customer1432@example.com,AU,2021-07-07,Standard,8340.11
1433,Customer 1433,customer1433@example.com,CA,2022-05-17,Basic,7465.19
1434,Customer 1434,customer1434@example.com,FR,2020-06-11,Premium,1157.46
1435,Customer 1435,customer1435@example.com,UK,2021-01-29,Standard,4142.92
1436,Customer 1436,customer1436@example.com,AU,2024-08-11,Premium,4954.55
1437,Customer 1437,customer1437@example.com,DE,2019-04-08,Standard,5502.88
1438,Customer 1438,customer1438@example.com,FR,2020-10-06,Standard,8806.39
1439,Customer 1439,customer1439@example.com,UK,2022-01-26,Standard,7185.15
1440,Customer 1440,customer1440@example.com,AU,2021-06-16,Premium,6489.44
1441,Customer 1441,customer1441@example.com,IN,2018-05-23,Basic,6656.01
1442,Customer 1442,customer1442@example.com,US,2020-09-08,Standard,5572.01
1443,Customer 1443,customer1443@example.com,DE,2022-01-26,Basic,1308.33
1444,Customer 1444,customer1444@example.com,AU,2020-08-26,Standard,3945.86
1445,Customer 1445,customer1445@example.com,FR,2020-11-12,Standard,993.48
1446,Customer 1446,customer1446@example.com,AU,2020-08-22,Standard,2182.83
1447,Customer 1447,customer1447@example.com,UK,2022-12-03,Basic,3240.13
1448,Customer 1448,customer1448@example.com,AU,2022-07-23,Premium,2812.96
1449,Customer 1449,customer1449@example.com,US,2023-07-07,Standard,7395.73
1450,Customer 1450,customer1450@example.com,AU,2021-09-24,Basic,4281.42
1451,Customer 1451,customer1451@example.com,AU,2019-02-16,Premium,7014.97
1452,Customer 1452,customer1452@example.com,IN,2018-09-29,Standard,4266.62
1453,Customer 1453,customer1453@example.com,CA,2024-02-22,Basic,3335.01
1454,Customer 1454,customer1454@example.com,CA,2018-04-23,Premium,6449.59
1455,Customer 1455,customer1455@example.com,UK,2022-12-22,Basic,1447.31
1456,Customer 1456,customer1456@example.com,FR,2020-03-30,Basic,3124.92
1457,Customer 1457,customer1457@example.com,IN,2018-12-03,Premium,1662.44
1458,Customer 1458,customer1458@example.com,IN,2019-06-17,Basic,6888.96
1459,Customer 1459,customer1459@example.com,AU,2021-08-01,Standard,4835.82
1460,Customer 1460,customer1460@example.com,CA,2019-07-01,Standard,1817.44
1461,Customer 1461,customer1461@example.com,IN,2021-09-03,Standard,2066.77
1462,Customer 1462,customer1462@example.com,FR,2022-02-14,Premium,3995.59
1463,Customer 1463,customer1463@example.com,FR,2024-05-25,Premium,305.27
1464,Customer 1464,customer1464@example.com,US,2024-04-06,Basic,6158.83
1465,Customer 1465,customer1465@example.com,UK,2018-12-31,Standard,2062.84
1466,Customer 1466,customer1466@example.com,CA,2019-11-23,Premium,4070.25
1467,Customer 1467,customer1467@example.com,FR,2024-09-25,Standard,1577.59
1468,Customer 1468,customer1468@example.com,DE,2019-11-28,Basic,1261.77
1469,Customer 1469,customer1469@example.com,CA,2023-11-24,Standard,7756.26
1470,Customer 1470,customer1470@example.com,FR,2023-07-18,Premium,2322.39
1471,Customer 1471,customer1471@example.com,UK,2020-02-20,Standard,2950.82
1472,Customer 1472,customer1472@example.com,FR,2022-04-14,Premium,4369.96
1473,Customer 1473,customer1473@example.com,UK,2024-09-23,Premium,9952.55
1474,Customer 1474,customer1474@example.com,DE,2020-02-15,Standard,1885.66
1475,Customer 1475,customer1475@example.com,AU,2019-08-21,Premium,2972.91
1476,Customer 1476,customer1476@example.com,DE,2020-08-22,Basic,4564.67
1477,Customer 1477,customer1477@example.com,UK,2022-02-23,Basic,6874.24
1478,Customer 1478,customer1478@example.com,FR,2018-12-18,Premium,4741.93
1479,Customer 1479,customer1479@example.com,AU,2021-08-17,Basic,4035.79
1480,Customer 1480,customer1480@example.com,UK,2022-04-20,Basic,4290.58
1481,Customer 1481,customer1481@example.com,IN,2020-11-15,Premium,1043.27
1482,Customer 1482,customer1482@example.com,US,2018-08-02,Standard,9317.54
1483,Customer 1483,customer1483@example.com,FR,2021-12-22,Basic,9399.29
1484,Customer 1484,customer1484@example.com,AU,2024-09-16,Basic,7507.59
1485,Customer 1485,customer1485@example.com,US,2018-01-22,Standard,5094.97
1486,Customer 1486,customer1486@example.com,FR,2021-05-24,Standard,6745.49
1487,Customer 1487,customer1487@example.com,UK,2024-04-10,Premium,5846.82
1488,Customer 1488,customer1488@example.com,DE,2019-11-27,Basic,4979.11
1489,Customer 1489,customer1489@example.com,DE,2023-04-02,Premium,987.52
1490,Customer 1490,customer1490@example.com,CA,2023-12-13,Standard,1503.78
1491,Customer 1491,customer1491@example.com,US,2021-07-07,Premium,9787.31
1492,Customer 1492,customer1492@example.com,FR,2021-02-24,Basic,3669.86
1493,Customer 1493,customer1493@example.com,FR,2021-03-04,Standard,6168.02
1494,Customer 1494,customer1494@example.com,AU,2020-12-16,Basic,3198.80
1495,Customer 1495,customer1495@example.com,UK,2021-07-16,Basic,9946.19
1496,Customer 1496,customer1496@example.com,AU,2019-09-12,Basic,8545.03
1497,Customer 1497,customer1497@example.com,CA,2022-12-08,Premium,1970.31
1498,Customer 1498,customer1498@example.com,US,2020-07-30,Premium,455.04
1499,Customer 1499,customer1499@example.com,DE,2019-11-01,Basic,4724.62
1500,Customer 1500,customer1500@example.com,US,2023-07-21,Premium,4471.04
1501,Customer 1501,customer1501@example.com,CA,2024-04-16,Standard,4631.82
1502,Customer 1502,customer1502@example.com,US,2019-08-30,Premium,3561.08
1503,Customer 1503,customer1503@example.com,UK,2021-03-09,Premium,8366.04
1504,Customer 1504,customer1504@example.com,CA,2023-09-15,Standard,5676.15
1505,Customer 1505,customer1505@example.com,CA,2024-07-26,Premium,5877.12
1506,Customer 1506,customer1506@example.com,US,2023-11-25,Basic,1887.63
1507,Customer 1507,customer1507@example.com,US,2020-10-05,Standard,6801.39
1508,Customer 1508,customer1508@example.com,DE,2018-04-17,Standard,6844.99
1509,Customer 1509,customer1509@example.com,CA,2019-05-15,Standard,3798.23
1510,Customer 1510,customer1510@example.com,US,2021-08-18,Premium,385.86
1511,Customer 1511,customer1511@example.com,FR,2023-05-20,Standard,6320.73
1512,Customer 1512,customer1512@example.com,DE,2024-08-30,Basic,157.47
1513,Customer 1513,customer1513@example.com,US,2024-12-24,Standard,3316.66
1514,Customer 1514,customer1514@example.com,CA,2024-05-20,Premium,2192.53
1515,Customer 1515,customer1515@example.com,US,2021-03-04,Standard,8001.66
1516,Customer 1516,customer1516@example.com,CA,2018-10-17,Basic,9523.81
1517,Customer 1517,customer1517@example.com,FR,2019-01-15,Standard,2626.12
1518,Customer 1518,customer1518@example.com,UK,2022-06-22,Premium,303.07
1519,Customer 1519,customer1519@example.com,UK,2019-10-30,Standard,7816.98
1520,Customer 1520,customer1520@example.com,DE,2019-09-24,Premium,3055.61
1521,Customer 1521,customer1521@example.com,AU,2022-11-06,Basic,8082.90
1522,Customer 1522,customer1522@example.com,DE,2024-10-07,Premium,3654.54
1523,Customer 1523,customer1523@example.com,US,2022-02-14,Basic,2078.73
1524,Customer 1524,customer1524@example.com,FR,2022-05-09,Standard,2757.95
1525,Customer 1525,customer1525@example.com,IN,2022-09-29,Premium,7589.26
1526,Customer 1526,customer1526@example.com,AU,2022-02-17,Basic,1944.92
1527,Customer 1527,customer1527@example.com,CA,2022-10-11,Premium,500.34
1528,Customer 1528,,DE,2023-03-14,Basic,2319.88
1529,Customer 1529,customer1529@example.com,CA,2019-09-28,Standard,5320.06
1530,Customer 1530,customer1530@example.com,CA,2023-11-20,Premium,2977.96
1531,Customer 1531,customer1531@example.com,FR,2018-11-21,Standard,3073.89
1532,Customer 1532,customer1532@example.com,UK,2021-05-15,Premium,5278.61
1533,Customer 1533,customer1533@example.com,DE,2024-05-17,Premium,5554.84
1534,Customer 1534,customer1534@example.com,US,2023-10-04,Premium,5155.45
1535,Customer 1535,customer1535@example.com,FR,2019-01-23,Standard,6642.47
1536,Customer 1536,customer1536@example.com,IN,2020-11-03,Standard,2623.12
1537,Customer 1537,customer1537@example.com,US,2023-08-25,Premium,1227.96
1538,Customer 1538,customer1538@example.com,CA,2023-03-11,Premium,7883.15
1539,Customer 1539,customer1539@example.com,AU,2022-05-29,Premium,924.58
1540,Customer 1540,customer1540@example.com,CA,2021-05-04,Standard,5913.36
1541,Customer 1541,customer1541@example.com,FR,2023-01-17,Basic,8097.56
1542,Customer 1542,customer1542@example.com,DE,2020-02-06,Premium,1932.37
1543,Customer 1543,customer1543@example.com,CA,2024-10-10,Standard,8729.00
1544,Customer 1544,customer1544@example.com,US,2022-11-12,Basic,277.36
1545,Customer 1545,customer1545@example.com,FR,2019-04-23,Premium,1800.18
1546,Customer 1546,customer1546@example.com,FR,2023-02-28,Basic,4110.41
1547,Customer 1547,customer1547@example.com,CA,2024-10-01,Basic,4918.55
1548,Customer 1548,customer1548@example.com,IN,2024-12-01,Standard,6937.56
1549,Customer 1549,customer1549@example.com,CA,2022-06-06,Standard,967.59
1550,Customer 1550,customer1550@example.com,UK,2018-02-26,Premium,1207.93
1551,Customer 1551,customer1551@example.com,US,2020-02-10,Premium,2171.37
1552,Customer 1552,customer1552@example.com,CA,2019-08-18,Basic,2493.62
1553,Customer 1553,customer1553@example.com,AU,2024-01-16,Premium,952.33
1554,Customer 1554,customer1554@example.com,AU,2023-03-14,Premium,4792.49
1555,Customer 1555,customer1555@example.com,US,2019-04-23,Premium,9033.91
1556,Customer 1556,customer1556@example.com,CA,2022-12-29,Standard,4767.74
1557,Customer 1557,customer1557@example.com,AU,2023-01-16,Basic,2502.03
1558,Customer 1558,customer1558@example.com,DE,2024-05-21,Standard,604.13
1559,Customer 1559,customer1559@example.com,US,2019-02-25,Basic,8491.53
1560,Customer 1560,customer1560@example.com,FR,2022-08-30,Standard,7397.08
1561,Customer 1561,customer1561@example.com,IN,2024-03-20,Standard,466.47
1562,Customer 1562,customer1562@example.com,FR,2023-06-15,Basic,5951.29
1563,Customer 1563,customer1563@example.com,IN,2023-06-22,Premium,7171.47
1564,Customer 1564,customer1564@example.com,IN,2018-03-19,Standard,5806.39
1565,Customer 1565,customer1565@example.com,IN,2018-09-18,Standard,8939.48
1566,Customer 1566,customer1566@example.com,FR,2023-04-23,Premium,4998.41
1567,Customer 1567,customer1567@example.com,CA,2021-11-21,Standard,7005.39
1568,Customer 1568,customer1568@example.com,US,2019-10-23,Standard,7289.47
1569,Customer 1569,customer1569@example.com,FR,2021-11-09,Standard,2397.82
1570,Customer 1570,customer1570@example.com,UK,2024-08-04,Basic,3457.61
1571,Customer 1571,customer1571@example.com,IN,2023-04-03,Premium,8843.42
1572,Customer 1572,customer1572@example.com,CA,2022-05-18,Standard,8347.50
1573,Customer 1573,customer1573@example.com,CA,2022-01-15,Standard,8017.58
1574,Customer 1574,customer1574@example.com,AU,2019-10-26,Basic,2151.37
1575,Customer 1575,customer1575@example.com,CA,2018-12-20,Basic,4880.61
1576,Customer 1576,customer1576@example.com,UK,2020-03-28,Premium,6096.92
1577,Customer 1577,customer1577@example.com,US,2022-08-31,Standard,3106.15
1578,Customer 1578,customer1578@example.com,UK,2024-03-30,Premium,9992.69
1579,Customer 1579,customer1579@example.com,DE,2020-12-04,Standard,6801.59
1580,Customer 1580,customer1580@example.com,UK,2023-08-25,Premium,8087.47
1581,Customer 1581,customer1581@example.com,DE,2022-10-30,Premium,6213.87
1582,Customer 1582,customer1582@example.com,US,2024-04-20,Premium,4915.02
1583,Customer 1583,customer1583@example.com,DE,2021-12-26,Premium,7723.94
1584,Customer 1584,customer1584@example.com,IN,2020-12-31,Premium,8548.74
1585,Customer 1585,customer1585@example.com,AU,2023-10-13,Basic,6727.91
1586,Customer 1586,customer1586@example.com,CA,2018-07-26,Standard,8009.97
1587,Customer 1587,customer1587@example.com,AU,2019-03-31,Premium,7838.36
1588,Customer 1588,,IN,2019-02-22,Basic,515.50
1589,Customer 1589,customer1589@example.com,US,2019-11-16,Basic,1268.79
1590,Customer 1590,customer1590@example.com,UK,2022-01-21,Premium,7310.66
1591,Customer 1591,customer1591@example.com,CA,2022-12-14,Basic,5034.07
1592,Customer 1592,customer1592@example.com,AU,2019-02-11,Premium,6506.22
1593,Customer 1593,customer1593@example.com,DE,2019-07-19,Premium,8501.09
1594,Customer 1594,customer1594@example.com,FR,2022-08-30,Premium,2528.63
1595,Customer 1595,customer1595@example.com,AU,2023-04-25,Standard,2938.91
1596,Customer 1596,customer1596@example.com,UK,2018-12-16,Standard,3787.12
1597,Customer 1597,customer1597@example.com,AU,2022-08-27,Standard,6331.46
1598,Customer 1598,customer1598@example.com,UK,2019-09-13,Basic,4275.05
1599,Customer 1599,customer1599@example.com,UK,2019-07-20,Standard,4192.75
1600,Customer 1600,customer1600@example.com,FR,2023-02-23,Basic,7966.61
1601,Customer 1601,customer1601@example.com,DE,2018-05-02,Standard,1541.28
1602,Customer 1602,customer1602@example.com,US,2023-10-21,Premium,939.30
1603,Customer 1603,customer1603@example.com,DE,2022-07-04,Premium,4397.32
1604,Customer 1604,customer1604@example.com,FR,2018-06-01,Basic,9232.94
1605,Customer 1605,customer1605@example.com,UK,2024-06-11,Premium,9779.56
1606,Customer 1606,customer1606@example.com,CA,2023-10-31,Standard,4251.12
1607,Customer 1607,customer1607@example.com,CA,2024-03-17,Standard,7243.36
1608,Customer 1608,customer1608@example.com,DE,2021-11-10,Premium,8287.34
1609,Customer 1609,customer1609@example.com,IN,2024-11-05,Premium,7032.92
1610,Customer 1610,customer1610@example.com,FR,2020-04-20,Basic,6281.16
1611,Customer 1611,customer1611@example.com,IN,2022-12-17,Basic,3517.98
1612,Customer 1612,customer1612@example.com,AU,2022-07-15,Premium,8821.65
1613,Customer 1613,customer1613@example.com,US,2018-06-01,Basic,3411.48
1614,Customer 1614,customer1614@example.com,CA,2019-06-01,Basic,9920.05
1615,Customer 1615,customer1615@example.com,DE,2020-05-25,Premium,5165.55
1616,Customer 1616,customer1616@example.com,DE,2023-11-06,Standard,7594.76
1617,Customer 1617,customer1617@example.com,UK,2018-04-06,Premium,8914.16
1618,Customer 1618,customer1618@example.com,IN,2024-08-23,Standard,2489.26
1619,Customer 1619,customer1619@example.com,AU,2021-05-29,Basic,4285.18
1620,Customer 1620,customer1620@example.com,IN,2019-03-29,Basic,693.46
1621,Customer 1621,customer1621@example.com,DE,2020-11-29,Basic,5124.24
1622,Customer 1622,customer1622@example.com,US,2018-07-15,Basic,9419.30
1623,Customer 1623,customer1623@example.com,FR,2021-05-05,Basic,7394.90
1624,Customer 1624,customer1624@example.com,FR,2021-10-20,Premium,8073.34
1625,Customer 1625,customer1625@example.com,IN,2024-05-05,Basic,8953.96
1626,Customer 1626,customer1626@example.com,CA,2023-12-25,Basic,2415.00
1627,Customer 1627,customer1627@example.com,DE,2021-03-11,Basic,7869.41
1628,Customer 1628,customer1628@example.com,CA,2024-06-04,Basic,1485.72
1629,Customer 1629,customer1629@example.com,FR,2023-10-30,Basic,2551.57
1630,Customer 1630,customer1630@example.com,DE,2023-10-17,Basic,2006.30
1631,Customer 1631,customer1631@example.com,AU,2022-01-19,Standard,1070.08
1632,Customer 1632,customer1632@example.com,CA,2022-10-10,Standard,911.28
1633,Customer 1633,customer1633@example.com,US,2022-10-07,Premium,4814.91
1634,Customer 1634,customer1634@example.com,FR,2018-11-16,Standard,6800.54
1635,Customer 1635,customer1635@example.com,FR,2024-08-06,Basic,5237.56
1636,Customer 1636,customer1636@example.com,FR,2020-12-16,Basic,5038.39
1637,Customer 1637,customer1637@example.com,FR,2022-12-08,Basic,9317.25
1638,Customer 1638,customer1638@example.com,FR,2022-09-04,Premium,1529.03
1639,Customer 1639,customer1639@example.com,UK,2023-06-09,Basic,4631.36
1640,Customer 1640,customer1640@example.com,CA,2023-10-04,Basic,1268.78
1641,Customer 1641,customer1641@example.com,UK,2023-02-09,Standard,422.81
1642,Customer 1642,customer1642@example.com,UK,2024-04-08,Standard,9224.80
1643,Customer 1643,customer1643@example.com,US,2024-09-30,Standard,1192.33
1644,Customer 1644,customer1644@example.com,DE,2024-05-30,Standard,498.79
1645,Customer 1645,customer1645@example.com,UK,2019-04-28,Standard,3118.75
1646,Customer 1646,customer1646@example.com,DE,2021-05-27,Standard,4910.66
1647,Customer 1647,customer1647@example.com,AU,2019-08-09,Premium,7859.55
1648,Customer 1648,customer1648@example.com,FR,2018-07-19,Standard,8901.67
1649,Customer 1649,customer1649@example.com,UK,2020-01-20,Basic,4939.06
1650,Customer 1650,customer1650@example.com,US,2024-02-21,Standard,768.89
1651,Customer 1651,customer1651@example.com,US,2022-09-07,Standard,5773.29
1652,Customer 1652,customer1652@example.com,IN,2023-01-27,Standard,7835.36
1653,Customer 1653,customer1653@example.com,FR,2024-10-16,Premium,7643.32
1654,Customer 1654,customer1654@example.com,IN,2023-03-03,Standard,6705.49
1655,Customer 1655,customer1655@example.com,UK,2021-08-25,Premium,8018.14
1656,Customer 1656,customer1656@example.com,CA,2024-12-29,Standard,3933.63
1657,Customer 1657,,FR,2021-10-20,Basic,553.62
1658,Customer 1658,customer1658@example.com,CA,2022-12-20,Basic,2846.01
1659,Customer 1659,customer1659@example.com,US,2019-11-10,Basic,345.56
1660,Customer 1660,customer1660@example.com,CA,2021-06-19,Basic,6487.08
1661,Customer 1661,customer1661@example.com,CA,2024-04-10,Premium,2005.02
1662,Customer 1662,customer1662@example.com,IN,2024-01-29,Basic,7600.39
1663,Customer 1663,customer1663@example.com,IN,2023-11-08,Premium,7530.53
1664,Customer 1664,customer1664@example.com,IN,2018-03-18,Premium,6616.72
1665,Customer 1665,customer1665@example.com,IN,2020-01-07,Premium,2822.13
1666,Customer 1666,customer1666@example.com,UK,2020-10-01,Basic,8405.28
1667,Customer 1667,customer1667@example.com,IN,2022-12-25,Premium,8088.52
1668,Customer 1668,customer1668@example.com,IN,2021-08-05,Standard,5930.04
1669,Customer 1669,customer1669@example.com,FR,2018-04-06,Standard,4426.47
1670,Customer 1670,customer1670@example.com,FR,2018-04-09,Basic,3242.09
1671,Customer 1671,customer1671@example.com,DE,2019-01-08,Premium,9799.88
1672,Customer 1672,customer1672@example.com,IN,2019-11-20,Standard,1525.94
1673,Customer 1673,customer1673@example.com,DE,2019-01-03,Premium,3137.26
1674,Customer 1674,customer1674@example.com,FR,2019-11-25,Premium,6183.31
1675,Customer 1675,customer1675@example.com,DE,2020-01-14,Premium,7161.68
1676,Customer 1676,customer1676@example.com,DE,2022-05-17,Premium,3268.41
1677,Customer 1677,customer1677@example.com,FR,2021-08-20,Standard,3817.58
1678,Customer 1678,customer1678@example.com,AU,2019-05-11,Premium,2105.34
1679,Customer 1679,customer1679@example.com,AU,2024-09-11,Basic,2441.26
1680,Customer 1680,customer1680@example.com,IN,2023-08-29,Standard,9498.63
1681,Customer 1681,customer1681@example.com,DE,2018-09-06,Standard,4701.75
1682,Customer 1682,customer1682@example.com,FR,2018-09-26,Standard,386.17
1683,Customer 1683,customer1683@example.com,CA,2020-08-15,Premium,2764.68
1684,Customer 1684,customer1684@example.com,IN,2019-02-20,Premium,7653.49
1685,Customer 1685,customer1685@example.com,CA,2019-05-30,Standard,5725.63
1686,Customer 1686,customer1686@example.com,FR,2018-12-10,Basic,5054.28
1687,Customer 1687,customer1687@example.com,AU,2019-08-07,Standard,5450.35
1688,Customer 1688,customer1688@example.com,UK,2020-10-01,Basic,9530.87
1689,Customer 1689,customer1689@example.com,IN,2023-01-25,Premium,109.91
1690,Customer 1690,customer1690@example.com,FR,2024-12-17,Standard,6565.28
1691,Customer 1691,customer1691@example.com,UK,2018-01-03,Premium,9341.72
1692,Customer 1692,customer1692@example.com,FR,2021-01-24,Basic,2583.80
1693,Customer 1693,customer1693@example.com,CA,2022-04-07,Standard,8440.14
1694,Customer 1694,customer1694@example.com,UK,2024-07-24,Basic,2884.98
1695,Customer 1695,customer1695@example.com,UK,2023-12-28,Basic,792.36
1696,Customer 1696,customer1696@example.com,US,2022-06-08,Basic,1317.47
1697,Customer 1697,customer1697@example.com,UK,2024-03-29,Standard,8794.97
1698,Customer 1698,customer1698@example.com,UK,2024-11-05,Basic,9578.43
1699,Customer 1699,customer1699@example.com,DE,2021-11-04,Basic,2687.47
1700,Customer 1700,customer1700@example.com,AU,2023-01-29,Standard,2534.69
1701,Customer 1701,customer1701@example.com,DE,2021-10-31,Premium,4652.01
1702,Customer 1702,customer1702@example.com,IN,2021-09-07,Premium,9148.78
1703,Customer 1703,customer1703@example.com,UK,2018-01-09,Basic,4817.64
1704,Customer 1704,customer1704@example.com,US,2019-12-12,Standard,5602.33
1705,Customer 1705,customer1705@example.com,CA,2023-06-26,Standard,5427.50
1706,Customer 1706,customer1706@example.com,AU,2018-11-14,Basic,406.38
1707,Customer 1707,customer1707@example.com,AU,2022-12-29,Basic,1321.81
1708,Customer 1708,customer1708@example.com,AU,2022-03-22,Basic,3643.86
1709,Customer 1709,customer1709@example.com,UK,2018-02-04,Premium,4680.66
1710,Customer 1710,customer1710@example.com,UK,2022-12-26,Premium,2293.06
1711,Customer 1711,customer1711@example.com,US,2021-02-25,Basic,9221.85
1712,Customer 1712,customer1712@example.com,DE,2020-02-24,Premium,8181.18
1713,Customer 1713,customer1713@example.com,CA,2021-05-26,Basic,2289.36
1714,Customer 1714,customer1714@example.com,FR,2022-01-26,Premium,2879.49
1715,Customer 1715,customer1715@example.com,CA,2024-10-18,Premium,170.64
1716,Customer 1716,customer1716@example.com,AU,2022-06-11,Premium,8712.17
1717,Customer 1717,customer1717@example.com,IN,2023-08-12,Standard,1787.72
1718,Customer 1718,customer1718@example.com,UK,2024-05-06,Basic,6855.60
1719,Customer 1719,customer1719@example.com,IN,2019-12-20,Premium,5922.83
1720,Customer 1720,customer1720@example.com,CA,2018-09-24,Premium,2670.28
1721,Customer 1721,customer1721@example.com,IN,2020-07-22,Basic,7316.10
1722,Customer 1722,customer1722@example.com,DE,2020-02-25,Basic,328.86
1723,Customer 1723,customer1723@example.com,CA,2023-12-23,Basic,2603.92
1724,Customer 1724,customer1724@example.com,IN,2023-02-03,Premium,9385.11
1725,Customer 1725,,CA,2018-08-01,Standard,4382.23
1726,Customer 1726,customer1726@example.com,FR,2021-01-27,Premium,6833.72
1727,Customer 1727,customer1727@example.com,FR,2023-07-23,Standard,5220.84
1728,Customer 1728,customer1728@example.com,US,2020-07-08,Premium,2851.54
1729,Customer 1729,customer1729@example.com,FR,2023-12-21,Standard,3230.80
1730,Customer 1730,customer1730@example.com,FR,2020-03-08,Standard,909.91
1731,Customer 1731,customer1731@example.com,IN,2018-04-14,Basic,2333.72
1732,Customer 1732,customer1732@example.com,CA,2022-10-02,Premium,9178.25
1733,Customer 1733,customer1733@example.com,UK,2019-11-05,Standard,3176.98
1734,Customer 1734,customer1734@example.com,CA,2019-02-01,Premium,4851.67
1735,Customer 1735,customer1735@example.com,AU,2018-04-09,Basic,7992.49
1736,Customer 1736,customer1736@example.com,DE,2020-10-22,Premium,1167.62
1737,Customer 1737,customer1737@example.com,UK,2021-10-27,Premium,8234.17
1738,Customer 1738,customer1738@example.com,IN,2020-08-27,Premium,7779.92
1739,Customer 1739,customer1739@example.com,IN,2022-12-02,Premium,6290.95
1740,Customer 1740,customer1740@example.com,IN,2019-05-27,Premium,9747.80
1741,Customer 1741,customer1741@example.com,US,2022-03-26,Standard,8911.83
1742,Customer 1742,customer1742@example.com,CA,2018-09-24,Premium,713.82
1743,Customer 1743,customer1743@example.com,AU,2022-12-16,Premium,3084.56
1744,Customer 1744,customer1744@example.com,CA,2022-11-04,Premium,1108.09
1745,Customer 1745,customer1745@example.com,US,2024-04-09,Premium,3019.68
1746,Customer 1746,customer1746@example.com,FR,2022-07-04,Premium,6211.29
1747,Customer 1747,customer1747@example.com,FR,2020-08-12,Basic,7896.00
1748,Customer 1748,customer1748@example.com,IN,2018-02-13,Standard,3900.81
1749,Customer 1749,customer1749@example.com,AU,2022-10-20,Basic,6230.38
1750,Customer 1750,customer1750@example.com,DE,2018-04-17,Standard,5220.41
1751,Customer 1751,customer1751@example.com,IN,2020-02-28,Premium,1116.63
1752,Customer 1752,customer1752@example.com,IN,2018-10-04,Basic,7915.22
1753,Customer 1753,customer1753@example.com,UK,2024-06-05,Premium,6409.90
1754,Customer 1754,customer1754@example.com,DE,2021-12-26,Standard,4865.85
1755,Customer 1755,customer1755@example.com,IN,2022-12-27,Premium,2507.21
1756,Customer 1756,customer1756@example.com,AU,2018-06-30,Premium,1364.04
1757,Customer 1757,customer1757@example.com,IN,2022-11-21,Basic,9601.44
1758,Customer 1758,customer1758@example.com,AU,2022-01-05,Standard,5878.29
1759,Customer 1759,customer1759@example.com,IN,2019-08-20,Premium,4748.29
1760,Customer 1760,customer1760@example.com,IN,2021-11-05,Standard,3751.42
1761,Customer 1761,customer1761@example.com,US,2023-10-22,Basic,6611.00
1762,Customer 1762,customer1762@example.com,UK,2018-08-23,Premium,5120.37
1763,Customer 1763,customer1763@example.com,AU,2024-04-10,Premium,4278.41
1764,Customer 1764,customer1764@example.com,UK,2020-03-31,Basic,9094.15
1765,Customer 1765,customer1765@example.com,AU,2018-10-08,Standard,1974.62
1766,Customer 1766,customer1766@example.com,FR,2023-03-30,Basic,6954.90
1767,Customer 1767,customer1767@example.com,AU,2024-06-27,Basic,9634.34
1768,Customer 1768,customer1768@example.com,IN,2021-05-12,Standard,3353.33
1769,Customer 1769,customer1769@example.com,US,2023-02-04,Premium,5009.71
1770,Customer 1770,customer1770@example.com,US,2020-07-02,Basic,2379.71
1771,Customer 1771,customer1771@example.com,IN,2020-05-23,Premium,4859.39
1772,Customer 1772,customer1772@example.com,AU,2021-09-19,Basic,3821.53
1773,Customer 1773,customer1773@example.com,FR,2020-01-25,Premium,3691.89
1774,Customer 1774,customer1774@example.com,US,2022-01-05,Premium,5591.45
1775,Customer 1775,customer1775@example.com,UK,2021-04-05,Standard,2024.59
1776,Customer 1776,customer1776@example.com,IN,2022-01-14,Premium,9755.56
1777,Customer 1777,customer1777@example.com,UK,2020-03-21,Standard,1824.05
1778,Customer 1778,customer1778@example.com,DE,2019-12-15,Standard,8490.59
1779,Customer 1779,customer1779@example.com,UK,2020-01-02,Premium,312.77
1780,Customer 1780,customer1780@example.com,AU,2020-12-08,Premium,307.84
1781,Customer 1781,customer1781@example.com,CA,2019-07-17,Standard,6583.21
1782,Customer 1782,customer1782@example.com,US,2021-10-18,Premium,3120.22
1783,Customer 1783,customer1783@example.com,UK,2022-02-23,Standard,6643.00
1784,Customer 1784,customer1784@example.com,IN,2024-12-27,Standard,8796.04
1785,Customer 1785,customer1785@example.com,US,2019-05-01,Premium,8838.96
1786,Customer 1786,customer1786@example.com,UK,2020-02-16,Premium,5372.29
1787,Customer 1787,customer1787@example.com,CA,2022-03-13,Standard,6035.54
1788,Customer 1788,customer1788@example.com,CA,2020-09-28,Premium,7654.52
1789,Customer 1789,customer1789@example.com,IN,2020-02-14,Basic,3012.41
1790,Customer 1790,customer1790@example.com,UK,2021-09-04,Premium,627.26
1791,Customer 1791,customer1791@example.com,AU,2021-02-21,Premium,8529.88
1792,Customer 1792,customer1792@example.com,IN,2023-06-26,Premium,7300.26
1793,Customer 1793,customer1793@example.com,AU,2023-04-12,Basic,6187.38
1794,Customer 1794,customer1794@example.com,UK,2023-09-15,Standard,7537.95
1795,Customer 1795,customer1795@example.com,CA,2023-09-17,Standard,5036.02
1796,Customer 1796,customer1796@example.com,FR,2020-01-04,Standard,7153.62
1797,Customer 1797,customer1797@example.com,IN,2023-06-03,Basic,9561.94
1798,Customer 1798,customer1798@example.com,FR,2021-01-04,Basic,4069.37
1799,Customer 1799,customer1799@example.com,AU,2024-07-19,Basic,462.38
1800,Customer 1800,customer1800@example.com,UK,2020-04-11,Standard,8645.37
1801,Customer 1801,customer1801@example.com,FR,2020-06-14,Standard,4307.73
1802,Customer 1802,customer1802@example.com,FR,2024-05-29,Premium,9361.44
1803,Customer 1803,customer1803@example.com,DE,2020-11-08,Basic,939.11
1804,Customer 1804,customer1804@example.com,AU,2018-12-11,Standard,4500.60
1805,Customer 1805,customer1805@example.com,DE,2020-07-31,Basic,507.31
1806,Customer 1806,customer1806@example.com,IN,2024-12-19,Standard,4318.41
1807,Customer 1807,customer1807@example.com,FR,2022-11-07,Standard,3738.37
1808,Customer 1808,customer1808@example.com,FR,2021-07-22,Standard,3885.47
1809,Customer 1809,customer1809@example.com,UK,2022-12-15,Premium,2729.69
1810,Customer 1810,customer1810@example.com,US,2022-01-10,Premium,3015.73
1811,Customer 1811,customer1811@example.com,IN,2023-10-02,Basic,6472.18
1812,Customer 1812,customer1812@example.com,AU,2021-02-06,Premium,1074.25
1813,Customer 1813,customer1813@example.com,US,2022-01-15,Premium,5505.66
1814,Customer 1814,customer1814@example.com,DE,2020-03-16,Basic,3359.49
1815,Customer 1815,customer1815@example.com,DE,2021-01-29,Premium,7085.86
1816,Customer 1816,customer1816@example.com,UK,2024-02-03,Standard,184.49
1817,Customer 1817,customer1817@example.com,DE,2021-02-28,Standard,7852.97
1818,Customer 1818,customer1818@example.com,FR,2022-07-20,Basic,7602.28
1819,Customer 1819,customer1819@example.com,US,2023-04-18,Basic,5175.21
1820,Customer 1820,customer1820@example.com,AU,2019-09-04,Standard,2353.03
1821,Customer 1821,customer1821@example.com,CA,2020-05-09,Standard,2413.86
1822,Customer 1822,customer1822@example.com,IN,2024-03-13,Standard,7252.85
1823,Customer 1823,customer1823@example.com,FR,2021-10-27,Premium,3199.44
1824,Customer 1824,customer1824@example.com,UK,2022-10-23,Basic,4235.11
1825,Customer 1825,customer1825@example.com,FR,2023-01-18,Basic,398.03
1826,Customer 1826,customer1826@example.com,UK,2024-06-23,Premium,3125.16
1827,Customer 1827,customer1827@example.com,CA,2018-02-09,Standard,8122.97
1828,Customer 1828,customer1828@example.com,AU,2021-12-23,Standard,2332.36
1829,Customer 1829,customer1829@example.com,FR,2022-07-11,Basic,5422.28
1830,Customer 1830,customer1830@example.com,DE,2024-08-01,Premium,5719.02
1831,Customer 1831,customer1831@example.com,US,2019-07-24,Premium,9774.71
1832,Customer 1832,customer1832@example.com,DE,2024-05-16,Basic,8011.54
1833,Customer 1833,customer1833@example.com,IN,2024-06-08,Standard,9803.70
1834,Customer 1834,customer1834@example.com,UK,2022-05-20,Premium,5391.46
1835,Customer 1835,customer1835@example.com,UK,2023-04-29,Premium,3355.53
1836,Customer 1836,customer1836@example.com,FR,2021-06-01,Premium,1797.09
1837,Customer 1837,customer1837@example.com,CA,2024-03-14,Premium,417.39
1838,Customer 1838,customer1838@example.com,CA,2024-10-07,Standard,365.70
1839,Customer 1839,customer1839@example.com,UK,2018-10-12,Standard,2909.79
1840,Customer 1840,customer1840@example.com,UK,2021-04-07,Basic,5291.52
1841,Customer 1841,customer1841@example.com,FR,2018-08-24,Standard,5233.46
1842,Customer 1842,customer1842@example.com,UK,2021-08-31,Standard,3971.94
1843,Customer 1843,customer1843@example.com,US,2019-06-13,Basic,4242.29
1844,Customer 1844,customer1844@example.com,CA,2018-10-09,Standard,9555.46
1845,Customer 1845,customer1845@example.com,AU,2020-04-25,Premium,8717.45
1846,Customer 1846,customer1846@example.com,DE,2022-11-06,Basic,6681.45
1847,Customer 1847,customer1847@example.com,UK,2024-10-08,Basic,9397.63
1848,Customer 1848,customer1848@example.com,IN,2020-04-11,Basic,7196.04
1849,Customer 1849,customer1849@example.com,FR,2021-02-02,Premium,173.69
1850,Customer 1850,customer1850@example.com,UK,2022-12-31,Premium,8263.37
1851,Customer 1851,customer1851@example.com,IN,2020-10-08,Basic,3356.03
1852,Customer 1852,customer1852@example.com,IN,2023-07-04,Standard,4680.68
1853,Customer 1853,customer1853@example.com,US,2019-01-09,Standard,6498.36
1854,Customer 1854,customer1854@example.com,FR,2021-11-21,Basic,8442.13
1855,Customer 1855,customer1855@example.com,AU,2021-05-03,Standard,6168.97
1856,Customer 1856,customer1856@example.com,AU,2019-12-19,Standard,2566.43
1857,Customer 1857,customer1857@example.com,IN,2022-11-05,Standard,3908.18
1858,Customer 1858,customer1858@example.com,CA,2020-01-22,Basic,5729.29
1859,Customer 1859,customer1859@example.com,FR,2018-06-28,Premium,8866.86
1860,Customer 1860,customer1860@example.com,UK,2021-01-26,Basic,5423.60
1861,Customer 1861,customer1861@example.com,CA,2018-10-01,Basic,7292.72
1862,Customer 1862,customer1862@example.com,UK,2023-07-15,Standard,9924.66
1863,Customer 1863,customer1863@example.com,IN,2019-05-12,Standard,857.68
1864,Customer 1864,customer1864@example.com,US,2023-08-29,Standard,4159.95
1865,Customer 1865,customer1865@example.com,UK,2020-11-01,Premium,5110.04
1866,Customer 1866,customer1866@example.com,FR,2018-04-20,Premium,6424.78
1867,Customer 1867,customer1867@example.com,CA,2023-03-07,Standard,3502.21
1868,Customer 1868,customer1868@example.com,FR,2020-03-07,Standard,473.97
1869,Customer 1869,customer1869@example.com,DE,2019-04-15,Basic,9179.66
1870,Customer 1870,customer1870@example.com,DE,2023-03-17,Standard,4667.43
1871,Customer 1871,customer1871@example.com,US,2024-02-25,Basic,2498.71
1872,Customer 1872,customer1872@example.com,FR,2019-07-29,Standard,8222.22
1873,Customer 1873,customer1873@example.com,AU,2019-10-23,Premium,8401.11
1874,Customer 1874,customer1874@example.com,IN,2019-02-16,Premium,3012.03
1875,Customer 1875,customer1875@example.com,IN,2022-05-20,Premium,868.09
1876,Customer 1876,customer1876@example.com,AU,2018-02-15,Basic,2805.20
1877,Customer 1877,customer1877@example.com,FR,2022-01-06,Premium,2245.06
1878,Customer 1878,customer1878@example.com,US,2023-12-21,Premium,4476.38
1879,Customer 1879,customer1879@example.com,US,2023-11-12,Basic,6659.15
1880,Customer 1880,customer1880@example.com,CA,2019-02-26,Standard,6934.43
1881,Customer 1881,customer1881@example.com,FR,2018-08-03,Basic,146.19
1882,Customer 1882,customer1882@example.com,AU,2022-03-26,Premium,9295.32
1883,Customer 1883,customer1883@example.com,DE,2020-09-04,Premium,1004.73
1884,Customer 1884,customer1884@example.com,FR,2018-04-25,Premium,3437.45
1885,Customer 1885,customer1885@example.com,UK,2018-09-16,Premium,9591.58
1886,Customer 1886,customer1886@example.com,US,2019-11-19,Basic,1753.77
1887,Customer 1887,customer1887@example.com,FR,2023-10-01,Premium,8174.68
1888,Customer 1888,customer1888@example.com,DE,2024-04-21,Basic,1976.52
1889,Customer 1889,customer1889@example.com,UK,2024-01-28,Standard,9395.34
1890,Customer 1890,customer1890@example.com,US,2020-08-09,Premium,1148.26
1891,Customer 1891,customer1891@example.com,DE,2019-12-13,Premium,4081.18
1892,Customer 1892,customer1892@example.com,DE,2018-02-19,Standard,2206.40
1893,Customer 1893,customer1893@example.com,UK,2018-09-28,Basic,8169.34
1894,Customer 1894,customer1894@example.com,CA,2024-12-30,Standard,535.00
1895,Customer 1895,customer1895@example.com,UK,2022-08-11,Standard,7698.70
1896,Customer 1896,customer1896@example.com,FR,2019-02-22,Basic,5408.20
1897,Customer 1897,customer1897@example.com,AU,2024-05-20,Premium,2594.21
1898,Customer 1898,customer1898@example.com,US,2024-09-23,Standard,9816.02
1899,Customer 1899,customer1899@example.com,CA,2022-05-11,Basic,9253.08
1900,Customer 1900,customer1900@example.com,AU,2019-06-29,Standard,1835.78
1901,Customer 1901,customer1901@example.com,AU,2021-07-26,Basic,4873.09
1902,Customer 1902,customer1902@example.com,DE,2018-03-14,Basic,9129.82
1903,Customer 1903,customer1903@example.com,FR,2022-04-16,Basic,6441.86
1904,Customer 1904,customer1904@example.com,UK,2023-08-25,Basic,7075.83
1905,Customer 1905,customer1905@example.com,US,2020-08-10,Premium,6201.85
1906,Customer 1906,customer1906@example.com,US,2021-06-19,Premium,7405.34
1907,Customer 1907,customer1907@example.com,AU,2020-09-24,Basic,885.96
1908,Customer 1908,customer1908@example.com,UK,2022-03-15,Standard,3036.49
1909,Customer 1909,customer1909@example.com,UK,2022-03-20,Premium,6456.19
1910,Customer 1910,customer1910@example.com,UK,2024-09-15,Standard,7418.63
1911,Customer 1911,customer1911@example.com,DE,2019-07-04,Standard,3243.63
1912,Customer 1912,customer1912@example.com,AU,2018-06-12,Basic,7938.62
1913,Customer 1913,customer1913@example.com,FR,2021-03-27,Premium,2367.20
1914,Customer 1914,customer1914@example.com,CA,2021-09-18,Standard,2498.26
1915,Customer 1915,customer1915@example.com,IN,2018-08-10,Basic,9884.93
1916,Customer 1916,customer1916@example.com,AU,2020-06-30,Basic,8739.79
1917,Customer 1917,customer1917@example.com,IN,2021-08-10,Premium,4479.37
1918,Customer 1918,customer1918@example.com,US,2018-09-22,Standard,792.85
1919,Customer 1919,customer1919@example.com,UK,2018-08-02,Basic,9920.92
1920,Customer 1920,customer1920@example.com,UK,2019-05-30,Premium,1819.39
1921,Customer 1921,customer1921@example.com,IN,2020-04-17,Premium,5123.50
1922,Customer 1922,customer1922@example.com,FR,2023-03-29,Standard,1725.17
1923,Customer 1923,customer1923@example.com,UK,2020-09-30,Standard,1846.71
1924,Customer 1924,customer1924@example.com,UK,2021-05-26,Standard,5806.58
1925,Customer 1925,customer1925@example.com,CA,2020-04-04,Standard,8638.01
1926,Customer 1926,customer1926@example.com,FR,2018-11-24,Standard,4042.62
1927,Customer 1927,customer1927@example.com,UK,2023-04-13,Standard,4284.70
1928,Customer 1928,customer1928@example.com,IN,2022-11-11,Premium,8214.08
1929,Customer 1929,customer1929@example.com,AU,2023-05-29,Premium,7643.10
1930,Customer 1930,customer1930@example.com,FR,2018-12-07,Standard,5992.32
1931,Customer 1931,customer1931@example.com,UK,2024-03-14,Basic,1839.42
1932,Customer 1932,customer1932@example.com,FR,2023-03-15,Standard,4590.67
1933,Customer 1933,customer1933@example.com,FR,2024-04-21,Basic,4860.36
1934,Customer 1934,customer1934@example.com,DE,2019-07-14,Basic,4745.66
1935,Customer 1935,customer1935@example.com,UK,2020-02-16,Premium,227.06
1936,Customer 1936,customer1936@example.com,IN,2022-03-13,Standard,4105.10
1937,Customer 1937,customer1937@example.com,FR,2022-06-05,Basic,3794.13
1938,Customer 1938,customer1938@example.com,FR,2021-06-14,Basic,9876.47
1939,Customer 1939,customer1939@example.com,US,2022-08-02,Premium,9925.48
1940,Customer 1940,customer1940@example.com,US,2022-04-26,Basic,1707.39
1941,Customer 1941,customer1941@example.com,AU,2022-11-23,Standard,7735.58
1942,Customer 1942,customer1942@example.com,AU,2021-11-28,Basic,7120.37
1943,Customer 1943,customer1943@example.com,CA,2022-02-17,Basic,671.28
1944,Customer 1944,customer1944@example.com,FR,2022-10-03,Basic,2543.24
1945,Customer 1945,customer1945@example.com,FR,2018-05-22,Standard,6346.43
1946,Customer 1946,customer1946@example.com,CA,2018-04-26,Basic,6690.19
1947,Customer 1947,customer1947@example.com,UK,2020-12-06,Basic,4609.16
1948,Customer 1948,customer1948@example.com,CA,2019-08-27,Standard,2549.41
1949,Customer 1949,customer1949@example.com,IN,2019-10-24,Premium,1255.63
1950,Customer 1950,customer1950@example.com,US,2022-04-24,Standard,7090.09
1951,Customer 1951,customer1951@example.com,US,2023-10-25,Premium,8772.46
1952,Customer 1952,customer1952@example.com,UK,2022-10-15,Standard,6949.18
1953,Customer 1953,customer1953@example.com,IN,2023-12-24,Basic,8877.84
1954,Customer 1954,customer1954@example.com,IN,2021-06-15,Basic,4174.93
1955,Customer 1955,customer1955@example.com,CA,2018-12-31,Premium,6398.18
1956,Customer 1956,customer1956@example.com,AU,2021-11-11,Premium,2763.31
1957,Customer 1957,customer1957@example.com,UK,2022-06-19,Basic,3150.19
1958,Customer 1958,customer1958@example.com,UK,2023-07-08,Premium,1059.02
1959,Customer 1959,customer1959@example.com,AU,2022-09-08,Basic,4226.74
1960,Customer 1960,customer1960@example.com,DE,2022-11-01,Premium,1846.37
1961,Customer 1961,customer1961@example.com,UK,2019-07-05,Premium,4916.07
1962,Customer 1962,customer1962@example.com,IN,2019-03-28,Standard,5714.21
1963,Customer 1963,customer1963@example.com,UK,2020-01-31,Premium,683.92
1964,Customer 1964,customer1964@example.com,UK,2020-02-25,Standard,9831.18
1965,Customer 1965,customer1965@example.com,AU,2022-08-02,Standard,6305.69
1966,Customer 1966,customer1966@example.com,IN,2019-03-24,Basic,1744.65
1967,Customer 1967,customer1967@example.com,DE,2018-12-18,Standard,1334.35
1968,Customer 1968,customer1968@example.com,US,2021-11-02,Premium,5897.90
1969,Customer 1969,customer1969@example.com,FR,2023-06-11,Basic,7629.28
1970,Customer 1970,customer1970@example.com,US,2018-09-08,Standard,7542.81
1971,Customer 1971,customer1971@example.com,US,2024-07-13,Premium,1058.73
1972,Customer 1972,customer1972@example.com,IN,2018-01-30,Standard,6069.55
1973,Customer 1973,customer1973@example.com,AU,2020-12-24,Standard,4784.99
1974,Customer 1974,customer1974@example.com,DE,2024-10-11,Standard,3431.85
1975,Customer 1975,customer1975@example.com,CA,2021-11-06,Standard,8186.79
1976,Customer 1976,customer1976@example.com,DE,2022-06-21,Standard,6147.01
1977,Customer 1977,customer1977@example.com,DE,2021-09-14,Premium,130.54
1978,Customer 1978,customer1978@example.com,AU,2022-07-04,Basic,8370.67
1979,Customer 1979,customer1979@example.com,UK,2018-04-16,Basic,1316.66
1980,Customer 1980,customer1980@example.com,IN,2021-02-18,Basic,7539.25
1981,Customer 1981,customer1981@example.com,UK,2022-02-18,Standard,6221.68
1982,Customer 1982,customer1982@example.com,CA,2023-05-01,Basic,4189.95
1983,Customer 1983,customer1983@example.com,UK,2018-01-13,Basic,9579.72
1984,Customer 1984,customer1984@example.com,AU,2021-08-12,Premium,6374.40
1985,Customer 1985,customer1985@example.com,AU,2018-07-07,Basic,3322.70
1986,Customer 1986,,FR,2020-08-14,Basic,4896.91
1987,Customer 1987,customer1987@example.com,CA,2024-11-14,Premium,3548.51
1988,Customer 1988,customer1988@example.com,FR,2019-02-16,Basic,3910.10
1989,Customer 1989,customer1989@example.com,IN,2020-03-10,Basic,1517.30
1990,Customer 1990,customer1990@example.com,IN,2024-05-31,Basic,5095.90
1991,Customer 1991,customer1991@example.com,UK,2023-08-02,Premium,3083.35
1992,Customer 1992,customer1992@example.com,CA,2024-02-26,Standard,1763.72
1993,Customer 1993,customer1993@example.com,FR,2019-04-19,Standard,6660.16
1994,Customer 1994,customer1994@example.com,UK,2020-09-23,Premium,1787.29
1995,Customer 1995,customer1995@example.com,CA,2019-01-02,Premium,4405.44
1996,Customer 1996,customer1996@example.com,CA,2018-04-30,Premium,9297.13
1997,Customer 1997,customer1997@example.com,DE,2022-04-20,Standard,2281.72
1998,Customer 1998,customer1998@example.com,DE,2023-05-05,Basic,1318.67
1999,Customer 1999,customer1999@example.com,UK,2023-12-30,Basic,7281.60
2000,Customer 2000,customer2000@example.com,US,2021-09-25,Premium,9324.62
2001,Customer 2001,customer2001@example.com,AU,2024-09-26,Premium,6475.47
2002,Customer 2002,customer2002@example.com,FR,2022-04-13,Basic,6456.81
2003,Customer 2003,customer2003@example.com,IN,2022-11-25,Premium,2313.15
2004,Customer 2004,customer2004@example.com,US,2021-04-06,Premium,1202.69
2005,Customer 2005,customer2005@example.com,DE,2024-08-22,Premium,7471.72
2006,Customer 2006,customer2006@example.com,US,2024-06-04,Standard,1361.43
2007,Customer 2007,customer2007@example.com,DE,2022-04-07,Basic,7395.49
2008,Customer 2008,customer2008@example.com,DE,2018-09-11,Basic,5402.47
2009,Customer 2009,customer2009@example.com,AU,2022-05-09,Standard,3264.47
2010,Customer 2010,customer2010@example.com,DE,2019-06-02,Basic,6671.05
2011,Customer 2011,customer2011@example.com,IN,2020-06-28,Premium,4013.59
2012,Customer 2012,customer2012@example.com,IN,2023-03-02,Standard,1532.54
2013,Customer 2013,customer2013@example.com,DE,2020-06-15,Standard,6831.81
2014,Customer 2014,customer2014@example.com,UK,2024-09-29,Standard,1544.12
2015,Customer 2015,customer2015@example.com,CA,2018-05-21,Basic,3269.38
2016,Customer 2016,customer2016@example.com,IN,2019-05-21,Standard,9968.80
2017,Customer 2017,customer2017@example.com,CA,2024-06-08,Standard,6347.66
2018,Customer 2018,customer2018@example.com,UK,2023-07-21,Standard,7070.99
2019,Customer 2019,customer2019@example.com,FR,2018-08-29,Standard,1611.75
2020,Customer 2020,customer2020@example.com,CA,2020-05-12,Basic,9350.89
2021,Customer 2021,customer2021@example.com,UK,2018-08-04,Premium,8582.11
2022,Customer 2022,customer2022@example.com,CA,2022-05-24,Standard,9845.46
2023,Customer 2023,customer2023@example.com,CA,2019-10-15,Premium,5524.63
2024,Customer 2024,customer2024@example.com,DE,2022-09-27,Basic,4786.87
2025,Customer 2025,customer2025@example.com,DE,2022-05-23,Standard,811.05
2026,Customer 2026,customer2026@example.com,CA,2021-03-05,Standard,6994.13
2027,Customer 2027,customer2027@example.com,UK,2024-02-23,Standard,1063.46
2028,Customer 2028,customer2028@example.com,DE,2024-07-05,Premium,8513.12
2029,Customer 2029,customer2029@example.com,CA,2021-05-30,Standard,6580.88
2030,Customer 2030,customer2030@example.com,IN,2019-07-18,Standard,6989.96
2031,Customer 2031,customer2031@example.com,DE,2019-08-17,Premium,2259.55
2032,Customer 2032,customer2032@example.com,CA,2020-03-12,Basic,6547.26
2033,Customer 2033,customer2033@example.com,DE,2024-06-15,Premium,6815.35
2034,Customer 2034,customer2034@example.com,AU,2019-08-28,Standard,9508.94
2035,Customer 2035,customer2035@example.com,FR,2019-11-21,Premium,1050.87
2036,Customer 2036,customer2036@example.com,FR,2020-01-06,Premium,1261.73
2037,Customer 2037,customer2037@example.com,IN,2021-10-18,Basic,4394.83
2038,Customer 2038,customer2038@example.com,UK,2022-07-13,Premium,436.53
2039,Customer 2039,customer2039@example.com,UK,2022-06-13,Standard,3096.63
2040,Customer 2040,customer2040@example.com,IN,2019-12-08,Basic,7477.48
2041,Customer 2041,customer2041@example.com,AU,2019-01-03,Standard,8662.47
2042,Customer 2042,customer2042@example.com,CA,2022-04-15,Standard,6360.10
2043,Customer 2043,customer2043@example.com,FR,2022-02-13,Premium,1288.00
2044,Customer 2044,,US,2019-05-15,Standard,6449.95
2045,Customer 2045,customer2045@example.com,IN,2020-07-10,Premium,5909.82
2046,Customer 2046,customer2046@example.com,IN,2023-05-19,Standard,6967.89
2047,Customer 2047,customer2047@example.com,US,2024-08-25,Premium,3901.20
2048,Customer 2048,customer2048@example.com,CA,2022-11-12,Standard,5757.09
2049,Customer 2049,customer2049@example.com,US,2021-08-25,Premium,7166.30
2050,Customer 2050,customer2050@example.com,AU,2024-01-11,Premium,4112.77
2051,Customer 2051,customer2051@example.com,CA,2018-03-22,Standard,5605.00
2052,Customer 2052,customer2052@example.com,IN,2023-12-12,Standard,732.92
2053,Customer 2053,customer2053@example.com,AU,2024-07-23,Basic,7166.12
2054,Customer 2054,customer2054@example.com,AU,2019-05-24,Premium,9660.24
2055,Customer 2055,customer2055@example.com,US,2020-01-11,Basic,6982.64
2056,Customer 2056,customer2056@example.com,US,2024-03-22,Standard,8025.08
2057,Customer 2057,customer2057@example.com,US,2018-06-10,Premium,5793.30
2058,Customer 2058,customer2058@example.com,CA,2019-10-23,Premium,5668.71
2059,Customer 2059,customer2059@example.com,AU,2018-05-24,Premium,9801.29
2060,Customer 2060,customer2060@example.com,IN,2021-05-07,Standard,9666.13
2061,Customer 2061,customer2061@example.com,UK,2022-09-29,Basic,100.85
2062,Customer 2062,customer2062@example.com,DE,2018-07-09,Basic,9055.73
2063,Customer 2063,customer2063@example.com,DE,2023-12-28,Standard,1484.56
2064,Customer 2064,customer2064@example.com,FR,2021-07-05,Basic,9116.75
2065,Customer 2065,customer2065@example.com,DE,2024-10-18,Basic,5154.84
2066,Customer 2066,customer2066@example.com,CA,2019-02-10,Basic,8215.66
2067,Customer 2067,customer2067@example.com,UK,2018-05-31,Premium,1502.51
2068,Customer 2068,customer2068@example.com,AU,2020-05-31,Premium,6061.23
2069,Customer 2069,customer2069@example.com,UK,2024-08-20,Standard,2846.22
2070,Customer 2070,customer2070@example.com,CA,2024-12-23,Standard,836.16
2071,Customer 2071,customer2071@example.com,DE,2020-12-03,Standard,6532.71
2072,Customer 2072,customer2072@example.com,UK,2022-06-27,Standard,924.22
2073,Customer 2073,customer2073@example.com,DE,2022-10-09,Basic,1518.12
2074,Customer 2074,customer2074@example.com,UK,2018-10-17,Basic,7353.48
2075,Customer 2075,customer2075@example.com,CA,2020-02-29,Basic,3784.21
2076,Customer 2076,customer2076@example.com,CA,2023-09-26,Basic,1724.03
2077,Customer 2077,customer2077@example.com,AU,2019-09-21,Standard,9925.25
2078,Customer 2078,customer2078@example.com,FR,2022-04-02,Premium,9643.78
2079,Customer 2079,customer2079@example.com,UK,2018-11-14,Standard,1333.75
2080,Customer 2080,customer2080@example.com,US,2024-02-25,Standard,753.00
2081,Customer 2081,customer2081@example.com,CA,2018-12-31,Standard,9101.53
2082,Customer 2082,customer2082@example.com,AU,2021-01-24,Premium,8701.67
2083,Customer 2083,customer2083@example.com,UK,2021-01-25,Premium,1069.67
2084,Customer 2084,customer2084@example.com,UK,2022-03-31,Premium,7849.06
2085,Customer 2085,customer2085@example.com,US,2019-12-21,Basic,7310.44
2086,Customer 2086,customer2086@example.com,DE,2024-08-08,Standard,1045.85
2087,Customer 2087,customer2087@example.com,DE,2024-06-01,Standard,5560.27
2088,Customer 2088,customer2088@example.com,IN,2019-02-10,Premium,1790.40
2089,Customer 2089,customer2089@example.com,AU,2022-05-15,Premium,3517.21
2090,Customer 2090,customer2090@example.com,CA,2023-12-18,Basic,5986.71
2091,Customer 2091,customer2091@example.com,AU,2022-07-08,Standard,5963.87
2092,Customer 2092,customer2092@example.com,DE,2018-02-08,Basic,5184.30
2093,Customer 2093,customer2093@example.com,UK,2019-06-02,Premium,3850.13
2094,Customer 2094,customer2094@example.com,CA,2020-12-31,Premium,9192.57
2095,Customer 2095,customer2095@example.com,CA,2022-02-25,Basic,7797.53
2096,Customer 2096,customer2096@example.com,CA,2024-10-29,Standard,7097.19
2097,Customer 2097,customer2097@example.com,UK,2022-12-03,Standard,8004.84
2098,Customer 2098,customer2098@example.com,IN,2021-03-20,Standard,9530.90
2099,Customer 2099,customer2099@example.com,IN,2020-07-26,Standard,6392.79
2100,Customer 2100,customer2100@example.com,US,2021-06-05,Standard,7728.73
2101,Customer 2101,customer2101@example.com,AU,2019-01-05,Basic,886.80
2102,Customer 2102,customer2102@example.com,CA,2020-09-10,Premium,1734.62
2103,Customer 2103,customer2103@example.com,US,2018-12-13,Basic,2929.92
2104,Customer 2104,customer2104@example.com,FR,2018-02-13,Standard,6802.63
2105,Customer 2105,customer2105@example.com,CA,2019-07-13,Standard,5028.27
2106,Customer 2106,customer2106@example.com,CA,2023-12-21,Basic,1334.45
2107,Customer 2107,customer2107@example.com,US,2024-11-29,Premium,9117.78
2108,Customer 2108,customer2108@example.com,CA,2018-01-30,Basic,4307.29
2109,Customer 2109,customer2109@example.com,IN,2021-11-14,Premium,9942.80
2110,Customer 2110,customer2110@example.com,CA,2023-12-04,Basic,6131.02
2111,Customer 2111,customer2111@example.com,IN,2023-01-12,Premium,6777.77
2112,Customer 2112,customer2112@example.com,AU,2023-11-15,Premium,1830.66
2113,Customer 2113,customer2113@example.com,DE,2019-07-01,Basic,3597.59
2114,Customer 2114,customer2114@example.com,US,2022-09-28,Standard,3853.04
2115,Customer 2115,customer2115@example.com,DE,2019-04-09,Standard,9149.05
2116,Customer 2116,customer2116@example.com,UK,2024-01-18,Premium,2971.64
2117,Customer 2117,customer2117@example.com,FR,2021-04-17,Standard,2209.35
2118,Customer 2118,customer2118@example.com,CA,2024-05-18,Standard,2252.89
2119,Customer 2119,customer2119@example.com,DE,2023-10-13,Premium,9360.60
2120,Customer 2120,customer2120@example.com,IN,2023-06-23,Premium,3621.87
2121,Customer 2121,customer2121@example.com,IN,2023-03-01,Standard,3053.67
2122,Customer 2122,customer2122@example.com,US,2018-01-22,Standard,8912.94
2123,Customer 2123,customer2123@example.com,UK,2022-07-05,Standard,187.75
2124,Customer 2124,customer2124@example.com,FR,2023-07-09,Premium,938.96
2125,Customer 2125,customer2125@example.com,IN,2019-09-22,Standard,1326.04
2126,Customer 2126,customer2126@example.com,FR,2018-01-29,Premium,7717.53
2127,Customer 2127,customer2127@example.com,DE,2020-07-15,Standard,4014.05
2128,Customer 2128,customer2128@example.com,DE,2022-02-01,Standard,8932.71
2129,Customer 2129,customer2129@example.com,IN,2021-01-08,Premium,9894.76
2130,Customer 2130,customer2130@example.com,CA,2022-12-05,Premium,1484.76
2131,Customer 2131,customer2131@example.com,CA,2022-11-13,Premium,3656.44
2132,Customer 2132,customer2132@example.com,AU,2020-03-23,Premium,1976.71
2133,Customer 2133,customer2133@example.com,US,2019-07-02,Standard,4268.45
2134,Customer 2134,customer2134@example.com,DE,2018-05-10,Premium,6695.43
2135,Customer 2135,customer2135@example.com,FR,2020-12-24,Premium,4268.84
2136,Customer 2136,customer2136@example.com,IN,2023-07-23,Basic,7171.78
2137,Customer 2137,customer2137@example.com,DE,2022-06-26,Basic,7287.35
2138,Customer 2138,customer2138@example.com,CA,2022-05-12,Premium,1186.35
2139,Customer 2139,customer2139@example.com,US,2018-03-28,Premium,1639.87
2140,Customer 2140,customer2140@example.com,IN,2018-02-25,Basic,2441.40
2141,Customer 2141,customer2141@example.com,CA,2021-11-02,Standard,9766.74
2142,Customer 2142,customer2142@example.com,CA,2018-02-02,Standard,4853.91
2143,Customer 2143,customer2143@example.com,DE,2023-06-14,Premium,7632.91
2144,Customer 2144,customer2144@example.com,UK,2024-12-04,Premium,7319.56
2145,Customer 2145,customer2145@example.com,UK,2020-10-18,Standard,7690.60
2146,Customer 2146,customer2146@example.com,AU,2020-12-15,Basic,2548.81
2147,Customer 2147,customer2147@example.com,AU,2022-10-24,Premium,4791.54
2148,Customer 2148,customer2148@example.com,AU,2019-02-27,Basic,7331.52
2149,Customer 2149,customer2149@example.com,IN,2020-01-13,Premium,9926.26
2150,Customer 2150,customer2150@example.com,IN,2019-09-02,Premium,1292.57
2151,Customer 2151,customer2151@example.com,FR,2018-06-07,Standard,9904.95
2152,Customer 2152,customer2152@example.com,UK,2022-10-13,Premium,6203.03
2153,Customer 2153,customer2153@example.com,US,2018-07-28,Standard,4132.24
2154,Customer 2154,customer2154@example.com,DE,2020-08-05,Premium,3428.16
2155,Customer 2155,customer2155@example.com,FR,2018-09-09,Basic,4328.02
2156,Customer 2156,customer2156@example.com,US,2021-05-31,Premium,2765.54
2157,Customer 2157,customer2157@example.com,DE,2021-12-08,Basic,4238.93
2158,Customer 2158,customer2158@example.com,DE,2018-07-14,Premium,504.80
2159,Customer 2159,customer2159@example.com,US,2021-08-10,Premium,2924.64
2160,Customer 2160,customer2160@example.com,DE,2024-10-20,Premium,4365.98
2161,Customer 2161,customer2161@example.com,DE,2023-07-06,Standard,3409.39
2162,Customer 2162,customer2162@example.com,US,2019-02-01,Basic,235.25
2163,Customer 2163,customer2163@example.com,IN,2019-06-18,Standard,3669.63
2164,Customer 2164,customer2164@example.com,AU,2022-01-20,Basic,7810.20
2165,Customer 2165,customer2165@example.com,IN,2024-10-12,Standard,2458.70
2166,Customer 2166,customer2166@example.com,DE,2020-05-10,Basic,3902.09
2167,Customer 2167,customer2167@example.com,US,2019-06-19,Basic,7451.62
2168,Customer 2168,customer2168@example.com,US,2018-06-18,Basic,9686.47
2169,Customer 2169,customer2169@example.com,CA,2020-02-20,Premium,7076.13
2170,Customer 2170,customer2170@example.com,US,2018-11-03,Basic,6228.20
2171,Customer 2171,customer2171@example.com,DE,2023-04-27,Premium,5382.22
2172,Customer 2172,customer2172@example.com,UK,2018-06-29,Premium,1997.90
2173,Customer 2173,customer2173@example.com,IN,2020-10-31,Basic,9753.75
2174,Customer 2174,customer2174@example.com,DE,2023-01-11,Basic,7201.53
2175,Customer 2175,customer2175@example.com,FR,2018-10-05,Standard,4248.14
2176,Customer 2176,customer2176@example.com,IN,2018-03-31,Premium,6031.62
2177,Customer 2177,customer2177@example.com,CA,2019-06-13,Standard,549.91
2178,Customer 2178,customer2178@example.com,IN,2018-09-07,Basic,1982.89
2179,Customer 2179,customer2179@example.com,AU,2022-06-17,Standard,6878.47
2180,Customer 2180,customer2180@example.com,AU,2023-10-05,Premium,1738.63
2181,Customer 2181,customer2181@example.com,AU,2023-09-18,Standard,5668.74
2182,Customer 2182,customer2182@example.com,FR,2022-06-30,Basic,2787.79
2183,Customer 2183,customer2183@example.com,UK,2018-01-15,Premium,5761.79
2184,Customer 2184,customer2184@example.com,IN,2018-02-06,Basic,4608.87
2185,Customer 2185,customer2185@example.com,CA,2023-11-21,Standard,3103.76
2186,Customer 2186,customer2186@example.com,UK,2021-04-28,Basic,2758.30
2187,Customer 2187,customer2187@example.com,US,2019-12-02,Premium,551.56
2188,Customer 2188,customer2188@example.com,UK,2021-04-10,Premium,6432.19
2189,Customer 2189,customer2189@example.com,DE,2019-06-29,Standard,8746.49
2190,Customer 2190,customer2190@example.com,US,2020-10-16,Premium,5392.49
2191,Customer 2191,customer2191@example.com,US,2021-11-24,Basic,6091.08
2192,Customer 2192,customer2192@example.com,DE,2021-08-22,Premium,9469.64
2193,Customer 2193,customer2193@example.com,IN,2020-12-17,Basic,1422.75
2194,Customer 2194,customer2194@example.com,IN,2021-04-22,Standard,9854.09
2195,Customer 2195,customer2195@example.com,CA,2018-02-12,Standard,2270.87
2196,Customer 2196,customer2196@example.com,DE,2019-12-25,Standard,9718.89
2197,Customer 2197,customer2197@example.com,IN,2024-07-17,Premium,7253.76
2198,Customer 2198,customer2198@example.com,CA,2022-04-14,Basic,2647.72
2199,Customer 2199,customer2199@example.com,CA,2024-10-11,Basic,2140.97
2200,Customer 2200,customer2200@example.com,FR,2020-06-22,Standard,2761.06
2201,Customer 2201,customer2201@example.com,IN,2022-06-08,Premium,4515.95
2202,Customer 2202,customer2202@example.com,CA,2022-11-13,Standard,1568.51
2203,Customer 2203,customer2203@example.com,FR,2019-01-19,Standard,1896.98
2204,Customer 2204,customer2204@example.com,UK,2019-12-23,Premium,5739.61
2205,Customer 2205,customer2205@example.com,CA,2020-01-09,Basic,2892.24
2206,Customer 2206,customer2206@example.com,DE,2019-10-30,Premium,8193.24
2207,Customer 2207,customer2207@example.com,CA,2024-10-25,Premium,787.60
2208,Customer 2208,customer2208@example.com,US,2022-10-13,Premium,4604.74
2209,Customer 2209,customer2209@example.com,CA,2022-07-07,Premium,7270.64
2210,Customer 2210,customer2210@example.com,UK,2018-02-18,Basic,1087.33
2211,Customer 2211,customer2211@example.com,FR,2018-03-26,Premium,8282.97
2212,Customer 2212,customer2212@example.com,AU,2018-06-29,Premium,2558.60
2213,Customer 2213,customer2213@example.com,US,2021-01-01,Premium,9392.12
2214,Customer 2214,customer2214@example.com,IN,2018-02-25,Premium,9580.42
2215,Customer 2215,customer2215@example.com,US,2024-01-31,Basic,8200.73
2216,Customer 2216,customer2216@example.com,AU,2018-12-15,Premium,1478.38
2217,Customer 2217,customer2217@example.com,AU,2024-04-24,Standard,8173.10
2218,Customer 2218,customer2218@example.com,DE,2021-09-20,Standard,1629.68
2219,Customer 2219,customer2219@example.com,US,2024-02-05,Basic,2747.82
2220,Customer 2220,customer2220@example.com,IN,2019-05-20,Premium,8266.76
2221,Customer 2221,customer2221@example.com,US,2024-02-09,Standard,1115.40
2222,Customer 2222,customer2222@example.com,AU,2022-08-29,Premium,111.98
2223,Customer 2223,customer2223@example.com,UK,2018-04-09,Premium,4328.64
2224,Customer 2224,customer2224@example.com,UK,2021-12-18,Basic,2939.78
2225,Customer 2225,customer2225@example.com,CA,2022-04-25,Basic,8853.82
2226,Customer 2226,customer2226@example.com,AU,2019-04-06,Standard,1778.63
2227,Customer 2227,,US,2020-07-08,Premium,9569.02
2228,Customer 2228,customer2228@example.com,DE,2022-01-03,Premium,6195.40
2229,Customer 2229,customer2229@example.com,US,2022-01-16,Premium,8966.31
2230,Customer 2230,customer2230@example.com,IN,2019-09-11,Premium,4343.42
2231,Customer 2231,customer2231@example.com,DE,2024-09-22,Premium,6826.39
2232,Customer 2232,customer2232@example.com,UK,2021-05-20,Basic,8193.87
2233,Customer 2233,customer2233@example.com,DE,2019-03-02,Standard,9170.72
2234,Customer 2234,customer2234@example.com,CA,2022-02-20,Standard,8126.12
2235,Customer 2235,customer2235@example.com,CA,2018-11-09,Premium,8630.97
2236,Customer 2236,customer2236@example.com,UK,2019-08-24,Standard,1563.02
2237,Customer 2237,customer2237@example.com,FR,2023-05-14,Premium,1220.32
2238,Customer 2238,customer2238@example.com,FR,2021-02-14,Premium,995.43
2239,Customer 2239,customer2239@example.com,UK,2020-01-15,Standard,3590.83
2240,Customer 2240,customer2240@example.com,FR,2022-10-03,Standard,6964.87
2241,Customer 2241,customer2241@example.com,FR,2024-09-30,Basic,3401.30
2242,Customer 2242,customer2242@example.com,AU,2020-10-04,Standard,4244.73
2243,Customer 2243,customer2243@example.com,FR,2024-01-16,Basic,4976.75
2244,Customer 2244,customer2244@example.com,IN,2020-07-31,Standard,927.82
2245,Customer 2245,customer2245@example.com,CA,2022-09-24,Basic,5820.98
2246,Customer 2246,customer2246@example.com,CA,2020-06-17,Basic,963.78
2247,Customer 2247,customer2247@example.com,DE,2018-01-12,Premium,9939.66
2248,Customer 2248,customer2248@example.com,US,2022-01-24,Basic,4791.87
2249,Customer 2249,customer2249@example.com,UK,2019-03-28,Premium,9122.48
2250,Customer 2250,customer2250@example.com,DE,2019-07-25,Standard,4657.85
2251,Customer 2251,customer2251@example.com,AU,2024-03-08,Standard,2500.72
2252,Customer 2252,customer2252@example.com,AU,2020-07-08,Premium,7495.25
2253,Customer 2253,customer2253@example.com,US,2019-08-10,Standard,7357.51
2254,Customer 2254,customer2254@example.com,CA,2022-10-06,Standard,635.43
2255,Customer 2255,customer2255@example.com,US,2024-07-10,Premium,4820.58
2256,Customer 2256,customer2256@example.com,IN,2019-10-10,Premium,1554.18
2257,Customer 2257,customer2257@example.com,UK,2018-11-20,Premium,862.95
2258,Customer 2258,customer2258@example.com,IN,2022-09-02,Premium,7677.64
2259,Customer 2259,customer2259@example.com,FR,2019-07-28,Basic,5321.76
2260,Customer 2260,customer2260@example.com,DE,2023-04-10,Standard,7253.32
2261,Customer 2261,customer2261@example.com,FR,2018-02-24,Standard,1201.54
2262,Customer 2262,customer2262@example.com,US,2018-05-12,Basic,7536.22
2263,Customer 2263,customer2263@example.com,IN,2019-10-19,Premium,4024.27
2264,Customer 2264,customer2264@example.com,FR,2023-02-04,Basic,7142.93
2265,Customer 2265,customer2265@example.com,DE,2024-06-01,Basic,3129.74
2266,Customer 2266,customer2266@example.com,UK,2022-10-02,Premium,2791.09
2267,Customer 2267,customer2267@example.com,US,2023-11-07,Standard,9781.47
2268,Customer 2268,customer2268@example.com,UK,2020-05-17,Standard,6228.53
2269,Customer 2269,customer2269@example.com,UK,2022-05-26,Premium,8242.80
2270,Customer 2270,customer2270@example.com,IN,2024-10-14,Premium,8183.93
2271,Customer 2271,customer2271@example.com,FR,2023-05-10,Standard,6561.73
2272,Customer 2272,customer2272@example.com,FR,2022-04-08,Premium,641.25
2273,Customer 2273,customer2273@example.com,DE,2022-10-04,Premium,2772.20
2274,Customer 2274,customer2274@example.com,US,2018-11-15,Standard,6071.58
2275,Customer 2275,customer2275@example.com,AU,2021-10-06,Premium,2471.35
2276,Customer 2276,customer2276@example.com,UK,2024-01-28,Premium,746.66
2277,Customer 2277,customer2277@example.com,IN,2018-02-14,Standard,1958.66
2278,Customer 2278,customer2278@example.com,UK,2018-05-13,Premium,2764.76
2279,Customer 2279,customer2279@example.com,IN,2024-05-02,Premium,5681.02
2280,Customer 2280,customer2280@example.com,AU,2023-06-05,Premium,575.68
2281,Customer 2281,customer2281@example.com,US,2021-06-18,Premium,9807.36
2282,Customer 2282,customer2282@example.com,AU,2021-03-02,Standard,5052.14
2283,Customer 2283,customer2283@example.com,DE,2022-05-20,Basic,3622.79
2284,Customer 2284,customer2284@example.com,UK,2019-02-03,Standard,4132.14
2285,Customer 2285,customer2285@example.com,CA,2023-08-25,Premium,5071.55
2286,Customer 2286,customer2286@example.com,AU,2019-09-08,Premium,5913.04
2287,Customer 2287,customer2287@example.com,FR,2023-05-08,Basic,8701.24
2288,Customer 2288,customer2288@example.com,US,2021-04-03,Premium,1600.22
2289,Customer 2289,customer2289@example.com,FR,2018-11-19,Basic,1023.58
2290,Customer 2290,customer2290@example.com,CA,2020-08-06,Premium,8094.01
2291,Customer 2291,customer2291@example.com,CA,2019-07-31,Basic,1694.37
2292,Customer 2292,customer2292@example.com,IN,2023-10-16,Basic,6126.52
2293,Customer 2293,customer2293@example.com,IN,2021-10-30,Standard,7874.98
2294,Customer 2294,customer2294@example.com,DE,2021-04-06,Standard,6272.36
2295,Customer 2295,customer2295@example.com,FR,2018-06-13,Basic,7764.33
2296,Customer 2296,customer2296@example.com,FR,2020-09-06,Premium,9970.39
2297,Customer 2297,customer2297@example.com,IN,2018-11-04,Premium,5712.32
2298,Customer 2298,customer2298@example.com,FR,2019-02-03,Premium,1511.96
2299,Customer 2299,customer2299@example.com,AU,2021-06-21,Basic,8688.58
2300,Customer 2300,customer2300@example.com,AU,2018-12-24,Standard,1031.73
2301,Customer 2301,customer2301@example.com,DE,2019-11-27,Standard,1698.58
2302,Customer 2302,customer2302@example.com,DE,2024-06-19,Standard,3598.35
2303,Customer 2303,customer2303@example.com,US,2020-01-04,Basic,7742.21
2304,Customer 2304,customer2304@example.com,DE,2023-04-23,Standard,7655.15
2305,Customer 2305,customer2305@example.com,FR,2019-07-30,Premium,9719.64
2306,Customer 2306,customer2306@example.com,FR,2018-06-12,Standard,8604.13
2307,Customer 2307,customer2307@example.com,FR,2022-08-03,Basic,9179.69
2308,Customer 2308,customer2308@example.com,UK,2022-12-11,Standard,5173.54
2309,Customer 2309,customer2309@example.com,IN,2021-07-08,Standard,926.56
2310,Customer 2310,customer2310@example.com,FR,2023-09-04,Standard,2701.99
2311,Customer 2311,customer2311@example.com,CA,2018-06-24,Basic,9776.57
2312,Customer 2312,customer2312@example.com,US,2020-09-29,Basic,8230.23
2313,Customer 2313,customer2313@example.com,US,2019-09-26,Premium,2977.54
2314,Customer 2314,customer2314@example.com,UK,2024-05-24,Standard,8552.91
2315,Customer 2315,customer2315@example.com,UK,2022-05-10,Standard,6724.59
2316,Customer 2316,customer2316@example.com,DE,2023-03-24,Standard,6460.60
2317,Customer 2317,customer2317@example.com,AU,2023-03-20,Premium,949.64
2318,Customer 2318,customer2318@example.com,CA,2019-03-20,Standard,7705.34
2319,Customer 2319,customer2319@example.com,UK,2022-07-03,Standard,738.27
2320,Customer 2320,customer2320@example.com,DE,2024-10-11,Standard,2205.09
2321,Customer 2321,customer2321@example.com,CA,2023-05-05,Premium,2855.91
2322,Customer 2322,customer2322@example.com,US,2024-02-11,Premium,9490.48
2323,Customer 2323,customer2323@example.com,UK,2020-05-24,Standard,5725.25
2324,Customer 2324,customer2324@example.com,IN,2022-04-07,Premium,9370.95
2325,Customer 2325,customer2325@example.com,DE,2022-10-28,Standard,2212.87
2326,Customer 2326,customer2326@example.com,UK,2018-04-04,Basic,4286.91
2327,Customer 2327,customer2327@example.com,DE,2019-12-23,Premium,1503.21
2328,Customer 2328,customer2328@example.com,DE,2022-07-18,Premium,3053.53
2329,Customer 2329,customer2329@example.com,CA,2023-01-24,Standard,5295.30
2330,Customer 2330,customer2330@example.com,CA,2020-11-28,Premium,8322.44
2331,Customer 2331,customer2331@example.com,US,2022-10-22,Standard,9637.32
2332,Customer 2332,customer2332@example.com,DE,2019-11-05,Premium,3557.83
2333,Customer 2333,customer2333@example.com,FR,2023-05-27,Standard,5401.51
2334,Customer 2334,customer2334@example.com,AU,2019-10-21,Basic,4424.16
2335,Customer 2335,customer2335@example.com,CA,2024-05-25,Standard,8247.86
2336,Customer 2336,customer2336@example.com,IN,2024-09-11,Premium,870.31
2337,Customer 2337,customer2337@example.com,CA,2024-06-27,Basic,1531.71
2338,Customer 2338,customer2338@example.com,CA,2021-07-20,Premium,1590.01
2339,Customer 2339,,FR,2019-08-28,Standard,8656.58
2340,Customer 2340,customer2340@example.com,US,2022-07-23,Standard,5254.85
2341,Customer 2341,customer2341@example.com,US,2023-01-20,Premium,6379.50
2342,Customer 2342,customer2342@example.com,CA,2024-06-27,Premium,461.21
2343,Customer 2343,customer2343@example.com,CA,2020-02-08,Standard,6994.82
2344,Customer 2344,customer2344@example.com,AU,2019-11-12,Basic,3837.81
2345,Customer 2345,customer2345@example.com,DE,2020-05-09,Premium,9720.27
2346,Customer 2346,customer2346@example.com,IN,2018-02-28,Standard,8156.42
2347,Customer 2347,customer2347@example.com,US,2021-05-21,Standard,5070.64
2348,Customer 2348,customer2348@example.com,AU,2019-05-26,Basic,5041.39
2349,Customer 2349,customer2349@example.com,FR,2022-08-23,Standard,3582.12
2350,Customer 2350,customer2350@example.com,AU,2024-01-31,Standard,5279.38
2351,Customer 2351,customer2351@example.com,AU,2021-10-07,Premium,9270.85
2352,Customer 2352,customer2352@example.com,FR,2022-10-21,Standard,1851.26
2353,Customer 2353,customer2353@example.com,IN,2019-10-29,Basic,4415.17
2354,Customer 2354,customer2354@example.com,DE,2022-11-27,Basic,2904.16
2355,Customer 2355,customer2355@example.com,IN,2019-02-11,Premium,8078.80
2356,Customer 2356,customer2356@example.com,US,2019-01-03,Basic,262.62
2357,Customer 2357,customer2357@example.com,FR,2019-03-01,Standard,7524.44
2358,Customer 2358,customer2358@example.com,IN,2024-02-10,Premium,6371.90
2359,Customer 2359,customer2359@example.com,IN,2024-07-08,Premium,6710.33
2360,Customer 2360,customer2360@example.com,AU,2022-09-19,Premium,2306.51
2361,Customer 2361,customer2361@example.com,FR,2024-03-09,Standard,1233.56
2362,Customer 2362,customer2362@example.com,AU,2023-04-08,Premium,3571.08
2363,Customer 2363,customer2363@example.com,AU,2023-03-16,Standard,9089.14
2364,Customer 2364,customer2364@example.com,CA,2022-06-10,Premium,9402.21
2365,Customer 2365,customer2365@example.com,AU,2020-07-06,Basic,2907.68
2366,Customer 2366,customer2366@example.com,CA,2020-12-19,Standard,8400.99
2367,Customer 2367,customer2367@example.com,AU,2022-08-26,Basic,2491.39
2368,Customer 2368,customer2368@example.com,FR,2018-05-14,Premium,359.84
2369,Customer 2369,customer2369@example.com,AU,2022-03-14,Basic,8218.34
2370,Customer 2370,customer2370@example.com,IN,2021-07-24,Standard,1787.07
2371,Customer 2371,customer2371@example.com,IN,2022-10-28,Premium,5601.82
2372,Customer 2372,customer2372@example.com,FR,2020-02-29,Basic,6479.90
2373,Customer 2373,customer2373@example.com,AU,2018-07-31,Basic,4348.11
2374,Customer 2374,customer2374@example.com,CA,2022-05-19,Basic,1819.80
2375,Customer 2375,customer2375@example.com,DE,2023-10-20,Premium,4430.28
2376,Customer 2376,customer2376@example.com,US,2019-06-02,Basic,1271.89
2377,Customer 2377,customer2377@example.com,IN,2022-05-25,Basic,9174.99
2378,Customer 2378,customer2378@example.com,AU,2024-03-14,Premium,9492.13
2379,Customer 2379,customer2379@example.com,UK,2019-01-17,Premium,353.84
2380,Customer 2380,customer2380@example.com,US,2024-08-27,Premium,375.40
2381,Customer 2381,customer2381@example.com,CA,2024-02-05,Premium,5760.76
2382,Customer 2382,customer2382@example.com,US,2019-06-19,Standard,6381.19
2383,Customer 2383,customer2383@example.com,AU,2022-01-06,Premium,2473.25
2384,Customer 2384,customer2384@example.com,UK,2021-05-01,Premium,5400.63
2385,Customer 2385,customer2385@example.com,UK,2022-03-29,Standard,6626.65
2386,Customer 2386,customer2386@example.com,DE,2018-12-06,Premium,6311.64
2387,Customer 2387,customer2387@example.com,CA,2024-07-01,Premium,1198.22
2388,Customer 2388,customer2388@example.com,IN,2019-05-18,Premium,1504.17
2389,Customer 2389,customer2389@example.com,DE,2020-01-10,Premium,866.08
2390,Customer 2390,customer2390@example.com,AU,2022-01-20,Premium,3968.92
2391,Customer 2391,customer2391@example.com,FR,2018-03-31,Standard,828.40
2392,Customer 2392,customer2392@example.com,CA,2018-11-09,Premium,6904.63
2393,Customer 2393,customer2393@example.com,FR,2021-07-08,Basic,9092.19
2394,Customer 2394,customer2394@example.com,AU,2019-10-22,Premium,3057.67
2395,Customer 2395,customer2395@example.com,UK,2024-05-12,Basic,6105.88
2396,Customer 2396,customer2396@example.com,US,2019-04-26,Standard,9938.02
2397,Customer 2397,customer2397@example.com,FR,2024-11-19,Basic,5510.18
2398,Customer 2398,customer2398@example.com,UK,2023-11-08,Basic,2619.56
2399,Customer 2399,customer2399@example.com,US,2020-02-29,Basic,392.60
2400,Customer 2400,customer2400@example.com,US,2023-10-23,Basic,7633.51
2401,Customer 2401,customer2401@example.com,UK,2022-02-03,Premium,8995.87
2402,Customer 2402,customer2402@example.com,US,2021-09-03,Premium,2275.64
2403,Customer 2403,customer2403@example.com,CA,2019-06-03,Standard,2809.30
2404,Customer 2404,customer2404@example.com,UK,2019-01-12,Standard,7110.03
2405,Customer 2405,customer2405@example.com,CA,2021-04-20,Standard,7477.43
2406,Customer 2406,customer2406@example.com,FR,2022-11-22,Basic,9468.82
2407,Customer 2407,customer2407@example.com,UK,2020-10-21,Premium,2058.98
2408,Customer 2408,customer2408@example.com,AU,2021-02-25,Standard,1118.66
2409,Customer 2409,customer2409@example.com,AU,2024-08-03,Standard,1739.97
2410,Customer 2410,customer2410@example.com,UK,2023-06-22,Standard,8840.29
2411,Customer 2411,customer2411@example.com,FR,2024-09-08,Basic,2789.57
2412,Customer 2412,customer2412@example.com,DE,2024-12-26,Premium,6112.23
2413,Customer 2413,customer2413@example.com,FR,2020-03-29,Basic,3593.86
2414,Customer 2414,customer2414@example.com,CA,2018-09-21,Standard,1755.77
2415,Customer 2415,customer2415@example.com,US,2023-09-26,Standard,5910.01
2416,Customer 2416,customer2416@example.com,DE,2024-10-09,Basic,9508.74
2417,Customer 2417,customer2417@example.com,IN,2021-12-13,Standard,396.41
2418,Customer 2418,customer2418@example.com,UK,2021-08-14,Standard,7929.87
2419,Customer 2419,customer2419@example.com,DE,2020-10-01,Premium,2230.32
2420,Customer 2420,customer2420@example.com,DE,2022-03-04,Premium,7817.19
2421,Customer 2421,customer2421@example.com,US,2018-02-09,Standard,6914.09
2422,Customer 2422,customer2422@example.com,CA,2021-09-09,Premium,4707.23
2423,Customer 2423,customer2423@example.com,AU,2021-08-10,Premium,5660.24
2424,Customer 2424,customer2424@example.com,FR,2021-03-07,Basic,2200.53
2425,Customer 2425,customer2425@example.com,UK,2019-02-26,Basic,2852.68
2426,Customer 2426,customer2426@example.com,IN,2018-11-03,Basic,8937.37
2427,Customer 2427,customer2427@example.com,FR,2022-11-18,Standard,8152.61
2428,Customer 2428,customer2428@example.com,UK,2020-03-18,Premium,8046.98
2429,Customer 2429,customer2429@example.com,FR,2018-07-11,Standard,4270.25
2430,Customer 2430,customer2430@example.com,US,2023-01-29,Premium,6054.16
2431,Customer 2431,customer2431@example.com,IN,2022-04-18,Premium,5806.50
2432,Customer 2432,customer2432@example.com,DE,2018-03-15,Basic,7854.73
2433,Customer 2433,customer2433@example.com,IN,2018-01-20,Standard,2915.22
2434,Customer 2434,customer2434@example.com,AU,2022-07-08,Premium,8968.71
2435,Customer 2435,customer2435@example.com,IN,2018-06-10,Standard,6483.28
2436,Customer 2436,customer2436@example.com,US,2023-04-09,Premium,8315.52
2437,Customer 2437,customer2437@example.com,FR,2021-05-17,Standard,3240.18
2438,Customer 2438,customer2438@example.com,DE,2022-06-28,Premium,5608.86
2439,Customer 2439,customer2439@example.com,DE,2023-07-16,Basic,566.02
2440,Customer 2440,customer2440@example.com,DE,2023-02-05,Standard,8501.86
2441,Customer 2441,customer2441@example.com,US,2022-03-12,Basic,1117.16
2442,Customer 2442,customer2442@example.com,UK,2018-07-15,Premium,1473.47
2443,Customer 2443,customer2443@example.com,DE,2022-11-20,Premium,1784.90
2444,Customer 2444,customer2444@example.com,UK,2022-02-19,Basic,9896.69
2445,Customer 2445,customer2445@example.com,CA,2018-08-04,Standard,8844.86
2446,Customer 2446,customer2446@example.com,US,2019-03-30,Premium,9476.73
2447,Customer 2447,customer2447@example.com,US,2020-12-16,Standard,6910.42
2448,Customer 2448,customer2448@example.com,AU,2022-04-04,Standard,7016.78
2449,Customer 2449,customer2449@example.com,UK,2024-07-17,Standard,1287.02
2450,Customer 2450,customer2450@example.com,DE,2019-08-30,Basic,8889.20
2451,Customer 2451,customer2451@example.com,FR,2023-01-05,Basic,1311.50
2452,Customer 2452,customer2452@example.com,IN,2020-09-12,Basic,4831.48
2453,Customer 2453,customer2453@example.com,FR,2021-02-23,Standard,7749.18
2454,Customer 2454,customer2454@example.com,FR,2020-07-14,Premium,2711.74
2455,Customer 2455,customer2455@example.com,DE,2018-12-06,Standard,5629.30
2456,Customer 2456,customer2456@example.com,AU,2020-09-19,Basic,6506.63
2457,Customer 2457,customer2457@example.com,AU,2020-04-23,Basic,872.37
2458,Customer 2458,customer2458@example.com,FR,2018-09-04,Premium,229.97
2459,Customer 2459,customer2459@example.com,UK,2023-04-02,Standard,1960.38
2460,Customer 2460,customer2460@example.com,US,2021-10-26,Premium,8158.55
2461,Customer 2461,customer2461@example.com,AU,2023-12-02,Basic,8598.74
2462,Customer 2462,customer2462@example.com,AU,2021-07-01,Basic,4594.82
2463,Customer 2463,customer2463@example.com,UK,2023-08-29,Premium,9149.84
2464,Customer 2464,customer2464@example.com,UK,2022-01-29,Standard,9753.14
2465,Customer 2465,customer2465@example.com,AU,2024-12-16,Basic,2109.91
2466,Customer 2466,customer2466@example.com,FR,2020-02-09,Premium,2850.60
2467,Customer 2467,customer2467@example.com,UK,2021-06-12,Basic,6518.99
2468,Customer 2468,customer2468@example.com,UK,2023-03-04,Premium,7475.76
2469,Customer 2469,customer2469@example.com,UK,2018-03-09,Standard,1951.59
2470,Customer 2470,customer2470@example.com,US,2023-05-05,Basic,5355.77
2471,Customer 2471,customer2471@example.com,DE,2020-12-23,Premium,9276.58
2472,Customer 2472,customer2472@example.com,US,2021-12-22,Standard,2199.45
2473,Customer 2473,customer2473@example.com,FR,2023-08-19,Standard,5128.48
2474,Customer 2474,customer2474@example.com,US,2022-12-13,Standard,3760.83
2475,Customer 2475,customer2475@example.com,US,2022-04-16,Basic,9287.40
2476,Customer 2476,customer2476@example.com,UK,2021-04-19,Premium,4086.65
2477,Customer 2477,customer2477@example.com,IN,2021-02-04,Basic,6113.74
2478,Customer 2478,customer2478@example.com,IN,2022-11-11,Premium,6843.49
2479,Customer 2479,customer2479@example.com,CA,2020-10-16,Premium,2273.84
2480,Customer 2480,customer2480@example.com,US,2018-05-27,Basic,2735.16
2481,Customer 2481,customer2481@example.com,US,2023-12-20,Premium,2827.05
2482,Customer 2482,customer2482@example.com,IN,2022-07-16,Standard,3989.57
2483,Customer 2483,customer2483@example.com,UK,2021-01-03,Standard,2136.48
2484,Customer 2484,customer2484@example.com,AU,2020-04-13,Standard,6405.30
2485,Customer 2485,customer2485@example.com,CA,2024-09-08,Standard,7365.43
2486,Customer 2486,customer2486@example.com,US,2020-01-29,Basic,9087.05
2487,Customer 2487,customer2487@example.com,IN,2023-05-07,Basic,3122.71
2488,Customer 2488,customer2488@example.com,CA,2020-09-04,Premium,3219.61
2489,Customer 2489,customer2489@example.com,US,2019-11-14,Premium,3388.34
2490,Customer 2490,customer2490@example.com,FR,2019-08-04,Premium,6693.71
2491,Customer 2491,customer2491@example.com,FR,2021-09-30,Premium,1857.40
2492,Customer 2492,customer2492@example.com,DE,2018-11-12,Premium,6824.11
2493,Customer 2493,customer2493@example.com,AU,2018-02-09,Basic,3586.22
2494,Customer 2494,customer2494@example.com,FR,2024-07-16,Premium,4934.24
2495,Customer 2495,customer2495@example.com,UK,2023-04-20,Premium,547.25
2496,Customer 2496,customer2496@example.com,US,2024-05-12,Basic,9905.09
2497,Customer 2497,customer2497@example.com,AU,2020-07-24,Basic,5081.15
2498,Customer 2498,customer2498@example.com,AU,2019-08-24,Premium,1089.93
2499,Customer 2499,customer2499@example.com,AU,2021-10-06,Standard,4957.55
2500,Customer 2500,customer2500@example.com,DE,2024-02-14,Standard,6667.74
2501,Customer 2501,customer2501@example.com,DE,2022-02-01,Standard,234.25
2502,Customer 2502,customer2502@example.com,DE,2021-05-18,Basic,3404.01
2503,Customer 2503,customer2503@example.com,IN,2024-09-06,Standard,1216.33
2504,Customer 2504,customer2504@example.com,CA,2023-10-29,Basic,6434.02
2505,Customer 2505,customer2505@example.com,UK,2022-08-08,Premium,6627.73
2506,Customer 2506,customer2506@example.com,UK,2022-01-03,Standard,405.96
2507,Customer 2507,customer2507@example.com,IN,2022-10-31,Standard,2142.44
2508,Customer 2508,customer2508@example.com,US,2020-03-04,Standard,6423.46
2509,Customer 2509,customer2509@example.com,DE,2024-02-10,Standard,9874.58
2510,Customer 2510,customer2510@example.com,IN,2019-12-18,Standard,9112.24
2511,Customer 2511,customer2511@example.com,DE,2021-09-18,Standard,5932.56
2512,Customer 2512,customer2512@example.com,DE,2021-06-20,Premium,506.89
2513,Customer 2513,customer2513@example.com,IN,2021-11-07,Basic,1317.32
2514,Customer 2514,customer2514@example.com,AU,2023-02-07,Basic,9684.72
2515,Customer 2515,customer2515@example.com,AU,2021-11-22,Standard,1190.89
2516,Customer 2516,customer2516@example.com,US,2023-08-06,Basic,1556.60
2517,Customer 2517,customer2517@example.com,CA,2019-09-08,Basic,9670.05
2518,Customer 2518,customer2518@example.com,IN,2024-04-05,Basic,1709.81
2519,Customer 2519,customer2519@example.com,FR,2021-03-26,Premium,8017.87
2520,Customer 2520,customer2520@example.com,US,2023-02-03,Premium,2251.52
2521,Customer 2521,customer2521@example.com,AU,2024-08-26,Premium,626.61
2522,Customer 2522,customer2522@example.com,DE,2018-01-21,Standard,3587.33
2523,Customer 2523,customer2523@example.com,AU,2018-01-03,Premium,2589.19
2524,Customer 2524,customer2524@example.com,DE,2021-03-06,Basic,6686.73
2525,Customer 2525,customer2525@example.com,AU,2024-04-15,Premium,9541.48
2526,Customer 2526,customer2526@example.com,CA,2021-01-13,Premium,9959.55
2527,Customer 2527,customer2527@example.com,UK,2022-11-05,Basic,9190.77
2528,Customer 2528,customer2528@example.com,DE,2020-06-15,Premium,4784.46
2529,Customer 2529,customer2529@example.com,DE,2020-10-15,Basic,6406.74
2530,Customer 2530,customer2530@example.com,FR,2022-06-23,Premium,8941.03
2531,Customer 2531,customer2531@example.com,DE,2024-09-11,Standard,1815.69
2532,Customer 2532,customer2532@example.com,FR,2021-08-13,Basic,1477.85
2533,Customer 2533,customer2533@example.com,AU,2020-03-28,Standard,1443.34
2534,Customer 2534,customer2534@example.com,IN,2020-03-28,Standard,3119.46
2535,Customer 2535,customer2535@example.com,DE,2024-05-10,Basic,4665.43
2536,Customer 2536,customer2536@example.com,UK,2022-03-20,Standard,1050.82
2537,Customer 2537,customer2537@example.com,IN,2022-12-16,Basic,3201.28
2538,Customer 2538,customer2538@example.com,CA,2022-01-04,Standard,3606.52
2539,Customer 2539,customer2539@example.com,FR,2022-09-19,Standard,4666.71
2540,Customer 2540,customer2540@example.com,IN,2018-04-19,Standard,975.45
2541,Customer 2541,customer2541@example.com,UK,2024-11-24,Standard,7887.66
2542,Customer 2542,customer2542@example.com,IN,2023-09-29,Standard,1360.02
2543,Customer 2543,customer2543@example.com,IN,2024-05-05,Standard,630.01
2544,Customer 2544,customer2544@example.com,AU,2022-05-28,Premium,4089.13
2545,Customer 2545,customer2545@example.com,US,2023-03-11,Basic,4656.19
2546,Customer 2546,customer2546@example.com,US,2018-12-13,Premium,2774.73
2547,Customer 2547,customer2547@example.com,CA,2019-03-15,Standard,5983.96
2548,Customer 2548,customer2548@example.com,AU,2021-04-05,Basic,4866.53
2549,Customer 2549,customer2549@example.com,DE,2018-09-07,Premium,7430.68
2550,Customer 2550,customer2550@example.com,CA,2023-09-24,Basic,7197.82
2551,Customer 2551,customer2551@example.com,CA,2020-04-19,Basic,1527.10
2552,Customer 2552,customer2552@example.com,CA,2023-07-22,Premium,2313.08
2553,Customer 2553,customer2553@example.com,CA,2019-09-26,Standard,6319.57
2554,Customer 2554,customer2554@example.com,CA,2018-01-27,Standard,6274.27
2555,Customer 2555,customer2555@example.com,UK,2019-04-15,Premium,100.35
2556,Customer 2556,customer2556@example.com,IN,2019-05-11,Basic,1058.95
2557,Customer 2557,customer2557@example.com,UK,2019-03-01,Standard,344.10
2558,Customer 2558,customer2558@example.com,IN,2022-12-23,Standard,650.97
2559,Customer 2559,customer2559@example.com,US,2021-05-13,Standard,4888.82
2560,Customer 2560,customer2560@example.com,UK,2020-08-20,Basic,2676.69
2561,Customer 2561,customer2561@example.com,IN,2022-12-04,Basic,6209.87
2562,Customer 2562,customer2562@example.com,FR,2019-08-23,Basic,314.41
2563,Customer 2563,customer2563@example.com,UK,2020-09-12,Premium,5164.00
2564,Customer 2564,customer2564@example.com,CA,2024-02-18,Premium,4813.97
2565,Customer 2565,customer2565@example.com,DE,2021-03-31,Basic,1090.19
2566,Customer 2566,customer2566@example.com,IN,2023-07-13,Standard,6710.23
2567,Customer 2567,customer2567@example.com,FR,2022-04-30,Basic,8018.57
2568,Customer 2568,customer2568@example.com,FR,2022-09-04,Standard,1566.85
2569,Customer 2569,customer2569@example.com,DE,2023-02-16,Premium,5685.67
2570,Customer 2570,customer2570@example.com,US,2024-07-05,Standard,437.43
2571,Customer 2571,customer2571@example.com,CA,2024-12-14,Standard,522.05
2572,Customer 2572,customer2572@example.com,DE,2019-07-25,Standard,8836.00
2573,Customer 2573,customer2573@example.com,FR,2021-02-08,Premium,9819.36
2574,Customer 2574,customer2574@example.com,DE,2023-08-13,Basic,2186.72
2575,Customer 2575,customer2575@example.com,CA,2023-11-21,Standard,5179.15
2576,Customer 2576,customer2576@example.com,UK,2019-09-13,Standard,6593.74
2577,Customer 2577,customer2577@example.com,IN,2021-10-21,Standard,7180.31
2578,Customer 2578,customer2578@example.com,AU,2019-07-28,Standard,7871.11
2579,Customer 2579,customer2579@example.com,CA,2021-05-25,Standard,775.28
2580,Customer 2580,customer2580@example.com,AU,2023-06-05,Standard,9629.29
2581,Customer 2581,customer2581@example.com,IN,2020-01-09,Basic,7114.15
2582,Customer 2582,customer2582@example.com,IN,2023-11-23,Standard,1381.28
2583,Customer 2583,customer2583@example.com,DE,2024-08-08,Basic,3546.14
2584,Customer 2584,customer2584@example.com,IN,2022-07-12,Premium,544.80
2585,Customer 2585,customer2585@example.com,AU,2019-10-14,Premium,1055.75
2586,Customer 2586,customer2586@example.com,US,2023-08-08,Basic,4816.49
2587,Customer 2587,customer2587@example.com,AU,2020-08-06,Basic,7976.49
2588,Customer 2588,customer2588@example.com,US,2019-12-14,Basic,8935.48
2589,Customer 2589,customer2589@example.com,AU,2022-09-17,Premium,713.07
2590,Customer 2590,customer2590@example.com,DE,2019-04-14,Premium,8483.34
2591,Customer 2591,customer2591@example.com,US,2022-12-14,Standard,6104.68
2592,Customer 2592,customer2592@example.com,AU,2018-05-01,Premium,3279.48
2593,Customer 2593,customer2593@example.com,CA,2023-01-16,Standard,1418.84
2594,Customer 2594,customer2594@example.com,CA,2024-06-08,Basic,2077.37
2595,Customer 2595,customer2595@example.com,DE,2023-07-05,Standard,6820.61
2596,Customer 2596,customer2596@example.com,UK,2020-04-04,Basic,1704.69
2597,Customer 2597,customer2597@example.com,AU,2023-12-05,Premium,951.58
2598,Customer 2598,customer2598@example.com,US,2019-01-30,Premium,429.07
2599,Customer 2599,customer2599@example.com,UK,2018-01-22,Standard,7766.42
2600,Customer 2600,customer2600@example.com,IN,2024-02-17,Premium,3473.04
2601,Customer 2601,customer2601@example.com,CA,2023-12-04,Standard,1982.36
2602,Customer 2602,customer2602@example.com,UK,2024-05-25,Standard,5058.42
2603,Customer 2603,customer2603@example.com,DE,2024-12-08,Basic,8548.87
2604,Customer 2604,customer2604@example.com,AU,2018-10-03,Standard,4332.37
2605,Customer 2605,customer2605@example.com,FR,2018-10-18,Basic,873.62
2606,Customer 2606,customer2606@example.com,AU,2023-10-20,Standard,1099.04
2607,Customer 2607,customer2607@example.com,FR,2020-08-02,Premium,6054.75
2608,Customer 2608,customer2608@example.com,DE,2018-04-03,Premium,8231.15
2609,Customer 2609,customer2609@example.com,DE,2020-10-26,Standard,7062.41
2610,Customer 2610,customer2610@example.com,US,2019-10-09,Standard,840.29
2611,Customer 2611,customer2611@example.com,IN,2020-09-15,Basic,9324.91
2612,Customer 2612,customer2612@example.com,IN,2021-07-02,Standard,6224.58
2613,Customer 2613,customer2613@example.com,IN,2019-03-31,Basic,4762.69
2614,Customer 2614,customer2614@example.com,DE,2018-05-03,Premium,3446.65
2615,Customer 2615,customer2615@example.com,DE,2020-04-01,Standard,8891.48
2616,Customer 2616,customer2616@example.com,US,2019-07-25,Premium,5516.16
2617,Customer 2617,customer2617@example.com,CA,2021-09-12,Basic,9131.96
2618,Customer 2618,customer2618@example.com,US,2020-08-23,Standard,821.83
2619,Customer 2619,customer2619@example.com,IN,2024-11-03,Basic,8366.53
2620,Customer 2620,customer2620@example.com,AU,2018-05-25,Standard,9812.45
2621,Customer 2621,customer2621@example.com,FR,2024-09-16,Basic,6163.08
2622,Customer 2622,customer2622@example.com,US,2024-03-08,Standard,9471.35
2623,Customer 2623,customer2623@example.com,DE,2018-06-20,Premium,452.44
2624,Customer 2624,customer2624@example.com,IN,2020-07-11,Basic,3567.55
2625,Customer 2625,customer2625@example.com,FR,2021-05-27,Premium,312.29
2626,Customer 2626,customer2626@example.com,US,2018-04-18,Premium,5388.44
2627,Customer 2627,customer2627@example.com,AU,2022-04-03,Basic,6867.59
2628,Customer 2628,customer2628@example.com,US,2024-03-13,Standard,616.19
2629,Customer 2629,customer2629@example.com,AU,2022-03-26,Basic,1339.85
2630,Customer 2630,customer2630@example.com,CA,2022-10-15,Basic,1463.93
2631,Customer 2631,customer2631@example.com,FR,2019-04-29,Basic,9827.09
2632,Customer 2632,customer2632@example.com,DE,2021-12-11,Premium,3496.94
2633,Customer 2633,customer2633@example.com,US,2020-09-02,Premium,1010.71
2634,Customer 2634,customer2634@example.com,US,2020-07-19,Standard,7500.01
2635,Customer 2635,customer2635@example.com,AU,2024-01-06,Basic,553.22
2636,Customer 2636,,AU,2018-03-03,Basic,2574.23
2637,Customer 2637,customer2637@example.com,US,2018-11-10,Premium,1354.49
2638,Customer 2638,customer2638@example.com,UK,2021-03-03,Premium,3209.85
2639,Customer 2639,customer2639@example.com,IN,2020-09-27,Standard,1384.19
2640,Customer 2640,customer2640@example.com,FR,2023-05-15,Basic,1311.53
2641,Customer 2641,customer2641@example.com,US,2018-11-09,Standard,9389.86
2642,Customer 2642,customer2642@example.com,UK,2023-07-21,Basic,7378.66
2643,Customer 2643,customer2643@example.com,DE,2020-06-21,Standard,7160.03
2644,Customer 2644,customer2644@example.com,DE,2024-03-08,Standard,8702.81
2645,Customer 2645,customer2645@example.com,UK,2023-11-28,Standard,3256.70
2646,Customer 2646,customer2646@example.com,IN,2023-08-25,Premium,634.58
2647,Customer 2647,customer2647@example.com,FR,2024-12-22,Standard,2869.86
2648,Customer 2648,customer2648@example.com,UK,2019-07-16,Basic,2382.31
2649,Customer 2649,customer2649@example.com,CA,2024-03-14,Premium,1315.21
2650,Customer 2650,customer2650@example.com,CA,2019-08-05,Premium,9781.31
2651,Customer 2651,customer2651@example.com,CA,2022-12-09,Basic,7665.50
2652,Customer 2652,customer2652@example.com,US,2018-03-29,Standard,8379.62
2653,Customer 2653,customer2653@example.com,DE,2021-02-12,Basic,3903.35
2654,Customer 2654,customer2654@example.com,AU,2018-12-13,Premium,2863.02
2655,Customer 2655,customer2655@example.com,IN,2022-04-22,Standard,286.60
2656,Customer 2656,customer2656@example.com,FR,2022-04-25,Standard,539.71
2657,Customer 2657,customer2657@example.com,UK,2022-04-03,Premium,6633.26
2658,Customer 2658,customer2658@example.com,IN,2018-08-03,Basic,3120.97
2659,Customer 2659,customer2659@example.com,IN,2021-11-25,Premium,9109.53
2660,Customer 2660,customer2660@example.com,AU,2021-10-09,Standard,8121.41
2661,Customer 2661,customer2661@example.com,IN,2020-06-05,Premium,3475.35
2662,Customer 2662,customer2662@example.com,AU,2024-12-20,Standard,8670.85
2663,Customer 2663,customer2663@example.com,AU,2018-08-22,Premium,5577.61
2664,Customer 2664,customer2664@example.com,CA,2021-03-23,Basic,4688.68
2665,Customer 2665,customer2665@example.com,IN,2024-05-16,Basic,2675.00
2666,Customer 2666,customer2666@example.com,FR,2023-03-30,Basic,9926.87
2667,Customer 2667,customer2667@example.com,UK,2019-06-25,Premium,2878.93
2668,Customer 2668,customer2668@example.com,CA,2021-01-28,Premium,9988.18
2669,Customer 2669,customer2669@example.com,AU,2024-02-02,Standard,3441.57
2670,Customer 2670,customer2670@example.com,FR,2018-06-08,Basic,2815.27
2671,Customer 2671,customer2671@example.com,DE,2020-10-23,Basic,8121.57
2672,Customer 2672,customer2672@example.com,IN,2018-02-20,Premium,3138.26
2673,Customer 2673,customer2673@example.com,CA,2021-08-07,Standard,8491.17
2674,Customer 2674,customer2674@example.com,FR,2023-03-11,Premium,4455.10
2675,Customer 2675,customer2675@example.com,FR,2018-06-01,Standard,4854.06
2676,Customer 2676,customer2676@example.com,AU,2024-03-29,Premium,4145.25
2677,Customer 2677,customer2677@example.com,IN,2018-11-22,Standard,8980.74
2678,Customer 2678,customer2678@example.com,IN,2021-07-10,Premium,4460.35
2679,Customer 2679,customer2679@example.com,DE,2021-02-05,Standard,8703.65
2680,Customer 2680,customer2680@example.com,UK,2020-07-20,Basic,1827.50
2681,Customer 2681,customer2681@example.com,AU,2024-12-06,Basic,590.84
2682,Customer 2682,customer2682@example.com,US,2018-06-07,Premium,6875.97
2683,Customer 2683,customer2683@example.com,AU,2022-12-09,Basic,3241.61
2684,Customer 2684,customer2684@example.com,IN,2020-07-22,Premium,9521.87
2685,Customer 2685,customer2685@example.com,DE,2020-11-20,Premium,6816.04
2686,Customer 2686,customer2686@example.com,AU,2021-12-18,Basic,7211.36
2687,Customer 2687,customer2687@example.com,IN,2020-08-19,Standard,1180.72
2688,Customer 2688,customer2688@example.com,IN,2022-12-23,Premium,5159.25
2689,Customer 2689,customer2689@example.com,UK,2020-04-15,Standard,5746.62
2690,Customer 2690,customer2690@example.com,AU,2022-08-31,Premium,6454.68
2691,Customer 2691,customer2691@example.com,DE,2019-08-10,Premium,3332.75
2692,Customer 2692,customer2692@example.com,AU,2022-01-15,Standard,9753.48
2693,Customer 2693,customer2693@example.com,CA,2022-03-15,Standard,9430.55
2694,Customer 2694,customer2694@example.com,DE,2024-12-22,Premium,1687.10
2695,Customer 2695,customer2695@example.com,US,2021-04-06,Premium,9127.54
2696,Customer 2696,customer2696@example.com,US,2019-03-12,Basic,2193.65
2697,Customer 2697,customer2697@example.com,DE,2023-09-24,Basic,7830.65
2698,Customer 2698,customer2698@example.com,IN,2024-07-09,Basic,3506.12
2699,Customer 2699,customer2699@example.com,UK,2022-04-01,Basic,422.74
2700,Customer 2700,customer2700@example.com,CA,2019-09-07,Standard,7649.86
2701,Customer 2701,customer2701@example.com,CA,2018-11-18,Premium,9590.39
2702,Customer 2702,customer2702@example.com,UK,2024-05-04,Basic,9978.35
2703,Customer 2703,customer2703@example.com,CA,2024-02-24,Basic,4238.99
2704,Customer 2704,customer2704@example.com,CA,2019-05-12,Basic,8002.23
2705,Customer 2705,customer2705@example.com,IN,2023-04-19,Basic,5292.04
2706,Customer 2706,customer2706@example.com,FR,2021-07-22,Standard,2030.73
2707,Customer 2707,customer2707@example.com,IN,2021-04-15,Premium,3353.98
2708,Customer 2708,customer2708@example.com,AU,2022-01-22,Premium,4612.63
2709,Customer 2709,customer2709@example.com,CA,2019-04-18,Basic,2486.36
2710,Customer 2710,customer2710@example.com,CA,2022-08-07,Standard,888.93
2711,Customer 2711,customer2711@example.com,IN,2023-09-03,Premium,9154.89
2712,Customer 2712,customer2712@example.com,CA,2023-06-07,Basic,2380.46
2713,Customer 2713,customer2713@example.com,AU,2022-09-12,Premium,5736.49
2714,Customer 2714,customer2714@example.com,AU,2019-05-29,Basic,2524.94
2715,Customer 2715,customer2715@example.com,FR,2024-07-23,Basic,1467.59
2716,Customer 2716,customer2716@example.com,DE,2021-03-21,Standard,3207.06
2717,Customer 2717,customer2717@example.com,US,2022-08-01,Standard,5099.76
2718,Customer 2718,customer2718@example.com,UK,2024-06-17,Standard,6363.03
2719,Customer 2719,customer2719@example.com,AU,2020-03-22,Premium,8776.42
2720,Customer 2720,customer2720@example.com,US,2019-11-15,Premium,4244.39
2721,Customer 2721,,AU,2024-03-21,Basic,9308.24
2722,Customer 2722,customer2722@example.com,CA,2019-02-18,Premium,8707.64
2723,Customer 2723,customer2723@example.com,AU,2022-11-03,Premium,6931.46
2724,Customer 2724,customer2724@example.com,US,2019-06-27,Basic,8682.11
2725,Customer 2725,customer2725@example.com,FR,2022-09-26,Standard,1361.78
2726,Customer 2726,customer2726@example.com,CA,2024-03-31,Premium,7148.64
2727,Customer 2727,customer2727@example.com,US,2021-10-11,Standard,5955.63
2728,Customer 2728,customer2728@example.com,IN,2019-03-18,Basic,547.85
2729,Customer 2729,customer2729@example.com,CA,2021-12-24,Standard,9115.67
2730,Customer 2730,customer2730@example.com,CA,2023-01-17,Basic,8364.57
2731,Customer 2731,customer2731@example.com,DE,2023-05-09,Basic,1432.59
2732,Customer 2732,customer2732@example.com,UK,2024-08-11,Basic,929.52
2733,Customer 2733,customer2733@example.com,US,2024-08-28,Basic,3761.75
2734,Customer 2734,customer2734@example.com,CA,2023-02-01,Standard,3272.33
2735,Customer 2735,customer2735@example.com,UK,2023-09-15,Basic,5922.00
2736,Customer 2736,customer2736@example.com,AU,2019-02-01,Premium,3043.75
2737,Customer 2737,customer2737@example.com,DE,2018-07-17,Basic,5225.01
2738,Customer 2738,customer2738@example.com,IN,2024-07-02,Basic,8456.25
2739,Customer 2739,customer2739@example.com,FR,2021-03-14,Standard,3902.27
2740,Customer 2740,customer2740@example.com,AU,2020-01-01,Premium,515.15
2741,Customer 2741,customer2741@example.com,CA,2020-05-12,Standard,5239.44
2742,Customer 2742,customer2742@example.com,IN,2024-11-25,Standard,1084.72
2743,Customer 2743,customer2743@example.com,DE,2019-11-10,Premium,2949.65
2744,Customer 2744,customer2744@example.com,FR,2022-12-03,Premium,8864.96
2745,Customer 2745,customer2745@example.com,DE,2020-11-28,Basic,7559.34
2746,Customer 2746,customer2746@example.com,UK,2021-02-15,Premium,1050.16
2747,Customer 2747,customer2747@example.com,IN,2023-09-15,Premium,370.77
2748,Customer 2748,customer2748@example.com,US,2024-01-21,Basic,8010.02
2749,Customer 2749,customer2749@example.com,US,2023-06-24,Premium,3758.45
2750,Customer 2750,customer2750@example.com,DE,2024-05-28,Standard,7347.69
2751,Customer 2751,customer2751@example.com,IN,2019-06-01,Standard,3019.92
2752,Customer 2752,customer2752@example.com,US,2019-05-07,Standard,8899.91
2753,Customer 2753,customer2753@example.com,FR,2020-12-13,Premium,8658.58
2754,Customer 2754,customer2754@example.com,DE,2019-04-23,Standard,8056.05
2755,Customer 2755,customer2755@example.com,CA,2020-06-30,Basic,836.07
2756,Customer 2756,customer2756@example.com,UK,2023-09-08,Standard,2833.47
2757,Customer 2757,customer2757@example.com,CA,2023-10-02,Basic,7792.75
2758,Customer 2758,customer2758@example.com,CA,2021-07-13,Premium,4390.44
2759,Customer 2759,customer2759@example.com,CA,2023-11-06,Standard,1984.95
2760,Customer 2760,customer2760@example.com,IN,2018-05-26,Basic,6310.12
2761,Customer 2761,customer2761@example.com,UK,2019-07-15,Basic,3824.47
2762,Customer 2762,customer2762@example.com,UK,2020-03-12,Standard,4754.14
2763,Customer 2763,customer2763@example.com,FR,2020-02-06,Basic,5017.59
2764,Customer 2764,customer2764@example.com,UK,2020-03-24,Basic,8771.05
2765,Customer 2765,customer2765@example.com,IN,2020-05-27,Premium,4399.76
2766,Customer 2766,customer2766@example.com,FR,2024-04-03,Basic,2164.62
2767,Customer 2767,customer2767@example.com,UK,2018-06-08,Standard,6911.02
2768,Customer 2768,customer2768@example.com,IN,2022-04-07,Basic,5880.60
2769,Customer 2769,customer2769@example.com,CA,2021-11-29,Standard,5351.57
2770,Customer 2770,customer2770@example.com,UK,2021-05-14,Premium,8762.89
2771,Customer 2771,customer2771@example.com,CA,2023-06-10,Standard,7987.79
2772,Customer 2772,customer2772@example.com,FR,2024-09-14,Standard,5479.79
2773,Customer 2773,customer2773@example.com,DE,2019-01-31,Premium,1212.44
2774,Customer 2774,customer2774@example.com,AU,2021-03-22,Standard,9696.69
2775,Customer 2775,customer2775@example.com,DE,2020-10-10,Basic,4306.17
2776,Customer 2776,customer2776@example.com,UK,2023-03-19,Standard,6640.07
2777,Customer 2777,customer2777@example.com,DE,2022-06-19,Basic,1367.77
2778,Customer 2778,customer2778@example.com,FR,2023-06-27,Basic,4178.83
2779,Customer 2779,customer2779@example.com,UK,2018-04-29,Standard,2752.45
2780,Customer 2780,customer2780@example.com,UK,2022-08-03,Premium,5666.35
2781,Customer 2781,customer2781@example.com,DE,2020-12-07,Basic,3244.42
2782,Customer 2782,customer2782@example.com,FR,2022-12-16,Standard,4046.93
2783,Customer 2783,customer2783@example.com,US,2021-01-04,Standard,7309.05
2784,Customer 2784,customer2784@example.com,DE,2018-07-06,Standard,4531.60
2785,Customer 2785,customer2785@example.com,UK,2024-06-02,Premium,5406.53
2786,Customer 2786,customer2786@example.com,AU,2019-03-28,Basic,6146.44
2787,Customer 2787,customer2787@example.com,UK,2024-10-13,Basic,297.21
2788,Customer 2788,customer2788@example.com,CA,2018-03-28,Standard,993.50
2789,Customer 2789,customer2789@example.com,CA,2021-09-27,Standard,7691.74
2790,Customer 2790,customer2790@example.com,IN,2018-09-17,Basic,587.23
2791,Customer 2791,customer2791@example.com,UK,2022-01-23,Basic,2064.55
2792,Customer 2792,customer2792@example.com,UK,2024-01-04,Standard,8611.26
2793,Customer 2793,customer2793@example.com,UK,2021-04-03,Premium,9115.47
2794,Customer 2794,customer2794@example.com,DE,2022-08-21,Premium,5574.22
2795,Customer 2795,customer2795@example.com,UK,2018-02-25,Premium,8470.27
2796,Customer 2796,customer2796@example.com,AU,2023-11-27,Premium,5064.84
2797,Customer 2797,customer2797@example.com,AU,2023-06-10,Premium,1653.76
2798,Customer 2798,customer2798@example.com,DE,2018-04-10,Premium,6352.40
2799,Customer 2799,customer2799@example.com,CA,2020-10-09,Premium,2797.34
2800,Customer 2800,customer2800@example.com,US,2022-03-28,Basic,4067.43
2801,Customer 2801,customer2801@example.com,AU,2021-01-10,Premium,857.62
2802,Customer 2802,customer2802@example.com,IN,2022-08-29,Premium,245.94
2803,Customer 2803,customer2803@example.com,AU,2024-01-28,Basic,9197.85
2804,Customer 2804,customer2804@example.com,US,2024-08-06,Standard,2023.41
2805,Customer 2805,customer2805@example.com,IN,2021-07-02,Standard,4309.01
2806,Customer 2806,customer2806@example.com,CA,2018-04-06,Standard,2813.09
2807,Customer 2807,customer2807@example.com,UK,2019-02-13,Standard,9695.70
2808,Customer 2808,customer2808@example.com,IN,2023-04-15,Standard,2983.26
2809,Customer 2809,customer2809@example.com,US,2020-06-29,Standard,5653.86
2810,Customer 2810,customer2810@example.com,FR,2021-03-10,Basic,5378.72
2811,Customer 2811,customer2811@example.com,UK,2022-04-16,Premium,9932.22
2812,Customer 2812,customer2812@example.com,CA,2022-06-01,Standard,7650.73
2813,Customer 2813,customer2813@example.com,CA,2019-03-20,Standard,2318.20
2814,Customer 2814,customer2814@example.com,US,2022-06-16,Premium,4526.14
2815,Customer 2815,customer2815@example.com,FR,2024-04-25,Premium,6463.90
2816,Customer 2816,customer2816@example.com,DE,2019-08-12,Basic,9760.59
2817,Customer 2817,customer2817@example.com,US,2024-04-16,Premium,2156.05
2818,Customer 2818,customer2818@example.com,FR,2024-08-27,Premium,930.50
2819,Customer 2819,customer2819@example.com,FR,2024-11-30,Standard,5281.72
2820,Customer 2820,customer2820@example.com,AU,2024-05-09,Premium,683.44
2821,Customer 2821,customer2821@example.com,FR,2020-10-29,Standard,3183.40
2822,Customer 2822,customer2822@example.com,DE,2019-09-09,Premium,3282.29
2823,Customer 2823,customer2823@example.com,IN,2024-09-18,Standard,8727.14
2824,Customer 2824,customer2824@example.com,DE,2020-05-06,Basic,7967.49
2825,Customer 2825,customer2825@example.com,IN,2023-08-10,Standard,9598.81
2826,Customer 2826,customer2826@example.com,UK,2021-08-11,Standard,7117.79
2827,Customer 2827,customer2827@example.com,IN,2024-03-22,Basic,9928.28
2828,Customer 2828,customer2828@example.com,US,2019-03-07,Standard,7022.63
2829,Customer 2829,customer2829@example.com,FR,2019-06-06,Premium,1704.72
2830,Customer 2830,customer2830@example.com,CA,2019-05-13,Premium,2053.94
2831,Customer 2831,customer2831@example.com,AU,2019-04-11,Premium,8866.48
2832,Customer 2832,customer2832@example.com,FR,2019-12-01,Basic,8051.22
2833,Customer 2833,customer2833@example.com,FR,2019-07-27,Basic,8754.73
2834,Customer 2834,customer2834@example.com,FR,2022-06-24,Premium,3037.84
2835,Customer 2835,customer2835@example.com,FR,2021-04-20,Basic,9227.51
2836,Customer 2836,customer2836@example.com,CA,2021-01-15,Basic,3291.62
2837,Customer 2837,customer2837@example.com,DE,2024-04-28,Basic,1742.86
2838,Customer 2838,customer2838@example.com,DE,2023-11-14,Basic,2124.17
2839,Customer 2839,customer2839@example.com,IN,2022-03-01,Basic,6084.73
2840,Customer 2840,customer2840@example.com,FR,2023-03-11,Premium,9368.40
2841,Customer 2841,customer2841@example.com,CA,2019-07-09,Premium,5291.35
2842,Customer 2842,customer2842@example.com,AU,2023-04-25,Premium,3245.11
2843,Customer 2843,customer2843@example.com,UK,2019-09-08,Standard,763.78
2844,Customer 2844,customer2844@example.com,US,2021-07-01,Basic,1957.98
2845,Customer 2845,customer2845@example.com,CA,2019-01-20,Basic,4640.08
2846,Customer 2846,customer2846@example.com,US,2018-09-08,Basic,4740.07
2847,Customer 2847,customer2847@example.com,UK,2018-10-01,Standard,6399.80
2848,Customer 2848,customer2848@example.com,UK,2021-11-13,Basic,239.88
2849,Customer 2849,customer2849@example.com,UK,2021-01-29,Standard,8225.47
2850,Customer 2850,customer2850@example.com,AU,2022-10-12,Basic,7320.30
2851,Customer 2851,customer2851@example.com,DE,2022-07-10,Standard,5655.01
2852,Customer 2852,customer2852@example.com,CA,2020-04-09,Premium,5967.13
2853,Customer 2853,customer2853@example.com,US,2020-06-05,Standard,1865.42
2854,Customer 2854,customer2854@example.com,IN,2019-02-24,Premium,7989.16
2855,Customer 2855,customer2855@example.com,IN,2022-04-18,Standard,5798.99
2856,Customer 2856,customer2856@example.com,AU,2024-08-22,Basic,2844.65
2857,Customer 2857,customer2857@example.com,AU,2024-11-27,Basic,9101.37
2858,Customer 2858,customer2858@example.com,UK,2019-11-20,Premium,7855.31
2859,Customer 2859,customer2859@example.com,UK,2019-01-10,Basic,1550.27
2860,Customer 2860,customer2860@example.com,UK,2023-05-02,Premium,3301.04
2861,Customer 2861,customer2861@example.com,US,2019-07-16,Basic,8091.62
2862,Customer 2862,customer2862@example.com,FR,2023-04-17,Standard,3095.33
2863,Customer 2863,customer2863@example.com,AU,2019-04-26,Premium,5645.44
2864,Customer 2864,customer2864@example.com,FR,2022-04-29,Basic,4797.33
2865,Customer 2865,customer2865@example.com,DE,2023-11-09,Standard,5353.79
2866,Customer 2866,customer2866@example.com,IN,2020-05-26,Premium,9460.35
2867,Customer 2867,customer2867@example.com,AU,2021-02-11,Basic,1514.55
2868,Customer 2868,customer2868@example.com,FR,2024-04-14,Standard,4951.93
2869,Customer 2869,customer2869@example.com,AU,2020-10-23,Basic,1290.37
2870,Customer 2870,customer2870@example.com,FR,2021-11-27,Premium,350.43
2871,Customer 2871,customer2871@example.com,DE,2023-03-25,Basic,3525.32
2872,Customer 2872,customer2872@example.com,FR,2020-05-25,Basic,5641.96
2873,Customer 2873,customer2873@example.com,UK,2022-04-16,Standard,1872.16
2874,Customer 2874,customer2874@example.com,CA,2018-02-13,Premium,4476.60
2875,Customer 2875,customer2875@example.com,IN,2020-03-09,Premium,5903.27
2876,Customer 2876,customer2876@example.com,DE,2019-01-21,Standard,9166.49
2877,Customer 2877,customer2877@example.com,IN,2018-02-23,Basic,2802.98
2878,Customer 2878,customer2878@example.com,CA,2021-01-31,Basic,4839.48
2879,Customer 2879,customer2879@example.com,US,2020-11-02,Standard,6290.18
2880,Customer 2880,customer2880@example.com,IN,2018-05-05,Basic,9282.99
2881,Customer 2881,customer2881@example.com,IN,2023-02-05,Standard,1820.33
2882,Customer 2882,customer2882@example.com,CA,2024-02-13,Premium,478.12
2883,Customer 2883,customer2883@example.com,US,2024-11-15,Basic,1616.60
2884,Customer 2884,customer2884@example.com,CA,2019-12-26,Premium,919.96
2885,Customer 2885,customer2885@example.com,AU,2019-05-05,Premium,4489.44
2886,Customer 2886,customer2886@example.com,CA,2018-09-13,Standard,1065.01
2887,Customer 2887,customer2887@example.com,IN,2021-02-10,Premium,6585.54
2888,Customer 2888,customer2888@example.com,CA,2018-03-10,Standard,8389.01
2889,Customer 2889,customer2889@example.com,AU,2021-07-20,Basic,1775.21
2890,Customer 2890,customer2890@example.com,IN,2022-02-09,Basic,240.30
2891,Customer 2891,customer2891@example.com,CA,2022-07-10,Standard,8393.40
2892,Customer 2892,customer2892@example.com,CA,2018-09-09,Premium,2010.11
2893,Customer 2893,customer2893@example.com,AU,2023-08-17,Premium,7316.67
2894,Customer 2894,customer2894@example.com,US,2019-12-08,Standard,540.63
2895,Customer 2895,customer2895@example.com,IN,2020-03-24,Basic,5104.11
2896,Customer 2896,customer2896@example.com,UK,2018-01-14,Standard,2810.26
2897,Customer 2897,customer2897@example.com,DE,2019-04-28,Standard,4715.90
2898,Customer 2898,customer2898@example.com,AU,2018-12-19,Basic,9309.70
2899,Customer 2899,customer2899@example.com,US,2019-04-22,Premium,1906.76
2900,Customer 2900,customer2900@example.com,US,2020-01-31,Standard,5952.37
2901,Customer 2901,customer2901@example.com,US,2019-11-25,Premium,2253.51
2902,Customer 2902,customer2902@example.com,DE,2023-03-01,Premium,8784.26
2903,Customer 2903,customer2903@example.com,UK,2021-06-14,Basic,6458.94
2904,Customer 2904,customer2904@example.com,AU,2020-02-22,Basic,7582.74
2905,Customer 2905,customer2905@example.com,UK,2021-06-25,Premium,3855.17
2906,Customer 2906,customer2906@example.com,DE,2019-12-31,Standard,1490.22
2907,Customer 2907,customer2907@example.com,DE,2022-08-23,Premium,8369.23
2908,Customer 2908,customer2908@example.com,DE,2020-03-27,Premium,9794.85
2909,Customer 2909,customer2909@example.com,DE,2022-12-06,Standard,1014.88
2910,Customer 2910,customer2910@example.com,DE,2024-06-28,Standard,3553.71
2911,Customer 2911,customer2911@example.com,CA,2023-11-13,Standard,8312.05
2912,Customer 2912,customer2912@example.com,CA,2019-11-30,Premium,9501.68
2913,Customer 2913,customer2913@example.com,IN,2022-04-29,Premium,5425.69
2914,Customer 2914,customer2914@example.com,UK,2022-11-13,Standard,6495.48
2915,Customer 2915,customer2915@example.com,CA,2021-03-28,Premium,3487.59
2916,Customer 2916,customer2916@example.com,IN,2024-03-09,Basic,7963.52
2917,Customer 2917,customer2917@example.com,US,2023-10-04,Premium,2656.32
2918,Customer 2918,customer2918@example.com,FR,2020-12-04,Premium,9227.00
2919,Customer 2919,customer2919@example.com,IN,2020-02-03,Standard,1484.17
2920,Customer 2920,customer2920@example.com,IN,2021-08-15,Standard,5681.32
2921,Customer 2921,customer2921@example.com,CA,2024-08-07,Premium,3291.48
2922,Customer 2922,customer2922@example.com,US,2022-01-09,Premium,1671.63
2923,Customer 2923,customer2923@example.com,FR,2021-10-02,Standard,6514.03
2924,Customer 2924,customer2924@example.com,US,2020-02-06,Standard,3132.13
2925,Customer 2925,customer2925@example.com,FR,2024-02-18,Premium,7545.25
2926,Customer 2926,customer2926@example.com,FR,2024-11-30,Standard,5976.39
2927,Customer 2927,customer2927@example.com,CA,2022-11-17,Basic,4053.40
2928,Customer 2928,customer2928@example.com,AU,2020-09-24,Standard,7261.39
2929,Customer 2929,customer2929@example.com,IN,2021-10-15,Standard,6817.70
2930,Customer 2930,customer2930@example.com,DE,2018-06-14,Premium,7655.41
2931,Customer 2931,customer2931@example.com,IN,2019-03-18,Standard,4316.35
2932,Customer 2932,customer2932@example.com,DE,2024-06-23,Standard,5971.45
2933,Customer 2933,customer2933@example.com,UK,2023-09-29,Premium,9231.30
2934,Customer 2934,customer2934@example.com,IN,2023-11-17,Premium,9519.79
2935,Customer 2935,customer2935@example.com,IN,2019-07-26,Premium,6667.72
2936,Customer 2936,customer2936@example.com,AU,2018-08-09,Premium,3161.81
2937,Customer 2937,customer2937@example.com,AU,2019-08-03,Standard,4641.26
2938,Customer 2938,customer2938@example.com,UK,2023-03-02,Premium,6620.23
2939,Customer 2939,customer2939@example.com,UK,2019-12-06,Standard,3144.51
2940,Customer 2940,customer2940@example.com,UK,2020-08-25,Premium,4421.83
2941,Customer 2941,customer2941@example.com,CA,2020-09-29,Premium,6878.66
2942,Customer 2942,customer2942@example.com,AU,2022-03-13,Premium,4825.71
2943,Customer 2943,customer2943@example.com,DE,2019-02-14,Standard,5543.31
2944,Customer 2944,customer2944@example.com,FR,2020-05-20,Standard,6717.52
2945,Customer 2945,customer2945@example.com,AU,2023-03-14,Basic,2503.15
2946,Customer 2946,customer2946@example.com,US,2022-05-07,Premium,3251.73
2947,Customer 2947,customer2947@example.com,UK,2022-06-26,Standard,8990.41
2948,Customer 2948,customer2948@example.com,AU,2022-10-06,Basic,3999.12
2949,Customer 2949,customer2949@example.com,US,2021-11-21,Standard,6731.78
2950,Customer 2950,customer2950@example.com,IN,2018-04-21,Premium,8867.32
2951,Customer 2951,customer2951@example.com,UK,2020-08-21,Standard,3686.58
2952,Customer 2952,customer2952@example.com,IN,2018-01-07,Basic,6031.78
2953,Customer 2953,customer2953@example.com,FR,2018-11-13,Basic,2377.73
2954,Customer 2954,customer2954@example.com,FR,2020-02-09,Premium,2191.20
2955,Customer 2955,customer2955@example.com,FR,2019-01-16,Standard,3902.26
2956,Customer 2956,customer2956@example.com,UK,2022-10-10,Premium,2921.14
2957,Customer 2957,customer2957@example.com,FR,2023-05-23,Premium,2684.09
2958,Customer 2958,customer2958@example.com,FR,2020-01-06,Premium,4042.34
2959,Customer 2959,customer2959@example.com,IN,2019-03-12,Standard,8081.67
2960,Customer 2960,customer2960@example.com,DE,2019-02-20,Basic,8638.42
2961,Customer 2961,customer2961@example.com,AU,2018-02-20,Premium,3258.36
2962,Customer 2962,customer2962@example.com,IN,2023-09-08,Standard,6894.36
2963,Customer 2963,customer2963@example.com,US,2023-06-15,Basic,9603.22
2964,Customer 2964,customer2964@example.com,FR,2022-09-27,Premium,3099.25
2965,Customer 2965,customer2965@example.com,DE,2019-04-20,Basic,8090.54
2966,Customer 2966,customer2966@example.com,FR,2023-08-19,Standard,7831.93
2967,Customer 2967,customer2967@example.com,CA,2021-10-04,Basic,9720.53
2968,Customer 2968,customer2968@example.com,US,2020-01-03,Standard,5363.95
2969,Customer 2969,customer2969@example.com,FR,2018-11-24,Premium,168.87
2970,Customer 2970,customer2970@example.com,CA,2024-08-14,Standard,2056.37
2971,Customer 2971,customer2971@example.com,AU,2024-11-22,Basic,8734.83
2972,Customer 2972,customer2972@example.com,FR,2018-07-18,Standard,2888.97
2973,Customer 2973,customer2973@example.com,US,2023-06-29,Standard,3734.33
2974,Customer 2974,customer2974@example.com,IN,2022-02-21,Standard,4314.46
2975,Customer 2975,customer2975@example.com,CA,2021-04-28,Premium,5473.21
2976,Customer 2976,customer2976@example.com,UK,2021-04-16,Standard,4228.90
2977,Customer 2977,customer2977@example.com,FR,2021-08-22,Standard,6396.23
2978,Customer 2978,customer2978@example.com,IN,2019-04-03,Standard,7345.85
2979,Customer 2979,customer2979@example.com,IN,2022-06-11,Premium,1834.81
2980,Customer 2980,customer2980@example.com,IN,2019-01-23,Premium,7295.20
2981,Customer 2981,customer2981@example.com,CA,2023-07-15,Standard,8937.90
2982,Customer 2982,customer2982@example.com,DE,2023-02-20,Basic,6210.69
2983,Customer 2983,customer2983@example.com,AU,2023-11-15,Basic,4638.35
2984,Customer 2984,customer2984@example.com,US,2021-08-30,Standard,479.05
2985,Customer 2985,customer2985@example.com,IN,2019-02-19,Standard,5175.06
2986,Customer 2986,customer2986@example.com,CA,2018-11-19,Standard,9281.66
2987,Customer 2987,customer2987@example.com,CA,2021-05-21,Standard,4067.32
2988,Customer 2988,customer2988@example.com,UK,2020-11-18,Basic,6563.66
2989,Customer 2989,customer2989@example.com,US,2022-11-11,Premium,7957.08
2990,Customer 2990,customer2990@example.com,IN,2020-12-04,Standard,6194.26
2991,Customer 2991,customer2991@example.com,IN,2020-09-25,Basic,8009.65
2992,Customer 2992,customer2992@example.com,DE,2024-06-06,Standard,2230.57
2993,Customer 2993,customer2993@example.com,FR,2021-01-30,Basic,6919.75
2994,Customer 2994,customer2994@example.com,UK,2021-02-07,Basic,6747.25
2995,Customer 2995,customer2995@example.com,IN,2022-06-21,Premium,6814.26
2996,Customer 2996,customer2996@example.com,DE,2018-01-21,Standard,2150.65
2997,Customer 2997,customer2997@example.com,AU,2022-08-25,Basic,1384.69
2998,Customer 2998,customer2998@example.com,DE,2023-03-10,Basic,7923.56
2999,Customer 2999,customer2999@example.com,CA,2021-07-27,Premium,2291.10
3000,Customer 3000,customer3000@example.com,US,2021-08-22,Premium,730.85
3001,Customer 3001,customer3001@example.com,DE,2024-10-31,Standard,5920.35
3002,Customer 3002,customer3002@example.com,CA,2024-09-04,Standard,5460.43
3003,Customer 3003,customer3003@example.com,FR,2024-04-03,Premium,3495.21
3004,Customer 3004,customer3004@example.com,DE,2021-11-19,Standard,1602.61
3005,Customer 3005,customer3005@example.com,AU,2023-08-06,Premium,5369.18
3006,Customer 3006,customer3006@example.com,UK,2022-05-17,Standard,4089.09
3007,Customer 3007,customer3007@example.com,CA,2024-05-29,Premium,6350.70
3008,Customer 3008,customer3008@example.com,IN,2021-11-15,Premium,2154.76
3009,Customer 3009,customer3009@example.com,IN,2022-02-21,Standard,2989.05
3010,Customer 3010,customer3010@example.com,DE,2023-01-24,Basic,4727.06
3011,Customer 3011,customer3011@example.com,UK,2024-07-23,Premium,6280.22
3012,Customer 3012,customer3012@example.com,IN,2022-11-03,Standard,9958.68
3013,Customer 3013,customer3013@example.com,US,2021-03-08,Basic,7466.11
3014,Customer 3014,customer3014@example.com,UK,2022-03-18,Basic,1403.80
3015,Customer 3015,customer3015@example.com,IN,2019-05-21,Premium,4017.92
3016,Customer 3016,customer3016@example.com,UK,2019-03-30,Basic,2964.55
3017,Customer 3017,customer3017@example.com,AU,2019-10-14,Basic,9791.08
3018,Customer 3018,customer3018@example.com,IN,2022-08-01,Standard,7537.68
3019,Customer 3019,customer3019@example.com,FR,2024-09-20,Standard,3262.09
3020,Customer 3020,customer3020@example.com,DE,2019-03-09,Basic,8859.10
3021,Customer 3021,customer3021@example.com,CA,2021-07-25,Basic,5402.71
3022,Customer 3022,customer3022@example.com,FR,2020-07-11,Standard,4998.85
3023,Customer 3023,customer3023@example.com,FR,2021-03-18,Standard,1653.98
3024,Customer 3024,customer3024@example.com,AU,2019-12-29,Standard,2955.24
3025,Customer 3025,customer3025@example.com,IN,2021-09-30,Standard,6596.29
3026,Customer 3026,customer3026@example.com,CA,2019-02-07,Standard,5843.56
3027,Customer 3027,customer3027@example.com,FR,2022-09-10,Standard,1969.86
3028,Customer 3028,customer3028@example.com,US,2024-12-09,Premium,1471.86
3029,Customer 3029,customer3029@example.com,IN,2023-08-24,Premium,6035.72
3030,Customer 3030,customer3030@example.com,CA,2022-08-02,Premium,3317.70
3031,Customer 3031,customer3031@example.com,UK,2019-11-13,Basic,6292.40
3032,Customer 3032,customer3032@example.com,CA,2019-01-08,Standard,324.92
3033,Customer 3033,customer3033@example.com,IN,2022-05-14,Basic,5162.22
3034,Customer 3034,customer3034@example.com,UK,2019-10-24,Standard,3753.74
3035,Customer 3035,customer3035@example.com,AU,2020-09-07,Premium,4774.47
3036,Customer 3036,customer3036@example.com,CA,2020-03-29,Standard,1413.24
3037,Customer 3037,customer3037@example.com,US,2018-05-07,Premium,5818.26
3038,Customer 3038,customer3038@example.com,FR,2020-09-30,Basic,6072.16
3039,Customer 3039,customer3039@example.com,UK,2019-12-26,Standard,5052.13
3040,Customer 3040,customer3040@example.com,US,2024-10-10,Standard,8733.65
3041,Customer 3041,customer3041@example.com,UK,2020-09-29,Standard,7248.26
3042,Customer 3042,customer3042@example.com,US,2018-01-29,Basic,419.99
3043,Customer 3043,customer3043@example.com,CA,2022-07-23,Basic,9955.79
3044,Customer 3044,customer3044@example.com,AU,2022-04-28,Premium,7852.12
3045,Customer 3045,customer3045@example.com,DE,2024-01-10,Premium,7186.37
3046,Customer 3046,customer3046@example.com,IN,2023-12-28,Basic,334.83
3047,Customer 3047,customer3047@example.com,FR,2018-09-02,Standard,8135.46
3048,Customer 3048,customer3048@example.com,AU,2018-06-13,Standard,4054.35
3049,Customer 3049,customer3049@example.com,IN,2022-12-08,Standard,7895.49
3050,Customer 3050,customer3050@example.com,US,2019-08-21,Standard,7603.61
3051,Customer 3051,customer3051@example.com,IN,2019-04-03,Basic,1772.64
3052,Customer 3052,customer3052@example.com,FR,2021-10-23,Premium,9138.45
3053,Customer 3053,customer3053@example.com,AU,2023-05-31,Premium,2718.63
3054,Customer 3054,customer3054@example.com,DE,2018-10-31,Standard,9002.03
3055,Customer 3055,customer3055@example.com,FR,2020-09-29,Standard,3490.18
3056,Customer 3056,customer3056@example.com,CA,2022-12-27,Standard,7895.00
3057,Customer 3057,customer3057@example.com,CA,2020-11-22,Basic,2825.46
3058,Customer 3058,customer3058@example.com,US,2019-07-28,Premium,5265.62
3059,Customer 3059,customer3059@example.com,US,2020-06-24,Standard,5679.04
3060,Customer 3060,customer3060@example.com,CA,2021-04-07,Standard,9453.44
3061,Customer 3061,customer3061@example.com,UK,2024-05-14,Basic,3116.94
3062,Customer 3062,customer3062@example.com,CA,2022-12-07,Basic,3019.31
3063,Customer 3063,customer3063@example.com,CA,2019-06-11,Premium,6113.75
3064,Customer 3064,customer3064@example.com,AU,2022-04-23,Standard,6403.95
3065,Customer 3065,customer3065@example.com,US,2020-05-16,Basic,3099.27
3066,Customer 3066,customer3066@example.com,IN,2018-02-19,Standard,3705.20
3067,Customer 3067,customer3067@example.com,IN,2023-10-18,Standard,4822.05
3068,Customer 3068,customer3068@example.com,UK,2021-11-10,Basic,1643.18
3069,Customer 3069,customer3069@example.com,AU,2023-08-15,Standard,5281.04
3070,Customer 3070,customer3070@example.com,FR,2023-06-11,Basic,1774.30
3071,Customer 3071,customer3071@example.com,IN,2023-05-29,Premium,4891.58
3072,Customer 3072,customer3072@example.com,FR,2018-02-28,Basic,9474.79
3073,Customer 3073,customer3073@example.com,DE,2020-07-09,Standard,2143.65
3074,Customer 3074,customer3074@example.com,UK,2021-02-13,Basic,7802.34
3075,Customer 3075,customer3075@example.com,AU,2019-05-05,Basic,2049.73
3076,Customer 3076,customer3076@example.com,FR,2023-02-25,Basic,9135.75
3077,Customer 3077,customer3077@example.com,US,2023-11-17,Premium,7439.64
3078,Customer 3078,customer3078@example.com,DE,2018-05-15,Standard,6301.38
3079,Customer 3079,customer3079@example.com,DE,2023-09-10,Premium,2787.59
3080,Customer 3080,customer3080@example.com,IN,2024-01-12,Premium,9707.33
3081,Customer 3081,customer3081@example.com,US,2023-01-04,Basic,5277.19
3082,Customer 3082,customer3082@example.com,UK,2020-11-14,Basic,1908.58
3083,Customer 3083,customer3083@example.com,CA,2020-09-30,Premium,6927.41
3084,Customer 3084,customer3084@example.com,FR,2019-12-28,Premium,9795.84
3085,Customer 3085,customer3085@example.com,DE,2024-03-10,Standard,1004.46
3086,Customer 3086,customer3086@example.com,UK,2018-09-18,Premium,5273.32
3087,Customer 3087,customer3087@example.com,US,2020-04-30,Premium,2515.01
3088,Customer 3088,customer3088@example.com,AU,2024-07-08,Standard,4696.29
3089,Customer 3089,customer3089@example.com,IN,2018-07-29,Standard,7921.16
3090,Customer 3090,customer3090@example.com,US,2020-03-15,Standard,1252.42
3091,Customer 3091,customer3091@example.com,US,2023-05-04,Premium,1088.77
3092,Customer 3092,customer3092@example.com,IN,2020-05-30,Basic,4923.58
3093,Customer 3093,customer3093@example.com,IN,2018-02-09,Basic,4354.58
3094,Customer 3094,customer3094@example.com,US,2022-12-19,Basic,2028.51
3095,Customer 3095,customer3095@example.com,AU,2024-11-21,Standard,9923.15
3096,Customer 3096,customer3096@example.com,DE,2022-07-26,Basic,2780.36
3097,Customer 3097,customer3097@example.com,CA,2019-12-25,Standard,5122.20
3098,Customer 3098,customer3098@example.com,IN,2021-03-08,Basic,3066.41
3099,Customer 3099,customer3099@example.com,AU,2023-12-20,Premium,3477.31
3100,Customer 3100,customer3100@example.com,CA,2024-04-17,Basic,3157.16
3101,Customer 3101,customer3101@example.com,FR,2019-04-02,Premium,4927.05
3102,Customer 3102,customer3102@example.com,DE,2023-09-19,Standard,5008.30
3103,Customer 3103,customer3103@example.com,UK,2018-09-26,Standard,6762.46
3104,Customer 3104,customer3104@example.com,US,2022-12-21,Standard,6415.04
3105,Customer 3105,customer3105@example.com,IN,2020-01-19,Premium,7810.04
3106,Customer 3106,customer3106@example.com,AU,2020-08-07,Premium,3141.28
3107,Customer 3107,customer3107@example.com,DE,2021-08-03,Basic,4771.57
3108,Customer 3108,customer3108@example.com,CA,2021-05-14,Basic,2181.89
3109,Customer 3109,customer3109@example.com,CA,2019-09-26,Standard,1648.24
3110,Customer 3110,customer3110@example.com,AU,2022-06-11,Premium,8538.34
3111,Customer 3111,customer3111@example.com,IN,2019-10-06,Standard,9571.40
3112,Customer 3112,customer3112@example.com,FR,2024-09-04,Standard,7819.57
3113,Customer 3113,customer3113@example.com,DE,2020-07-25,Standard,4772.62
3114,Customer 3114,customer3114@example.com,AU,2021-05-28,Standard,1535.37
3115,Customer 3115,customer3115@example.com,DE,2021-12-20,Basic,3221.93
3116,Customer 3116,customer3116@example.com,DE,2022-10-09,Basic,3996.07
3117,Customer 3117,customer3117@example.com,FR,2018-01-24,Standard,647.54
3118,Customer 3118,customer3118@example.com,FR,2021-12-19,Basic,8073.17
3119,Customer 3119,customer3119@example.com,FR,2021-01-28,Premium,8203.48
3120,Customer 3120,customer3120@example.com,UK,2020-05-04,Basic,7195.06
3121,Customer 3121,customer3121@example.com,DE,2022-03-10,Premium,3286.27
3122,Customer 3122,customer3122@example.com,AU,2022-04-16,Standard,5624.87
3123,Customer 3123,customer3123@example.com,CA,2020-03-27,Premium,6213.80
3124,Customer 3124,customer3124@example.com,FR,2021-01-27,Premium,836.83
3125,Customer 3125,customer3125@example.com,UK,2021-08-26,Basic,4848.86
3126,Customer 3126,customer3126@example.com,CA,2024-08-25,Standard,9525.25
3127,Customer 3127,customer3127@example.com,US,2022-05-17,Basic,9601.34
3128,Customer 3128,customer3128@example.com,CA,2023-06-18,Premium,2873.41
3129,Customer 3129,customer3129@example.com,IN,2024-07-28,Standard,687.24
3130,Customer 3130,customer3130@example.com,US,2021-11-04,Standard,5425.17
3131,Customer 3131,customer3131@example.com,FR,2021-03-10,Premium,4771.22
3132,Customer 3132,customer3132@example.com,CA,2018-10-31,Standard,9774.07
3133,Customer 3133,customer3133@example.com,CA,2022-08-22,Premium,8752.11
3134,Customer 3134,customer3134@example.com,IN,2021-05-09,Basic,2079.94
3135,Customer 3135,customer3135@example.com,US,2022-12-01,Premium,3345.64
3136,Customer 3136,customer3136@example.com,IN,2020-12-03,Basic,5357.17
3137,Customer 3137,customer3137@example.com,DE,2018-03-31,Premium,7743.80
3138,Customer 3138,customer3138@example.com,US,2021-07-09,Standard,9060.52
3139,Customer 3139,customer3139@example.com,FR,2020-05-29,Premium,3280.54
3140,Customer 3140,,UK,2023-03-03,Standard,3396.82
3141,Customer 3141,customer3141@example.com,CA,2020-11-26,Standard,6075.81
3142,Customer 3142,customer3142@example.com,US,2019-07-29,Premium,6458.18
3143,Customer 3143,customer3143@example.com,FR,2022-06-12,Standard,8001.16
3144,Customer 3144,customer3144@example.com,AU,2023-12-05,Premium,9138.52
3145,Customer 3145,customer3145@example.com,IN,2022-03-10,Premium,5700.57
3146,Customer 3146,customer3146@example.com,US,2023-08-28,Standard,7922.36
3147,Customer 3147,customer3147@example.com,FR,2021-03-03,Basic,3404.15
3148,Customer 3148,customer3148@example.com,US,2018-11-06,Basic,1012.22
3149,Customer 3149,customer3149@example.com,IN,2019-04-06,Basic,1666.42
3150,Customer 3150,customer3150@example.com,IN,2018-12-26,Basic,9232.72
3151,Customer 3151,customer3151@example.com,IN,2020-02-21,Premium,7694.44
3152,Customer 3152,customer3152@example.com,FR,2021-02-08,Standard,4567.76
3153,Customer 3153,customer3153@example.com,CA,2019-09-16,Basic,3371.25
3154,Customer 3154,customer3154@example.com,UK,2024-06-14,Standard,4595.07
3155,Customer 3155,customer3155@example.com,AU,2022-11-07,Premium,4074.51
3156,Customer 3156,customer3156@example.com,DE,2018-01-27,Basic,8299.40
3157,Customer 3157,customer3157@example.com,US,2018-02-04,Premium,3291.60
3158,Customer 3158,customer3158@example.com,UK,2020-11-26,Premium,5885.33
3159,Customer 3159,customer3159@example.com,AU,2021-08-30,Basic,4631.76
3160,Customer 3160,customer3160@example.com,CA,2020-03-31,Basic,9261.03
3161,Customer 3161,customer3161@example.com,CA,2024-06-20,Premium,1969.59
3162,Customer 3162,customer3162@example.com,UK,2020-04-24,Standard,1897.71
3163,Customer 3163,customer3163@example.com,US,2023-12-25,Basic,9450.50
3164,Customer 3164,customer3164@example.com,US,2019-06-06,Basic,3550.34
3165,Customer 3165,customer3165@example.com,US,2021-09-03,Standard,9291.81
3166,Customer 3166,customer3166@example.com,CA,2020-05-05,Premium,3099.00
3167,Customer 3167,customer3167@example.com,FR,2021-01-15,Premium,9369.39
3168,Customer 3168,customer3168@example.com,UK,2021-12-26,Premium,1459.39
3169,Customer 3169,customer3169@example.com,FR,2019-05-20,Standard,351.70
3170,Customer 3170,customer3170@example.com,AU,2020-05-04,Standard,587.22
3171,Customer 3171,customer3171@example.com,FR,2022-06-24,Premium,2135.76
3172,Customer 3172,customer3172@example.com,FR,2024-08-14,Premium,1019.23
3173,Customer 3173,customer3173@example.com,UK,2023-09-07,Basic,7272.73
3174,Customer 3174,customer3174@example.com,US,2019-10-30,Premium,1291.55
3175,Customer 3175,customer3175@example.com,FR,2024-10-13,Standard,7521.86
3176,Customer 3176,customer3176@example.com,DE,2022-08-28,Premium,2182.24
3177,Customer 3177,customer3177@example.com,US,2023-09-08,Standard,4831.99
3178,Customer 3178,customer3178@example.com,IN,2019-04-04,Standard,259.84
3179,Customer 3179,customer3179@example.com,FR,2022-09-17,Standard,9619.53
3180,Customer 3180,customer3180@example.com,US,2021-12-23,Standard,9462.74
3181,Customer 3181,customer3181@example.com,AU,2018-09-25,Standard,9464.81
3182,Customer 3182,customer3182@example.com,CA,2021-05-16,Premium,9997.09
3183,Customer 3183,customer3183@example.com,US,2022-05-16,Standard,256.92
3184,Customer 3184,customer3184@example.com,DE,2021-08-17,Premium,1493.28
3185,Customer 3185,customer3185@example.com,UK,2019-12-28,Basic,191.81
3186,Customer 3186,customer3186@example.com,IN,2019-09-30,Premium,6981.20
3187,Customer 3187,customer3187@example.com,AU,2018-06-09,Premium,6002.42
3188,Customer 3188,customer3188@example.com,UK,2021-04-15,Standard,6213.79
3189,Customer 3189,customer3189@example.com,AU,2019-10-08,Standard,1806.96
3190,Customer 3190,customer3190@example.com,IN,2019-09-13,Basic,8113.23
3191,Customer 3191,customer3191@example.com,CA,2020-01-14,Standard,8802.87
3192,Customer 3192,customer3192@example.com,US,2019-10-28,Premium,5025.80
3193,Customer 3193,customer3193@example.com,DE,2022-07-12,Basic,3794.52
3194,Customer 3194,customer3194@example.com,AU,2020-12-22,Basic,3278.62
3195,Customer 3195,customer3195@example.com,AU,2018-04-16,Standard,382.12
3196,Customer 3196,customer3196@example.com,FR,2018-05-21,Basic,8733.08
3197,Customer 3197,customer3197@example.com,FR,2018-07-10,Basic,3832.66
3198,Customer 3198,customer3198@example.com,IN,2023-11-22,Premium,1665.91
3199,Customer 3199,customer3199@example.com,US,2021-11-29,Premium,1012.03
3200,Customer 3200,customer3200@example.com,US,2019-04-06,Standard,4697.89
3201,Customer 3201,customer3201@example.com,FR,2024-01-08,Standard,1430.61
3202,Customer 3202,customer3202@example.com,IN,2018-01-03,Standard,4814.81
3203,Customer 3203,customer3203@example.com,DE,2019-06-10,Standard,6598.11
3204,Customer 3204,customer3204@example.com,DE,2024-11-18,Basic,7191.52
3205,Customer 3205,customer3205@example.com,FR,2023-07-12,Basic,8327.78
3206,Customer 3206,customer3206@example.com,IN,2020-03-14,Premium,2271.18
3207,Customer 3207,customer3207@example.com,UK,2019-08-08,Premium,6626.18
3208,Customer 3208,customer3208@example.com,CA,2019-01-24,Basic,4098.00
3209,Customer 3209,customer3209@example.com,IN,2019-03-08,Premium,2339.61
3210,Customer 3210,customer3210@example.com,UK,2021-05-18,Standard,7133.56
3211,Customer 3211,customer3211@example.com,FR,2024-08-16,Basic,5217.35
3212,Customer 3212,customer3212@example.com,DE,2019-06-24,Standard,4278.01
3213,Customer 3213,customer3213@example.com,CA,2019-08-18,Basic,7390.46
3214,Customer 3214,customer3214@example.com,AU,2018-05-21,Basic,9069.54
3215,Customer 3215,customer3215@example.com,FR,2018-07-16,Premium,9797.35
3216,Customer 3216,customer3216@example.com,US,2019-08-09,Basic,437.73
3217,Customer 3217,customer3217@example.com,AU,2020-09-01,Premium,4027.96
3218,Customer 3218,customer3218@example.com,US,2024-06-01,Standard,4890.06
3219,Customer 3219,customer3219@example.com,DE,2020-02-09,Basic,8708.31
3220,Customer 3220,customer3220@example.com,IN,2022-07-20,Standard,9927.72
3221,Customer 3221,customer3221@example.com,FR,2024-12-19,Standard,5504.21
3222,Customer 3222,customer3222@example.com,US,2021-02-18,Basic,7708.26
3223,Customer 3223,customer3223@example.com,DE,2021-10-13,Premium,2627.32
3224,Customer 3224,customer3224@example.com,AU,2023-06-20,Basic,4617.53
3225,Customer 3225,customer3225@example.com,US,2021-11-03,Basic,2702.35
3226,Customer 3226,customer3226@example.com,AU,2022-02-05,Standard,6458.70
3227,Customer 3227,customer3227@example.com,IN,2019-06-02,Premium,2348.54
3228,Customer 3228,customer3228@example.com,FR,2019-04-01,Premium,5549.60
3229,Customer 3229,customer3229@example.com,DE,2019-06-02,Standard,3139.60
3230,Customer 3230,customer3230@example.com,FR,2024-03-16,Premium,9666.30
3231,Customer 3231,customer3231@example.com,IN,2020-01-18,Standard,8218.26
3232,Customer 3232,customer3232@example.com,IN,2020-03-09,Premium,8416.13
3233,Customer 3233,customer3233@example.com,UK,2018-03-10,Premium,7360.78
3234,Customer 3234,customer3234@example.com,DE,2023-11-23,Basic,7821.38
3235,Customer 3235,customer3235@example.com,IN,2023-12-14,Basic,565.25
3236,Customer 3236,customer3236@example.com,IN,2022-01-25,Basic,2381.19
3237,Customer 3237,customer3237@example.com,IN,2019-11-15,Standard,1671.62
3238,Customer 3238,customer3238@example.com,CA,2019-11-10,Basic,6379.69
3239,Customer 3239,customer3239@example.com,IN,2020-07-15,Basic,1605.31
3240,Customer 3240,customer3240@example.com,IN,2022-10-03,Premium,2856.37
3241,Customer 3241,customer3241@example.com,FR,2021-04-29,Standard,9019.47
3242,Customer 3242,customer3242@example.com,FR,2023-05-06,Standard,3287.02
3243,Customer 3243,customer3243@example.com,CA,2021-05-13,Premium,841.22
3244,Customer 3244,customer3244@example.com,CA,2024-03-26,Basic,3184.89
3245,Customer 3245,customer3245@example.com,CA,2024-11-16,Basic,9596.83
3246,Customer 3246,customer3246@example.com,US,2022-08-08,Premium,1523.54
3247,Customer 3247,customer3247@example.com,AU,2019-10-19,Premium,3973.26
3248,Customer 3248,customer3248@example.com,UK,2022-09-13,Standard,5955.02
3249,Customer 3249,customer3249@example.com,UK,2021-12-06,Premium,2340.42
3250,Customer 3250,customer3250@example.com,DE,2019-07-30,Standard,1322.37
3251,Customer 3251,customer3251@example.com,CA,2024-07-27,Basic,1603.28
3252,Customer 3252,customer3252@example.com,FR,2019-08-07,Basic,2827.16
3253,Customer 3253,customer3253@example.com,DE,2018-02-14,Basic,1261.19
3254,Customer 3254,customer3254@example.com,DE,2023-11-18,Premium,7739.41
3255,Customer 3255,customer3255@example.com,IN,2023-04-14,Premium,6638.17
3256,Customer 3256,customer3256@example.com,DE,2019-05-27,Basic,7454.83
3257,Customer 3257,customer3257@example.com,FR,2019-09-22,Premium,8814.25
3258,Customer 3258,customer3258@example.com,AU,2021-10-30,Standard,9499.93
3259,Customer 3259,customer3259@example.com,US,2022-04-12,Standard,1217.09
3260,Customer 3260,customer3260@example.com,FR,2022-10-11,Basic,1767.71
3261,Customer 3261,customer3261@example.com,CA,2023-06-19,Standard,2323.87
3262,Customer 3262,customer3262@example.com,US,2018-12-29,Basic,6072.83
3263,Customer 3263,customer3263@example.com,IN,2022-01-25,Premium,8706.68
3264,Customer 3264,customer3264@example.com,CA,2023-07-19,Basic,9636.12
3265,Customer 3265,customer3265@example.com,FR,2018-08-21,Basic,1141.38
3266,Customer 3266,customer3266@example.com,AU,2021-02-21,Basic,7351.18
3267,Customer 3267,customer3267@example.com,DE,2023-09-12,Standard,4254.49
3268,Customer 3268,customer3268@example.com,AU,2020-10-26,Standard,922.62
3269,Customer 3269,customer3269@example.com,US,2023-06-12,Premium,5899.26
3270,Customer 3270,customer3270@example.com,UK,2024-08-18,Standard,6689.72
3271,Customer 3271,customer3271@example.com,US,2023-06-22,Basic,6105.74
3272,Customer 3272,customer3272@example.com,IN,2022-03-20,Basic,5237.77
3273,Customer 3273,customer3273@example.com,CA,2022-04-17,Premium,6056.46
3274,Customer 3274,customer3274@example.com,IN,2019-02-08,Basic,1039.64
3275,Customer 3275,customer3275@example.com,AU,2020-09-04,Standard,5843.21
3276,Customer 3276,customer3276@example.com,CA,2024-10-09,Standard,8171.31
3277,Customer 3277,customer3277@example.com,CA,2018-06-13,Standard,6506.18
3278,Customer 3278,customer3278@example.com,FR,2023-03-03,Basic,8647.77
3279,Customer 3279,customer3279@example.com,US,2022-06-22,Basic,7469.42
3280,Customer 3280,customer3280@example.com,FR,2018-04-16,Premium,5712.61
3281,Customer 3281,customer3281@example.com,US,2021-09-09,Premium,2993.54
3282,Customer 3282,customer3282@example.com,FR,2018-04-27,Basic,4620.57
3283,Customer 3283,customer3283@example.com,DE,2022-01-08,Basic,3506.09
3284,Customer 3284,customer3284@example.com,UK,2021-02-07,Standard,7858.73
3285,Customer 3285,customer3285@example.com,DE,2023-02-20,Basic,9910.66
3286,Customer 3286,customer3286@example.com,DE,2019-10-20,Premium,5628.93
3287,Customer 3287,customer3287@example.com,AU,2024-02-20,Basic,3286.62
3288,Customer 3288,customer3288@example.com,FR,2021-11-28,Premium,8462.73
3289,Customer 3289,customer3289@example.com,AU,2018-12-31,Standard,3582.87
3290,Customer 3290,customer3290@example.com,IN,2020-07-21,Standard,8303.96
3291,Customer 3291,customer3291@example.com,US,2019-01-06,Basic,4120.05
3292,Customer 3292,customer3292@example.com,IN,2023-07-30,Basic,1943.30
3293,Customer 3293,customer3293@example.com,FR,2020-04-08,Standard,8574.16
3294,Customer 3294,customer3294@example.com,FR,2021-12-07,Standard,8078.39
3295,Customer 3295,customer3295@example.com,DE,2019-10-15,Premium,3295.32
3296,Customer 3296,customer3296@example.com,US,2020-02-17,Basic,3174.22
3297,Customer 3297,customer3297@example.com,IN,2024-04-14,Standard,7592.03
3298,Customer 3298,customer3298@example.com,IN,2019-12-30,Standard,6222.86
3299,Customer 3299,customer3299@example.com,US,2020-03-24,Premium,996.37
3300,Customer 3300,customer3300@example.com,IN,2022-07-16,Standard,1543.08
3301,Customer 3301,customer3301@example.com,DE,2023-12-23,Standard,4027.89
3302,Customer 3302,customer3302@example.com,FR,2019-03-01,Basic,8164.27
3303,Customer 3303,customer3303@example.com,AU,2021-04-18,Basic,5744.06
3304,Customer 3304,customer3304@example.com,US,2021-08-19,Premium,4481.11
3305,Customer 3305,customer3305@example.com,US,2020-10-04,Basic,1634.62
3306,Customer 3306,customer3306@example.com,DE,2018-04-18,Standard,2322.24
3307,Customer 3307,customer3307@example.com,CA,2020-06-15,Premium,8763.85
3308,Customer 3308,customer3308@example.com,FR,2020-06-03,Premium,222.94
3309,Customer 3309,customer3309@example.com,UK,2018-03-27,Basic,4884.41
3310,Customer 3310,customer3310@example.com,FR,2022-08-25,Basic,5557.14
3311,Customer 3311,customer3311@example.com,IN,2020-02-27,Standard,1941.97
3312,Customer 3312,customer3312@example.com,IN,2024-07-07,Standard,6309.83
3313,Customer 3313,customer3313@example.com,FR,2020-12-07,Basic,7988.29
3314,Customer 3314,customer3314@example.com,DE,2020-12-15,Standard,3765.26
3315,Customer 3315,customer3315@example.com,UK,2021-08-04,Basic,3635.03
3316,Customer 3316,customer3316@example.com,CA,2019-07-05,Standard,8613.45
3317,Customer 3317,customer3317@example.com,CA,2020-10-08,Basic,5831.69
3318,Customer 3318,customer3318@example.com,US,2023-09-10,Basic,4809.80
3319,Customer 3319,customer3319@example.com,DE,2019-03-06,Basic,2355.46
3320,Customer 3320,customer3320@example.com,DE,2024-03-19,Premium,4706.34
3321,Customer 3321,customer3321@example.com,IN,2018-08-06,Standard,6226.18
3322,Customer 3322,customer3322@example.com,FR,2024-08-17,Standard,740.11
3323,Customer 3323,customer3323@example.com,UK,2018-04-01,Basic,4539.84
3324,Customer 3324,customer3324@example.com,CA,2018-08-24,Standard,4818.60
3325,Customer 3325,customer3325@example.com,CA,2019-08-29,Premium,6851.87
3326,Customer 3326,customer3326@example.com,US,2021-02-04,Basic,2594.92
3327,Customer 3327,customer3327@example.com,CA,2018-04-23,Basic,6017.61
3328,Customer 3328,customer3328@example.com,FR,2019-07-01,Standard,2230.52
3329,Customer 3329,customer3329@example.com,FR,2021-06-23,Basic,7002.34
3330,Customer 3330,customer3330@example.com,DE,2021-09-15,Premium,5741.59
3331,Customer 3331,customer3331@example.com,IN,2022-07-26,Premium,7686.37
3332,Customer 3332,customer3332@example.com,CA,2024-07-31,Standard,8641.07
3333,Customer 3333,customer3333@example.com,IN,2018-08-05,Basic,7569.22
3334,Customer 3334,customer3334@example.com,IN,2019-05-06,Premium,6177.12
3335,Customer 3335,customer3335@example.com,IN,2022-08-22,Basic,1695.95
3336,Customer 3336,customer3336@example.com,UK,2020-10-16,Basic,7759.97
3337,Customer 3337,customer3337@example.com,UK,2020-01-13,Premium,6529.13
3338,Customer 3338,customer3338@example.com,FR,2019-05-05,Standard,982.15
3339,Customer 3339,customer3339@example.com,FR,2024-06-09,Basic,9495.40
3340,Customer 3340,customer3340@example.com,FR,2022-07-28,Standard,6994.51
3341,Customer 3341,customer3341@example.com,UK,2021-11-07,Premium,1049.05
3342,Customer 3342,customer3342@example.com,DE,2019-12-28,Basic,4360.57
3343,Customer 3343,customer3343@example.com,DE,2023-08-09,Premium,1927.21
3344,Customer 3344,customer3344@example.com,FR,2020-04-01,Premium,3576.89
3345,Customer 3345,customer3345@example.com,CA,2018-12-01,Standard,4572.10
3346,Customer 3346,customer3346@example.com,US,2023-11-16,Standard,301.97
3347,Customer 3347,customer3347@example.com,IN,2018-09-07,Basic,685.55
3348,Customer 3348,customer3348@example.com,DE,2019-01-27,Premium,117.12
3349,Customer 3349,customer3349@example.com,IN,2018-02-21,Premium,3335.91
3350,Customer 3350,customer3350@example.com,DE,2018-04-24,Basic,5677.31
3351,Customer 3351,customer3351@example.com,AU,2018-10-12,Premium,1965.97
3352,Customer 3352,customer3352@example.com,IN,2023-08-03,Premium,5398.62
3353,Customer 3353,customer3353@example.com,DE,2019-02-02,Basic,9134.88
3354,Customer 3354,customer3354@example.com,IN,2022-03-13,Basic,1851.59
3355,Customer 3355,customer3355@example.com,FR,2019-12-29,Basic,1573.61
3356,Customer 3356,customer3356@example.com,AU,2022-12-29,Premium,6258.62
3357,Customer 3357,customer3357@example.com,IN,2019-05-08,Standard,9356.82
3358,Customer 3358,customer3358@example.com,US,2021-11-30,Basic,1886.13
3359,Customer 3359,customer3359@example.com,IN,2019-11-17,Premium,5026.75
3360,Customer 3360,customer3360@example.com,IN,2019-09-28,Basic,9207.99
3361,Customer 3361,customer3361@example.com,FR,2024-02-23,Standard,7862.22
3362,Customer 3362,customer3362@example.com,US,2024-03-21,Premium,3449.61
3363,Customer 3363,customer3363@example.com,DE,2019-08-03,Premium,9607.83
3364,Customer 3364,customer3364@example.com,FR,2020-02-11,Standard,511.74
3365,Customer 3365,customer3365@example.com,US,2023-05-22,Basic,7105.61
3366,Customer 3366,customer3366@example.com,AU,2024-08-18,Premium,8492.96
3367,Customer 3367,customer3367@example.com,US,2021-08-05,Basic,5673.67
3368,Customer 3368,customer3368@example.com,CA,2023-12-19,Basic,4002.43
3369,Customer 3369,customer3369@example.com,IN,2020-04-03,Standard,3271.13
3370,Customer 3370,customer3370@example.com,FR,2020-03-22,Standard,9448.05
3371,Customer 3371,customer3371@example.com,FR,2022-07-14,Standard,3832.96
3372,Customer 3372,customer3372@example.com,FR,2018-04-08,Standard,1132.75
3373,Customer 3373,customer3373@example.com,IN,2023-06-06,Basic,3949.21
3374,Customer 3374,customer3374@example.com,FR,2021-03-22,Basic,7019.13
3375,Customer 3375,customer3375@example.com,IN,2018-06-20,Premium,9473.12
3376,Customer 3376,customer3376@example.com,DE,2024-08-03,Basic,9012.74
3377,Customer 3377,customer3377@example.com,IN,2019-12-12,Basic,3205.17
3378,Customer 3378,customer3378@example.com,US,2023-12-29,Premium,567.35
3379,Customer 3379,customer3379@example.com,DE,2022-04-26,Premium,3582.48
3380,Customer 3380,customer3380@example.com,IN,2018-08-03,Basic,8749.68
3381,Customer 3381,customer3381@example.com,CA,2023-09-14,Basic,8507.29
3382,Customer 3382,customer3382@example.com,IN,2022-02-27,Basic,7021.91
3383,Customer 3383,customer3383@example.com,UK,2019-02-09,Standard,9504.65
3384,Customer 3384,customer3384@example.com,UK,2021-08-04,Premium,7168.94
3385,Customer 3385,customer3385@example.com,FR,2020-04-26,Basic,6440.17
3386,Customer 3386,customer3386@example.com,US,2018-07-05,Standard,2139.70
3387,Customer 3387,customer3387@example.com,CA,2019-04-22,Standard,146.91
3388,Customer 3388,customer3388@example.com,UK,2021-09-16,Premium,9872.15
3389,Customer 3389,customer3389@example.com,AU,2020-07-24,Standard,9184.08
3390,Customer 3390,customer3390@example.com,FR,2018-07-03,Premium,1502.53
3391,Customer 3391,customer3391@example.com,UK,2024-12-21,Basic,2656.03
3392,Customer 3392,customer3392@example.com,FR,2024-05-25,Basic,8651.06
3393,Customer 3393,customer3393@example.com,CA,2021-06-22,Premium,9408.70
3394,Customer 3394,customer3394@example.com,CA,2021-01-21,Standard,6933.78
3395,Customer 3395,customer3395@example.com,FR,2022-08-22,Standard,2853.06
3396,Customer 3396,customer3396@example.com,UK,2023-06-23,Standard,6041.28
3397,Customer 3397,customer3397@example.com,CA,2022-06-08,Premium,6990.42
3398,Customer 3398,customer3398@example.com,FR,2019-06-12,Basic,6926.04
3399,Customer 3399,customer3399@example.com,US,2019-04-14,Premium,1673.35
3400,Customer 3400,customer3400@example.com,AU,2023-06-25,Premium,1915.25
3401,Customer 3401,customer3401@example.com,DE,2019-11-17,Basic,2639.34
3402,Customer 3402,customer3402@example.com,CA,2022-06-20,Standard,5408.97
3403,Customer 3403,customer3403@example.com,DE,2024-05-24,Standard,1174.07
3404,Customer 3404,customer3404@example.com,US,2022-06-06,Premium,9507.07
3405,Customer 3405,customer3405@example.com,IN,2023-08-02,Premium,1358.44
3406,Customer 3406,customer3406@example.com,US,2023-04-05,Standard,1182.50
3407,Customer 3407,customer3407@example.com,UK,2018-06-05,Standard,1926.34
3408,Customer 3408,customer3408@example.com,AU,2018-10-04,Premium,4415.89
3409,Customer 3409,customer3409@example.com,DE,2022-11-30,Basic,1513.31
3410,Customer 3410,customer3410@example.com,IN,2018-06-18,Basic,9342.79
3411,Customer 3411,customer3411@example.com,AU,2020-02-14,Premium,7276.61
3412,Customer 3412,customer3412@example.com,US,2024-05-18,Premium,9491.04
3413,Customer 3413,customer3413@example.com,DE,2020-10-24,Premium,3566.16
3414,Customer 3414,customer3414@example.com,UK,2018-08-20,Standard,3862.34
3415,Customer 3415,customer3415@example.com,DE,2023-09-02,Premium,2329.83
3416,Customer 3416,customer3416@example.com,CA,2020-03-07,Standard,6614.32
3417,Customer 3417,customer3417@example.com,FR,2018-04-14,Standard,786.89
3418,Customer 3418,customer3418@example.com,UK,2024-09-30,Basic,2949.28
3419,Customer 3419,customer3419@example.com,UK,2019-08-11,Basic,9645.35
3420,Customer 3420,customer3420@example.com,US,2019-04-02,Basic,744.80
3421,Customer 3421,customer3421@example.com,IN,2023-12-29,Premium,6224.00
3422,Customer 3422,customer3422@example.com,UK,2021-08-10,Standard,480.46
3423,Customer 3423,customer3423@example.com,US,2020-08-15,Premium,3874.01
3424,Customer 3424,customer3424@example.com,IN,2018-08-28,Standard,7710.08
3425,Customer 3425,customer3425@example.com,US,2020-07-08,Basic,448.43
3426,Customer 3426,customer3426@example.com,IN,2018-10-30,Premium,6523.74
3427,Customer 3427,customer3427@example.com,FR,2024-05-29,Basic,3921.94
3428,Customer 3428,customer3428@example.com,CA,2024-11-28,Standard,4551.74
3429,Customer 3429,customer3429@example.com,CA,2020-08-31,Basic,4956.57
3430,Customer 3430,customer3430@example.com,DE,2021-11-14,Basic,4604.34
3431,Customer 3431,customer3431@example.com,UK,2023-02-04,Basic,8806.50
3432,Customer 3432,customer3432@example.com,UK,2019-08-15,Standard,6407.22
3433,Customer 3433,customer3433@example.com,UK,2022-05-11,Standard,8831.18
3434,Customer 3434,customer3434@example.com,DE,2018-03-27,Standard,8073.96
3435,Customer 3435,customer3435@example.com,UK,2018-06-24,Standard,4162.68
3436,Customer 3436,customer3436@example.com,IN,2020-07-18,Standard,1337.74
3437,Customer 3437,customer3437@example.com,CA,2021-12-16,Premium,9424.62
3438,Customer 3438,customer3438@example.com,FR,2022-09-08,Standard,7361.15
3439,Customer 3439,customer3439@example.com,FR,2022-05-11,Standard,3699.25
3440,Customer 3440,customer3440@example.com,DE,2022-06-22,Premium,7260.75
3441,Customer 3441,customer3441@example.com,UK,2020-10-04,Premium,7154.64
3442,Customer 3442,customer3442@example.com,IN,2020-03-08,Basic,6627.33
3443,Customer 3443,customer3443@example.com,IN,2022-01-28,Standard,5527.23
3444,Customer 3444,customer3444@example.com,AU,2022-07-31,Standard,6475.60
3445,Customer 3445,customer3445@example.com,UK,2022-05-29,Premium,4755.30
3446,Customer 3446,customer3446@example.com,IN,2023-01-27,Standard,9056.29
3447,Customer 3447,customer3447@example.com,AU,2024-12-29,Standard,603.77
3448,Customer 3448,customer3448@example.com,UK,2021-10-15,Basic,8910.25
3449,Customer 3449,customer3449@example.com,CA,2022-04-24,Basic,4374.66
3450,Customer 3450,customer3450@example.com,FR,2018-04-08,Basic,2143.89
3451,Customer 3451,customer3451@example.com,IN,2019-12-07,Standard,9837.96
3452,Customer 3452,customer3452@example.com,CA,2024-04-26,Premium,6448.26
3453,Customer 3453,customer3453@example.com,IN,2020-03-21,Premium,4171.77
3454,Customer 3454,customer3454@example.com,FR,2020-10-03,Basic,1392.50
3455,Customer 3455,customer3455@example.com,FR,2021-07-19,Basic,9336.90
3456,Customer 3456,customer3456@example.com,IN,2023-12-14,Basic,6318.05
3457,Customer 3457,customer3457@example.com,US,2019-02-02,Premium,948.93
3458,Customer 3458,customer3458@example.com,US,2018-08-05,Standard,8540.75
3459,Customer 3459,customer3459@example.com,DE,2022-01-01,Premium,7461.48
3460,Customer 3460,customer3460@example.com,UK,2021-06-13,Premium,3693.11
3461,Customer 3461,customer3461@example.com,DE,2024-07-17,Standard,4803.36
3462,Customer 3462,customer3462@example.com,CA,2019-12-19,Standard,3102.08
3463,Customer 3463,customer3463@example.com,AU,2024-04-20,Premium,9018.09
3464,Customer 3464,customer3464@example.com,UK,2019-10-31,Standard,1272.56
3465,Customer 3465,customer3465@example.com,IN,2022-08-06,Premium,5660.47
3466,Customer 3466,customer3466@example.com,CA,2023-04-08,Basic,9834.70
3467,Customer 3467,customer3467@example.com,CA,2020-10-18,Premium,6672.30
3468,Customer 3468,customer3468@example.com,UK,2022-12-28,Premium,7581.17
3469,Customer 3469,customer3469@example.com,UK,2022-04-10,Standard,3855.76
3470,Customer 3470,customer3470@example.com,UK,2018-03-23,Basic,6912.40
3471,Customer 3471,customer3471@example.com,AU,2022-01-24,Standard,5890.42
3472,Customer 3472,customer3472@example.com,UK,2023-01-07,Premium,9705.94
3473,Customer 3473,customer3473@example.com,CA,2024-05-10,Standard,8867.48
3474,Customer 3474,customer3474@example.com,US,2022-02-24,Premium,1854.63
3475,Customer 3475,customer3475@example.com,IN,2021-05-14,Basic,3996.80
3476,Customer 3476,customer3476@example.com,UK,2019-03-31,Basic,2051.61
3477,Customer 3477,customer3477@example.com,CA,2021-08-06,Standard,7142.94
3478,Customer 3478,customer3478@example.com,AU,2018-12-07,Standard,6067.84
3479,Customer 3479,customer3479@example.com,AU,2023-07-20,Premium,6256.44
3480,Customer 3480,customer3480@example.com,IN,2022-09-08,Premium,3715.64
3481,Customer 3481,customer3481@example.com,DE,2020-02-26,Basic,2874.43
3482,Customer 3482,customer3482@example.com,IN,2018-04-07,Standard,3253.82
3483,Customer 3483,customer3483@example.com,UK,2018-08-02,Basic,2464.16
3484,Customer 3484,customer3484@example.com,DE,2020-12-13,Standard,9961.92
3485,Customer 3485,customer3485@example.com,DE,2018-06-15,Standard,7524.98
3486,Customer 3486,customer3486@example.com,AU,2023-02-20,Basic,894.42
3487,Customer 3487,customer3487@example.com,IN,2018-05-09,Premium,8733.20
3488,Customer 3488,customer3488@example.com,IN,2018-02-13,Basic,5779.16
3489,Customer 3489,customer3489@example.com,DE,2022-04-09,Premium,9054.89
3490,Customer 3490,customer3490@example.com,FR,2022-05-10,Premium,6983.35
3491,Customer 3491,customer3491@example.com,DE,2022-03-17,Standard,3731.26
3492,Customer 3492,customer3492@example.com,IN,2022-10-05,Standard,7102.08
3493,Customer 3493,customer3493@example.com,UK,2021-11-19,Basic,2689.72
3494,Customer 3494,customer3494@example.com,UK,2023-06-26,Standard,2740.06
3495,Customer 3495,customer3495@example.com,FR,2018-12-14,Basic,9142.08
3496,Customer 3496,customer3496@example.com,AU,2023-09-16,Premium,327.77
3497,Customer 3497,customer3497@example.com,UK,2019-03-15,Premium,836.70
3498,Customer 3498,customer3498@example.com,DE,2018-09-24,Premium,5761.90
3499,Customer 3499,customer3499@example.com,UK,2018-12-24,Premium,195.49
3500,Customer 3500,customer3500@example.com,US,2021-10-29,Basic,796.79
3501,Customer 3501,customer3501@example.com,IN,2023-03-03,Basic,8746.67
3502,Customer 3502,customer3502@example.com,AU,2019-03-10,Basic,1307.59
3503,Customer 3503,customer3503@example.com,CA,2019-07-23,Premium,9188.22
3504,Customer 3504,customer3504@example.com,US,2020-01-31,Premium,7210.72
3505,Customer 3505,customer3505@example.com,US,2018-01-16,Standard,7936.77
3506,Customer 3506,customer3506@example.com,UK,2020-05-11,Premium,7198.09
3507,Customer 3507,customer3507@example.com,FR,2021-08-05,Basic,5340.40
3508,Customer 3508,customer3508@example.com,FR,2020-03-19,Basic,9880.50
3509,Customer 3509,customer3509@example.com,IN,2020-02-02,Standard,2951.83
3510,Customer 3510,customer3510@example.com,CA,2024-08-21,Premium,4480.91
3511,Customer 3511,customer3511@example.com,IN,2018-01-26,Premium,1840.92
3512,Customer 3512,customer3512@example.com,UK,2020-12-14,Premium,8793.95
3513,Customer 3513,customer3513@example.com,IN,2020-02-15,Basic,1327.70
3514,Customer 3514,customer3514@example.com,AU,2018-11-07,Premium,1951.78
3515,Customer 3515,customer3515@example.com,DE,2020-07-21,Premium,4007.21
3516,Customer 3516,customer3516@example.com,AU,2024-08-23,Standard,6055.38
3517,Customer 3517,customer3517@example.com,IN,2021-03-15,Premium,4322.58
3518,Customer 3518,customer3518@example.com,AU,2021-11-13,Basic,2483.63
3519,Customer 3519,customer3519@example.com,US,2020-10-27,Standard,7567.54
3520,Customer 3520,customer3520@example.com,US,2018-09-10,Premium,4989.84
3521,Customer 3521,customer3521@example.com,CA,2018-09-05,Basic,7580.94
3522,Customer 3522,customer3522@example.com,FR,2018-11-24,Basic,7667.89
3523,Customer 3523,customer3523@example.com,CA,2023-01-01,Premium,9773.96
3524,Customer 3524,customer3524@example.com,CA,2018-12-28,Standard,5922.57
3525,Customer 3525,customer3525@example.com,DE,2024-10-16,Basic,9597.03
3526,Customer 3526,customer3526@example.com,IN,2020-12-10,Basic,8413.28
3527,Customer 3527,customer3527@example.com,FR,2022-01-06,Basic,8128.56
3528,Customer 3528,customer3528@example.com,DE,2023-08-09,Standard,7657.78
3529,Customer 3529,customer3529@example.com,DE,2024-02-15,Basic,1983.82
3530,Customer 3530,customer3530@example.com,IN,2019-11-30,Premium,6939.56
3531,Customer 3531,customer3531@example.com,FR,2023-03-20,Standard,3311.24
3532,Customer 3532,customer3532@example.com,AU,2022-07-10,Standard,8699.96
3533,Customer 3533,customer3533@example.com,FR,2023-01-27,Premium,1506.62
3534,Customer 3534,customer3534@example.com,AU,2022-04-29,Standard,9501.38
3535,Customer 3535,customer3535@example.com,AU,2019-07-26,Standard,3876.43
3536,Customer 3536,customer3536@example.com,AU,2019-09-04,Standard,3720.53
3537,Customer 3537,customer3537@example.com,FR,2019-12-09,Premium,5970.08
3538,Customer 3538,customer3538@example.com,UK,2020-06-07,Premium,262.25
3539,Customer 3539,customer3539@example.com,FR,2019-09-06,Standard,3439.42
3540,Customer 3540,customer3540@example.com,US,2023-07-31,Standard,1667.33
3541,Customer 3541,customer3541@example.com,AU,2024-02-29,Standard,2354.62
3542,Customer 3542,customer3542@example.com,FR,2024-10-21,Basic,5041.46
3543,Customer 3543,customer3543@example.com,FR,2019-10-17,Standard,9694.09
3544,Customer 3544,customer3544@example.com,US,2021-12-18,Premium,762.37
3545,Customer 3545,customer3545@example.com,DE,2023-05-07,Basic,2964.29
3546,Customer 3546,customer3546@example.com,UK,2023-10-26,Standard,8055.86
3547,Customer 3547,customer3547@example.com,FR,2023-07-03,Premium,9572.88
3548,Customer 3548,customer3548@example.com,CA,2019-10-12,Standard,6341.54
3549,Customer 3549,customer3549@example.com,CA,2024-12-08,Standard,6155.10
3550,Customer 3550,customer3550@example.com,IN,2019-06-15,Basic,2890.78
3551,Customer 3551,customer3551@example.com,CA,2022-03-10,Basic,8654.57
3552,Customer 3552,customer3552@example.com,DE,2024-05-04,Standard,724.94
3553,Customer 3553,customer3553@example.com,FR,2022-02-24,Standard,2536.49
3554,Customer 3554,customer3554@example.com,DE,2020-08-14,Standard,6375.33
3555,Customer 3555,customer3555@example.com,FR,2021-02-23,Basic,3473.50
3556,Customer 3556,customer3556@example.com,AU,2021-09-18,Basic,2024.34
3557,Customer 3557,customer3557@example.com,UK,2021-08-11,Basic,5765.52
3558,Customer 3558,customer3558@example.com,UK,2024-08-25,Basic,2446.48
3559,Customer 3559,customer3559@example.com,AU,2020-10-17,Standard,5676.65
3560,Customer 3560,customer3560@example.com,US,2021-07-07,Basic,8819.21
3561,Customer 3561,customer3561@example.com,FR,2019-08-31,Basic,3284.38
3562,Customer 3562,customer3562@example.com,IN,2023-07-04,Standard,6065.74
3563,Customer 3563,customer3563@example.com,CA,2020-12-25,Premium,4549.90
3564,Customer 3564,customer3564@example.com,AU,2020-03-02,Standard,7147.89
3565,Customer 3565,customer3565@example.com,DE,2018-08-30,Standard,2541.20
3566,Customer 3566,customer3566@example.com,CA,2018-01-13,Standard,3626.07
3567,Customer 3567,customer3567@example.com,IN,2023-05-31,Basic,1546.59
3568,Customer 3568,customer3568@example.com,DE,2021-08-03,Standard,9854.32
3569,Customer 3569,customer3569@example.com,IN,2024-01-06,Premium,8258.95
3570,Customer 3570,customer3570@example.com,CA,2020-02-10,Basic,6090.31
3571,Customer 3571,customer3571@example.com,DE,2018-09-06,Basic,8859.24
3572,Customer 3572,customer3572@example.com,IN,2023-08-27,Standard,2557.44
3573,Customer 3573,customer3573@example.com,FR,2022-09-29,Basic,8204.01
3574,Customer 3574,customer3574@example.com,US,2021-05-06,Standard,2121.98
3575,Customer 3575,customer3575@example.com,DE,2018-04-14,Premium,6551.19
3576,Customer 3576,customer3576@example.com,AU,2022-09-23,Premium,3749.45
3577,Customer 3577,customer3577@example.com,AU,2019-08-28,Standard,6296.31
3578,Customer 3578,customer3578@example.com,IN,2019-10-05,Basic,4496.98
3579,Customer 3579,customer3579@example.com,DE,2019-03-18,Standard,4613.84
3580,Customer 3580,customer3580@example.com,UK,2024-10-20,Standard,2919.15
3581,Customer 3581,customer3581@example.com,IN,2019-06-11,Standard,9565.45
3582,Customer 3582,customer3582@example.com,US,2018-08-03,Standard,5570.49
3583,Customer 3583,customer3583@example.com,DE,2019-08-04,Standard,8334.86
3584,Customer 3584,customer3584@example.com,FR,2024-03-03,Premium,6326.01
3585,Customer 3585,customer3585@example.com,CA,2021-08-19,Standard,1862.18
3586,Customer 3586,customer3586@example.com,IN,2018-05-22,Basic,2900.80
3587,Customer 3587,customer3587@example.com,IN,2024-05-17,Premium,8844.27
3588,Customer 3588,customer3588@example.com,US,2019-06-25,Standard,732.39
3589,Customer 3589,customer3589@example.com,US,2019-07-28,Premium,1112.31
3590,Customer 3590,customer3590@example.com,UK,2020-08-20,Premium,7571.13
3591,Customer 3591,customer3591@example.com,DE,2021-10-17,Premium,4185.15
3592,Customer 3592,customer3592@example.com,AU,2018-10-12,Standard,4065.54
3593,Customer 3593,customer3593@example.com,US,2023-11-20,Standard,6454.01
3594,Customer 3594,customer3594@example.com,FR,2019-09-27,Basic,8246.17
3595,Customer 3595,customer3595@example.com,AU,2020-04-28,Standard,1674.70
3596,Customer 3596,customer3596@example.com,AU,2020-12-04,Premium,2468.73
3597,Customer 3597,customer3597@example.com,CA,2024-04-03,Premium,619.58
3598,Customer 3598,customer3598@example.com,AU,2020-07-12,Standard,519.71
3599,Customer 3599,customer3599@example.com,UK,2020-08-10,Premium,9548.77
3600,Customer 3600,customer3600@example.com,UK,2023-08-13,Standard,3297.21
3601,Customer 3601,customer3601@example.com,AU,2022-06-10,Premium,5151.44
3602,Customer 3602,customer3602@example.com,DE,2023-07-10,Premium,6729.46
3603,Customer 3603,customer3603@example.com,CA,2022-08-27,Basic,772.82
3604,Customer 3604,customer3604@example.com,UK,2024-08-12,Premium,2167.48
3605,Customer 3605,customer3605@example.com,IN,2023-07-07,Premium,3558.88
3606,Customer 3606,customer3606@example.com,US,2024-07-10,Standard,5140.57
3607,Customer 3607,customer3607@example.com,AU,2019-11-04,Standard,2206.51
3608,Customer 3608,customer3608@example.com,IN,2018-01-31,Basic,7468.11
3609,Customer 3609,customer3609@example.com,DE,2020-12-24,Basic,3805.58
3610,Customer 3610,customer3610@example.com,FR,2019-10-17,Premium,7566.30
3611,Customer 3611,customer3611@example.com,DE,2021-10-02,Premium,3337.88
3612,Customer 3612,customer3612@example.com,DE,2022-05-28,Premium,6539.58
3613,Customer 3613,customer3613@example.com,FR,2018-04-29,Standard,6073.34
3614,Customer 3614,customer3614@example.com,CA,2023-09-28,Standard,2125.44
3615,Customer 3615,customer3615@example.com,US,2018-06-20,Standard,8065.89
3616,Customer 3616,customer3616@example.com,CA,2020-04-22,Premium,7621.62
3617,Customer 3617,customer3617@example.com,CA,2021-05-08,Basic,6774.64
3618,Customer 3618,customer3618@example.com,IN,2021-05-27,Standard,4691.42
3619,Customer 3619,customer3619@example.com,CA,2020-07-30,Basic,8913.04
3620,Customer 3620,customer3620@example.com,AU,2020-10-30,Premium,5159.88
3621,Customer 3621,customer3621@example.com,DE,2018-02-20,Premium,8312.91
3622,Customer 3622,customer3622@example.com,AU,2021-09-29,Premium,5045.97
3623,Customer 3623,customer3623@example.com,CA,2022-05-11,Basic,3340.85
3624,Customer 3624,customer3624@example.com,FR,2024-10-01,Premium,9216.11
3625,Customer 3625,customer3625@example.com,FR,2024-04-16,Basic,2924.89
3626,Customer 3626,customer3626@example.com,CA,2020-10-14,Premium,6202.07
3627,Customer 3627,customer3627@example.com,US,2018-05-08,Basic,595.28
3628,Customer 3628,customer3628@example.com,US,2021-01-28,Premium,3104.12
3629,Customer 3629,customer3629@example.com,FR,2024-05-15,Premium,1062.60
3630,Customer 3630,customer3630@example.com,DE,2020-05-31,Basic,1988.78
3631,Customer 3631,customer3631@example.com,FR,2022-03-08,Premium,2871.79
3632,Customer 3632,customer3632@example.com,CA,2018-04-02,Standard,7727.39
3633,Customer 3633,customer3633@example.com,US,2021-05-22,Premium,2700.98
3634,Customer 3634,customer3634@example.com,AU,2020-04-18,Premium,9202.12
3635,Customer 3635,customer3635@example.com,CA,2018-05-05,Standard,1828.35
3636,Customer 3636,customer3636@example.com,US,2018-12-19,Basic,2424.55
3637,Customer 3637,customer3637@example.com,AU,2024-07-02,Basic,5618.70
3638,Customer 3638,customer3638@example.com,DE,2018-04-03,Basic,5675.98
3639,Customer 3639,customer3639@example.com,US,2019-09-20,Premium,745.06
3640,Customer 3640,customer3640@example.com,CA,2022-03-26,Premium,467.90
3641,Customer 3641,customer3641@example.com,FR,2023-03-23,Standard,1832.73
3642,Customer 3642,customer3642@example.com,US,2024-06-20,Premium,6600.44
3643,Customer 3643,customer3643@example.com,AU,2021-02-24,Basic,2887.53
3644,Customer 3644,customer3644@example.com,FR,2020-04-10,Standard,341.69
3645,Customer 3645,customer3645@example.com,DE,2020-02-10,Premium,6927.78
3646,Customer 3646,customer3646@example.com,AU,2018-01-08,Basic,536.82
3647,Customer 3647,customer3647@example.com,IN,2022-11-19,Basic,9526.25
3648,Customer 3648,customer3648@example.com,FR,2020-08-06,Basic,8499.72
3649,Customer 3649,customer3649@example.com,US,2021-03-19,Standard,975.32
3650,Customer 3650,customer3650@example.com,DE,2023-02-12,Standard,5491.45
3651,Customer 3651,customer3651@example.com,DE,2022-03-01,Basic,5555.14
3652,Customer 3652,customer3652@example.com,UK,2021-08-06,Basic,6429.21
3653,Customer 3653,customer3653@example.com,FR,2019-12-14,Basic,4077.61
3654,Customer 3654,customer3654@example.com,FR,2021-11-24,Standard,1561.57
3655,Customer 3655,customer3655@example.com,CA,2023-07-19,Basic,5468.46
3656,Customer 3656,customer3656@example.com,DE,2022-11-04,Premium,6061.30
3657,Customer 3657,customer3657@example.com,UK,2021-09-25,Standard,6490.09
3658,Customer 3658,customer3658@example.com,FR,2024-01-18,Basic,1726.33
3659,Customer 3659,customer3659@example.com,US,2021-11-07,Basic,9191.16
3660,Customer 3660,customer3660@example.com,CA,2019-08-18,Basic,3482.33
3661,Customer 3661,customer3661@example.com,CA,2019-10-16,Basic,1481.26
3662,Customer 3662,customer3662@example.com,AU,2020-04-23,Basic,4023.87
3663,Customer 3663,customer3663@example.com,AU,2022-09-13,Premium,9905.99
3664,Customer 3664,customer3664@example.com,IN,2018-06-21,Basic,1127.77
3665,Customer 3665,customer3665@example.com,US,2020-11-09,Basic,6679.91
3666,Customer 3666,customer3666@example.com,UK,2020-07-17,Basic,7126.55
3667,Customer 3667,customer3667@example.com,DE,2023-06-27,Premium,3322.32
3668,Customer 3668,customer3668@example.com,AU,2022-03-10,Basic,9375.59
3669,Customer 3669,customer3669@example.com,IN,2022-05-28,Premium,5812.49
3670,Customer 3670,customer3670@example.com,CA,2022-07-30,Basic,7540.50
3671,Customer 3671,customer3671@example.com,US,2020-07-13,Basic,6474.63
3672,Customer 3672,customer3672@example.com,UK,2020-02-11,Basic,105.90
3673,Customer 3673,customer3673@example.com,AU,2023-08-29,Premium,5002.51
3674,Customer 3674,customer3674@example.com,US,2021-06-09,Premium,7582.43
3675,Customer 3675,customer3675@example.com,DE,2020-05-07,Basic,6418.66
3676,Customer 3676,customer3676@example.com,AU,2020-02-22,Premium,260.58
3677,Customer 3677,customer3677@example.com,DE,2019-05-11,Premium,1938.57
3678,Customer 3678,customer3678@example.com,AU,2018-10-20,Premium,2609.00
3679,Customer 3679,customer3679@example.com,US,2022-09-25,Standard,6649.69
3680,Customer 3680,customer3680@example.com,US,2024-09-13,Standard,3497.38
3681,Customer 3681,customer3681@example.com,DE,2020-05-03,Standard,4342.39
3682,Customer 3682,customer3682@example.com,IN,2023-05-14,Basic,6186.55
3683,Customer 3683,customer3683@example.com,US,2023-07-06,Premium,5049.95
3684,Customer 3684,customer3684@example.com,DE,2018-05-08,Standard,7036.25
3685,Customer 3685,customer3685@example.com,AU,2022-04-21,Basic,7720.90
3686,Customer 3686,customer3686@example.com,FR,2024-08-01,Basic,8818.29
3687,Customer 3687,customer3687@example.com,CA,2023-07-02,Premium,3861.68
3688,Customer 3688,customer3688@example.com,FR,2018-12-22,Standard,2596.35
3689,Customer 3689,customer3689@example.com,US,2018-12-06,Premium,7270.36
3690,Customer 3690,customer3690@example.com,CA,2019-01-21,Standard,3860.53
3691,Customer 3691,customer3691@example.com,DE,2020-09-15,Basic,9841.60
3692,Customer 3692,customer3692@example.com,US,2021-08-15,Standard,5571.00
3693,Customer 3693,customer3693@example.com,CA,2023-01-23,Premium,6175.80
3694,Customer 3694,customer3694@example.com,US,2018-02-12,Basic,1371.00
3695,Customer 3695,customer3695@example.com,AU,2018-04-26,Basic,4499.86
3696,Customer 3696,customer3696@example.com,IN,2020-01-13,Standard,2819.94
3697,Customer 3697,customer3697@example.com,IN,2022-05-09,Basic,6571.65
3698,Customer 3698,customer3698@example.com,US,2020-11-03,Basic,1264.92
3699,Customer 3699,customer3699@example.com,IN,2023-07-05,Premium,9032.39
3700,Customer 3700,customer3700@example.com,DE,2019-10-29,Premium,2973.84
3701,Customer 3701,customer3701@example.com,DE,2022-10-14,Premium,6899.39
3702,Customer 3702,customer3702@example.com,AU,2018-11-11,Premium,4873.25
3703,Customer 3703,customer3703@example.com,UK,2018-01-24,Standard,7779.83
3704,Customer 3704,customer3704@example.com,AU,2019-12-25,Standard,534.36
3705,Customer 3705,customer3705@example.com,UK,2020-07-04,Standard,8669.10
3706,Customer 3706,customer3706@example.com,IN,2023-07-14,Premium,7166.90
3707,Customer 3707,customer3707@example.com,AU,2019-04-21,Premium,1727.89
3708,Customer 3708,customer3708@example.com,UK,2024-10-14,Basic,334.41
3709,Customer 3709,customer3709@example.com,FR,2022-02-10,Basic,4356.74
3710,Customer 3710,customer3710@example.com,CA,2023-11-22,Basic,3746.05
3711,Customer 3711,customer3711@example.com,IN,2019-03-12,Standard,4789.21
3712,Customer 3712,customer3712@example.com,DE,2022-11-23,Basic,7050.27
3713,Customer 3713,customer3713@example.com,US,2018-09-24,Premium,2701.48
3714,Customer 3714,customer3714@example.com,CA,2022-01-04,Standard,4073.14
3715,Customer 3715,customer3715@example.com,UK,2019-07-18,Premium,338.68
3716,Customer 3716,customer3716@example.com,US,2024-05-25,Premium,6679.95
3717,Customer 3717,customer3717@example.com,FR,2024-02-15,Standard,5617.95
3718,Customer 3718,customer3718@example.com,FR,2018-10-01,Basic,1936.55
3719,Customer 3719,customer3719@example.com,FR,2019-04-20,Basic,493.58
3720,Customer 3720,customer3720@example.com,UK,2019-08-27,Standard,1418.83
3721,Customer 3721,customer3721@example.com,CA,2022-05-20,Premium,3781.40
3722,Customer 3722,customer3722@example.com,IN,2018-02-19,Premium,5293.17
3723,Customer 3723,customer3723@example.com,DE,2024-07-26,Basic,187.69
3724,Customer 3724,customer3724@example.com,AU,2019-07-16,Standard,9215.24
3725,Customer 3725,customer3725@example.com,AU,2023-05-22,Premium,1967.80
3726,Customer 3726,customer3726@example.com,FR,2023-05-14,Standard,2219.81
3727,Customer 3727,customer3727@example.com,UK,2022-05-08,Basic,6370.63
3728,Customer 3728,customer3728@example.com,IN,2018-10-18,Premium,6704.12
3729,Customer 3729,,AU,2023-09-20,Premium,8625.74
3730,Customer 3730,customer3730@example.com,US,2023-05-11,Basic,9899.68
3731,Customer 3731,customer3731@example.com,US,2024-05-07,Premium,2545.97
3732,Customer 3732,customer3732@example.com,AU,2022-08-21,Basic,3681.05
3733,Customer 3733,customer3733@example.com,UK,2020-12-11,Standard,690.76
3734,Customer 3734,customer3734@example.com,FR,2018-06-25,Standard,7828.26
3735,Customer 3735,customer3735@example.com,US,2020-02-28,Basic,7292.30
3736,Customer 3736,customer3736@example.com,DE,2022-05-20,Standard,6103.72
3737,Customer 3737,customer3737@example.com,AU,2020-07-09,Basic,9084.33
3738,Customer 3738,customer3738@example.com,FR,2024-11-23,Basic,8898.57
3739,Customer 3739,customer3739@example.com,CA,2019-10-07,Premium,6029.89
3740,Customer 3740,customer3740@example.com,DE,2023-07-30,Premium,4384.14
3741,Customer 3741,customer3741@example.com,US,2022-09-06,Premium,5660.70
3742,Customer 3742,customer3742@example.com,CA,2019-08-20,Basic,495.49
3743,Customer 3743,customer3743@example.com,DE,2022-05-30,Standard,4698.62
3744,Customer 3744,customer3744@example.com,AU,2021-10-30,Standard,8379.61
3745,Customer 3745,customer3745@example.com,IN,2021-09-01,Standard,8568.25
3746,Customer 3746,customer3746@example.com,FR,2023-09-26,Standard,3922.33
3747,Customer 3747,customer3747@example.com,AU,2024-08-11,Basic,5645.86
3748,Customer 3748,customer3748@example.com,CA,2024-10-14,Basic,6643.99
3749,Customer 3749,customer3749@example.com,IN,2019-07-17,Standard,3437.05
3750,Customer 3750,customer3750@example.com,CA,2023-06-29,Standard,5374.12
3751,Customer 3751,customer3751@example.com,IN,2018-09-15,Standard,6328.30
3752,Customer 3752,customer3752@example.com,DE,2021-03-29,Basic,5183.83
3753,Customer 3753,customer3753@example.com,DE,2021-08-20,Premium,5703.55
3754,Customer 3754,customer3754@example.com,DE,2021-06-08,Premium,8274.78
3755,Customer 3755,customer3755@example.com,IN,2022-08-13,Standard,2712.71
3756,Customer 3756,customer3756@example.com,FR,2020-02-11,Basic,8916.45
3757,Customer 3757,customer3757@example.com,UK,2021-04-23,Premium,6902.32
3758,Customer 3758,customer3758@example.com,DE,2024-02-02,Basic,3279.31
3759,Customer 3759,customer3759@example.com,AU,2023-03-11,Basic,5249.12
3760,Customer 3760,customer3760@example.com,US,2021-04-08,Basic,2545.57
3761,Customer 3761,customer3761@example.com,IN,2021-10-13,Premium,8884.01
3762,Customer 3762,customer3762@example.com,AU,2023-07-29,Standard,2531.77
3763,Customer 3763,customer3763@example.com,FR,2021-01-13,Basic,4644.88
3764,Customer 3764,customer3764@example.com,DE,2019-08-23,Standard,6099.24
3765,Customer 3765,customer3765@example.com,DE,2019-05-25,Standard,8149.83
3766,Customer 3766,customer3766@example.com,FR,2018-01-14,Premium,1970.39
3767,Customer 3767,customer3767@example.com,DE,2023-07-21,Standard,9354.04
3768,Customer 3768,customer3768@example.com,IN,2024-07-18,Standard,5160.07
3769,Customer 3769,customer3769@example.com,FR,2020-03-26,Standard,604.83
3770,Customer 3770,customer3770@example.com,FR,2023-06-29,Basic,1169.98
3771,Customer 3771,customer3771@example.com,FR,2022-05-04,Standard,1282.50
3772,Customer 3772,customer3772@example.com,UK,2019-05-19,Standard,7625.23
3773,Customer 3773,customer3773@example.com,US,2018-06-18,Premium,2845.82
3774,Customer 3774,customer3774@example.com,IN,2024-01-02,Standard,1361.48
3775,Customer 3775,customer3775@example.com,US,2022-09-30,Premium,495.38
3776,Customer 3776,customer3776@example.com,CA,2024-05-09,Premium,197.58
3777,Customer 3777,customer3777@example.com,DE,2021-02-09,Standard,4355.05
3778,Customer 3778,customer3778@example.com,UK,2020-06-21,Basic,6076.25
3779,Customer 3779,customer3779@example.com,AU,2020-12-28,Basic,3600.16
3780,Customer 3780,customer3780@example.com,UK,2019-09-14,Premium,5581.73
3781,Customer 3781,customer3781@example.com,DE,2020-06-19,Premium,8076.53
3782,Customer 3782,customer3782@example.com,AU,2022-04-19,Premium,5462.94
3783,Customer 3783,customer3783@example.com,US,2019-10-19,Premium,5755.28
3784,Customer 3784,customer3784@example.com,IN,2021-01-09,Standard,1333.18
3785,Customer 3785,customer3785@example.com,UK,2022-07-23,Premium,2496.04
3786,Customer 3786,customer3786@example.com,IN,2019-11-10,Premium,9184.49
3787,Customer 3787,customer3787@example.com,DE,2019-03-16,Premium,2463.83
3788,Customer 3788,customer3788@example.com,DE,2022-11-18,Basic,8622.86
3789,Customer 3789,customer3789@example.com,AU,2022-05-03,Standard,2212.54
3790,Customer 3790,customer3790@example.com,US,2018-12-02,Standard,7153.01
3791,Customer 3791,customer3791@example.com,FR,2019-09-08,Basic,8892.37
3792,Customer 3792,customer3792@example.com,AU,2024-11-24,Standard,327.96
3793,Customer 3793,customer3793@example.com,AU,2021-01-17,Premium,8829.88
3794,Customer 3794,customer3794@example.com,FR,2022-11-24,Basic,3488.66
3795,Customer 3795,customer3795@example.com,US,2023-08-07,Basic,6194.81
3796,Customer 3796,customer3796@example.com,AU,2022-12-17,Basic,2134.15
3797,Customer 3797,customer3797@example.com,UK,2018-11-13,Basic,8385.70
3798,Customer 3798,customer3798@example.com,CA,2022-03-27,Premium,7901.89
3799,Customer 3799,customer3799@example.com,UK,2020-06-11,Standard,3597.33
3800,Customer 3800,customer3800@example.com,DE,2020-10-15,Basic,2977.72
3801,Customer 3801,customer3801@example.com,UK,2022-04-04,Basic,8789.53
3802,Customer 3802,customer3802@example.com,US,2024-04-26,Premium,6490.22
3803,Customer 3803,customer3803@example.com,US,2023-01-27,Basic,8021.00
3804,Customer 3804,customer3804@example.com,FR,2024-05-30,Standard,3659.25
3805,Customer 3805,customer3805@example.com,US,2023-07-04,Standard,7269.37
3806,Customer 3806,customer3806@example.com,FR,2019-01-02,Standard,2623.76
3807,Customer 3807,customer3807@example.com,UK,2021-01-07,Standard,9124.83
3808,Customer 3808,customer3808@example.com,DE,2023-05-15,Premium,1768.56
3809,Customer 3809,customer3809@example.com,AU,2024-07-26,Basic,5219.98
3810,Customer 3810,customer3810@example.com,IN,2020-03-12,Premium,9793.70
3811,Customer 3811,customer3811@example.com,DE,2018-07-16,Premium,990.73
3812,Customer 3812,customer3812@example.com,UK,2019-01-14,Basic,6983.60
3813,Customer 3813,customer3813@example.com,US,2020-10-22,Premium,5300.01
3814,Customer 3814,customer3814@example.com,DE,2023-01-30,Premium,3002.21
3815,Customer 3815,customer3815@example.com,AU,2022-11-21,Standard,8722.99
3816,Customer 3816,customer3816@example.com,UK,2020-07-27,Standard,3184.82
3817,Customer 3817,customer3817@example.com,IN,2018-10-01,Premium,8730.92
3818,Customer 3818,customer3818@example.com,IN,2018-08-02,Basic,6580.76
3819,Customer 3819,customer3819@example.com,AU,2019-12-22,Standard,5524.59
3820,Customer 3820,customer3820@example.com,FR,2019-11-19,Premium,270.10
3821,Customer 3821,customer3821@example.com,UK,2024-10-04,Basic,862.77
3822,Customer 3822,customer3822@example.com,AU,2019-02-20,Standard,8191.17
3823,Customer 3823,customer3823@example.com,UK,2023-12-28,Premium,7812.69
3824,Customer 3824,customer3824@example.com,IN,2022-02-20,Basic,1871.35
3825,Customer 3825,customer3825@example.com,IN,2020-02-05,Premium,7890.39
3826,Customer 3826,customer3826@example.com,DE,2019-12-05,Standard,5181.13
3827,Customer 3827,customer3827@example.com,US,2023-08-14,Basic,8958.90
3828,Customer 3828,customer3828@example.com,FR,2019-07-07,Premium,578.61
3829,Customer 3829,customer3829@example.com,UK,2019-06-26,Premium,8630.71
3830,Customer 3830,customer3830@example.com,AU,2022-02-13,Basic,7853.26
3831,Customer 3831,customer3831@example.com,FR,2020-10-03,Standard,1833.94
3832,Customer 3832,customer3832@example.com,US,2020-10-13,Premium,6437.35
3833,Customer 3833,customer3833@example.com,AU,2018-06-23,Premium,9830.28
3834,Customer 3834,customer3834@example.com,UK,2018-01-03,Standard,4661.65
3835,Customer 3835,customer3835@example.com,AU,2023-06-30,Basic,7567.16
3836,Customer 3836,customer3836@example.com,IN,2024-01-27,Basic,4098.59
3837,Customer 3837,customer3837@example.com,IN,2023-03-27,Basic,9438.52
3838,Customer 3838,customer3838@example.com,DE,2024-10-16,Basic,7211.72
3839,Customer 3839,customer3839@example.com,CA,2022-07-18,Standard,5282.36
3840,Customer 3840,customer3840@example.com,FR,2019-11-15,Basic,8593.48
3841,Customer 3841,customer3841@example.com,UK,2018-05-30,Premium,826.83
3842,Customer 3842,customer3842@example.com,DE,2021-05-07,Premium,6083.52
3843,Customer 3843,customer3843@example.com,FR,2022-04-17,Standard,3065.23
3844,Customer 3844,customer3844@example.com,US,2021-07-12,Standard,2067.16
3845,Customer 3845,customer3845@example.com,US,2020-06-01,Standard,7773.21
3846,Customer 3846,customer3846@example.com,AU,2019-08-26,Standard,8665.45
3847,Customer 3847,customer3847@example.com,AU,2019-07-27,Basic,7958.23
3848,Customer 3848,customer3848@example.com,FR,2020-09-28,Premium,262.14
3849,Customer 3849,customer3849@example.com,UK,2022-12-04,Standard,4919.08
3850,Customer 3850,customer3850@example.com,FR,2023-03-21,Standard,8835.60
3851,Customer 3851,customer3851@example.com,FR,2019-06-19,Standard,9600.22
3852,Customer 3852,customer3852@example.com,UK,2019-08-20,Basic,9235.19
3853,Customer 3853,customer3853@example.com,DE,2022-03-13,Premium,3570.50
3854,Customer 3854,customer3854@example.com,FR,2022-11-11,Premium,6022.54
3855,Customer 3855,customer3855@example.com,DE,2023-10-01,Basic,4823.37
3856,Customer 3856,customer3856@example.com,AU,2023-05-18,Premium,3589.58
3857,Customer 3857,customer3857@example.com,UK,2021-06-25,Basic,1742.86
3858,Customer 3858,customer3858@example.com,US,2019-08-21,Basic,7139.94
3859,Customer 3859,customer3859@example.com,DE,2018-09-03,Premium,5144.12
3860,Customer 3860,customer3860@example.com,CA,2023-11-05,Standard,338.98
3861,Customer 3861,customer3861@example.com,FR,2021-09-30,Basic,4656.88
3862,Customer 3862,customer3862@example.com,IN,2021-08-30,Standard,3742.88
3863,Customer 3863,customer3863@example.com,AU,2023-10-19,Basic,1320.65
3864,Customer 3864,customer3864@example.com,FR,2023-06-20,Standard,7660.03
3865,Customer 3865,customer3865@example.com,US,2024-02-23,Basic,7514.48
3866,Customer 3866,customer3866@example.com,IN,2018-10-03,Premium,9336.18
3867,Customer 3867,customer3867@example.com,FR,2021-09-14,Basic,7171.28
3868,Customer 3868,customer3868@example.com,CA,2020-12-30,Premium,1507.89
3869,Customer 3869,customer3869@example.com,UK,2019-01-17,Basic,3900.51
3870,Customer 3870,customer3870@example.com,FR,2020-06-21,Premium,535.73
3871,Customer 3871,customer3871@example.com,US,2019-06-29,Premium,4241.92
3872,Customer 3872,customer3872@example.com,UK,2022-09-07,Premium,4326.42
3873,Customer 3873,customer3873@example.com,IN,2020-11-11,Premium,105.61
3874,Customer 3874,customer3874@example.com,US,2019-11-01,Premium,2728.53
3875,Customer 3875,customer3875@example.com,FR,2018-09-28,Premium,4736.24
3876,Customer 3876,customer3876@example.com,UK,2023-07-15,Premium,891.70
3877,Customer 3877,customer3877@example.com,FR,2021-11-04,Basic,7306.43
3878,Customer 3878,customer3878@example.com,DE,2023-04-05,Standard,5812.73
3879,Customer 3879,customer3879@example.com,IN,2021-09-16,Basic,6682.92
3880,Customer 3880,customer3880@example.com,IN,2019-09-30,Basic,6851.38
3881,Customer 3881,customer3881@example.com,CA,2024-08-12,Basic,6857.75
3882,Customer 3882,customer3882@example.com,AU,2024-08-29,Premium,2339.37
3883,Customer 3883,customer3883@example.com,US,2022-11-13,Standard,2794.67
3884,Customer 3884,customer3884@example.com,IN,2021-05-16,Standard,9730.34
3885,Customer 3885,customer3885@example.com,FR,2018-07-30,Basic,3073.39
3886,Customer 3886,customer3886@example.com,AU,2020-11-21,Premium,8258.28
3887,Customer 3887,customer3887@example.com,IN,2020-07-04,Premium,8819.39
3888,Customer 3888,customer3888@example.com,UK,2023-03-17,Premium,9267.91
3889,Customer 3889,customer3889@example.com,CA,2024-01-30,Basic,3693.63
3890,Customer 3890,customer3890@example.com,CA,2022-06-26,Standard,5709.07
3891,Customer 3891,customer3891@example.com,DE,2018-11-29,Premium,1708.21
3892,Customer 3892,customer3892@example.com,FR,2018-09-29,Standard,9268.63
3893,Customer 3893,customer3893@example.com,US,2022-11-20,Standard,8169.10
3894,Customer 3894,customer3894@example.com,UK,2022-08-24,Standard,9785.75
3895,Customer 3895,customer3895@example.com,DE,2022-02-26,Premium,3149.27
3896,Customer 3896,customer3896@example.com,FR,2023-07-08,Standard,5925.39
3897,Customer 3897,customer3897@example.com,FR,2022-10-28,Premium,2936.03
3898,Customer 3898,customer3898@example.com,IN,2019-11-07,Standard,1676.00
3899,Customer 3899,customer3899@example.com,DE,2024-08-27,Standard,8546.67
3900,Customer 3900,customer3900@example.com,US,2018-12-03,Premium,7982.32
3901,Customer 3901,customer3901@example.com,US,2019-09-07,Basic,4342.57
3902,Customer 3902,customer3902@example.com,US,2019-09-15,Premium,120.66
3903,Customer 3903,customer3903@example.com,UK,2018-05-14,Premium,2985.09
3904,Customer 3904,customer3904@example.com,AU,2022-02-11,Basic,6888.05
3905,Customer 3905,customer3905@example.com,AU,2022-01-03,Basic,5762.77
3906,Customer 3906,customer3906@example.com,US,2019-11-08,Standard,3368.40
3907,Customer 3907,customer3907@example.com,US,2024-07-15,Premium,9883.03
3908,Customer 3908,customer3908@example.com,IN,2018-01-01,Premium,7916.47
3909,Customer 3909,customer3909@example.com,FR,2023-07-02,Premium,2746.57
3910,Customer 3910,customer3910@example.com,DE,2024-11-25,Basic,809.66
3911,Customer 3911,customer3911@example.com,IN,2021-03-11,Premium,742.93
3912,Customer 3912,customer3912@example.com,IN,2020-11-30,Premium,6470.29
3913,Customer 3913,customer3913@example.com,CA,2023-10-10,Premium,5014.51
3914,Customer 3914,customer3914@example.com,UK,2021-03-08,Premium,3994.60
3915,Customer 3915,customer3915@example.com,DE,2019-10-29,Basic,4779.34
3916,Customer 3916,customer3916@example.com,FR,2022-01-09,Basic,3133.35
3917,Customer 3917,customer3917@example.com,CA,2022-07-01,Standard,8088.96
3918,Customer 3918,customer3918@example.com,UK,2021-06-20,Basic,3333.44
3919,Customer 3919,customer3919@example.com,UK,2023-03-05,Premium,7062.02
3920,Customer 3920,customer3920@example.com,US,2018-11-22,Premium,5918.06
3921,Customer 3921,customer3921@example.com,US,2019-08-28,Premium,9982.43
3922,Customer 3922,customer3922@example.com,UK,2019-09-04,Basic,827.08
3923,Customer 3923,customer3923@example.com,AU,2021-09-24,Basic,3267.51
3924,Customer 3924,customer3924@example.com,UK,2023-05-27,Standard,4157.82
3925,Customer 3925,customer3925@example.com,CA,2024-03-11,Basic,5917.94
3926,Customer 3926,customer3926@example.com,CA,2020-05-09,Standard,6596.20
3927,Customer 3927,customer3927@example.com,DE,2019-10-04,Standard,1995.74
3928,Customer 3928,customer3928@example.com,US,2018-07-20,Premium,8427.10
3929,Customer 3929,customer3929@example.com,AU,2020-10-29,Standard,1946.97
3930,Customer 3930,customer3930@example.com,FR,2023-03-14,Basic,9668.87
3931,Customer 3931,customer3931@example.com,AU,2021-08-18,Standard,1415.74
3932,Customer 3932,customer3932@example.com,DE,2022-09-26,Basic,3216.40
3933,Customer 3933,customer3933@example.com,AU,2024-05-09,Basic,1921.22
3934,Customer 3934,customer3934@example.com,AU,2019-11-04,Standard,4216.43
3935,Customer 3935,customer3935@example.com,FR,2021-10-02,Premium,516.05
3936,Customer 3936,customer3936@example.com,UK,2020-09-10,Basic,6078.83
3937,Customer 3937,customer3937@example.com,DE,2020-04-08,Basic,1887.08
3938,Customer 3938,customer3938@example.com,US,2018-02-07,Basic,3671.20
3939,Customer 3939,customer3939@example.com,DE,2024-11-23,Standard,3438.08
3940,Customer 3940,customer3940@example.com,US,2023-06-01,Basic,2096.96
3941,Customer 3941,customer3941@example.com,UK,2021-09-23,Basic,6620.79
3942,Customer 3942,customer3942@example.com,CA,2023-08-31,Standard,5355.60
3943,Customer 3943,customer3943@example.com,IN,2024-08-15,Basic,9273.12
3944,Customer 3944,customer3944@example.com,UK,2022-11-17,Basic,8022.77
3945,Customer 3945,customer3945@example.com,FR,2024-08-17,Basic,2972.91
3946,Customer 3946,customer3946@example.com,AU,2023-02-13,Premium,2916.41
3947,Customer 3947,customer3947@example.com,US,2022-07-27,Basic,6307.72
3948,Customer 3948,customer3948@example.com,AU,2018-09-15,Standard,8312.57
3949,Customer 3949,customer3949@example.com,FR,2023-03-14,Basic,5761.79
3950,Customer 3950,customer3950@example.com,DE,2024-08-17,Premium,4547.79
3951,Customer 3951,customer3951@example.com,DE,2018-06-08,Premium,6717.48
3952,Customer 3952,customer3952@example.com,IN,2020-11-06,Standard,2727.12
3953,Customer 3953,customer3953@example.com,IN,2020-07-27,Premium,2295.83
3954,Customer 3954,customer3954@example.com,AU,2023-01-15,Premium,4030.10
3955,Customer 3955,customer3955@example.com,FR,2018-07-15,Premium,8043.67
3956,Customer 3956,customer3956@example.com,DE,2024-01-02,Basic,9405.18
3957,Customer 3957,customer3957@example.com,US,2023-08-18,Basic,7966.83
3958,Customer 3958,customer3958@example.com,CA,2021-06-08,Basic,6666.81
3959,Customer 3959,customer3959@example.com,FR,2024-07-04,Premium,5387.49
3960,Customer 3960,customer3960@example.com,IN,2021-03-23,Premium,8566.82
3961,Customer 3961,customer3961@example.com,FR,2024-04-15,Basic,3353.02
3962,Customer 3962,customer3962@example.com,IN,2020-03-31,Premium,6882.33
3963,Customer 3963,customer3963@example.com,US,2021-09-08,Basic,2531.40
3964,Customer 3964,customer3964@example.com,FR,2018-03-26,Premium,1385.79
3965,Customer 3965,customer3965@example.com,CA,2020-11-23,Premium,6608.83
3966,Customer 3966,customer3966@example.com,CA,2020-11-19,Standard,1702.43
3967,Customer 3967,customer3967@example.com,FR,2020-04-15,Basic,1722.68
3968,Customer 3968,customer3968@example.com,US,2021-03-28,Standard,9979.06
3969,Customer 3969,customer3969@example.com,CA,2024-02-26,Basic,779.04
3970,Customer 3970,customer3970@example.com,UK,2019-05-13,Premium,9540.50
3971,Customer 3971,customer3971@example.com,US,2021-01-11,Premium,1222.37
3972,Customer 3972,customer3972@example.com,FR,2021-10-14,Premium,5054.58
3973,Customer 3973,customer3973@example.com,AU,2023-12-30,Standard,5156.72
3974,Customer 3974,customer3974@example.com,FR,2024-11-21,Standard,7876.42
3975,Customer 3975,customer3975@example.com,DE,2019-01-12,Standard,1846.35
3976,Customer 3976,customer3976@example.com,AU,2020-02-15,Basic,9454.91
3977,Customer 3977,customer3977@example.com,CA,2018-03-16,Basic,8063.32
3978,Customer 3978,customer3978@example.com,AU,2018-12-20,Premium,1706.69
3979,Customer 3979,customer3979@example.com,DE,2019-10-19,Basic,8170.66
3980,Customer 3980,customer3980@example.com,IN,2020-03-06,Standard,9912.02
3981,Customer 3981,customer3981@example.com,AU,2021-12-10,Premium,3467.79
3982,Customer 3982,customer3982@example.com,FR,2022-11-07,Premium,8092.02
3983,Customer 3983,customer3983@example.com,AU,2022-07-07,Premium,1758.48
3984,Customer 3984,customer3984@example.com,IN,2023-06-04,Basic,7502.57
3985,Customer 3985,customer3985@example.com,US,2020-07-17,Basic,9344.58
3986,Customer 3986,customer3986@example.com,AU,2023-07-18,Basic,7731.31
3987,Customer 3987,customer3987@example.com,FR,2021-08-12,Basic,3751.82
3988,Customer 3988,customer3988@example.com,US,2018-05-30,Standard,1962.00
3989,Customer 3989,customer3989@example.com,IN,2021-12-26,Premium,9877.86
3990,Customer 3990,customer3990@example.com,DE,2021-10-19,Standard,7522.35
3991,Customer 3991,customer3991@example.com,US,2021-07-14,Standard,943.73
3992,Customer 3992,customer3992@example.com,AU,2019-01-29,Basic,5253.09
3993,Customer 3993,customer3993@example.com,AU,2019-04-23,Basic,1444.13
3994,Customer 3994,customer3994@example.com,FR,2024-03-17,Basic,7286.45
3995,Customer 3995,customer3995@example.com,DE,2019-05-06,Basic,8127.21
3996,Customer 3996,customer3996@example.com,AU,2021-07-22,Premium,3189.38
3997,Customer 3997,customer3997@example.com,AU,2022-10-10,Standard,485.49
3998,Customer 3998,customer3998@example.com,US,2018-08-13,Standard,6681.75
3999,Customer 3999,customer3999@example.com,UK,2020-11-23,Standard,9992.88
4000,Customer 4000,customer4000@example.com,DE,2021-10-24,Standard,9814.97
4001,Customer 4001,customer4001@example.com,IN,2022-01-30,Premium,5033.04
4002,Customer 4002,customer4002@example.com,CA,2021-05-13,Standard,325.05
4003,Customer 4003,customer4003@example.com,DE,2021-09-04,Premium,7146.82
4004,Customer 4004,customer4004@example.com,AU,2019-07-17,Basic,6068.77
4005,Customer 4005,customer4005@example.com,AU,2019-02-15,Standard,1222.40
4006,Customer 4006,customer4006@example.com,DE,2021-09-29,Standard,8895.24
4007,Customer 4007,customer4007@example.com,UK,2024-06-18,Premium,5864.06
4008,Customer 4008,customer4008@example.com,US,2020-08-06,Premium,2837.50
4009,Customer 4009,customer4009@example.com,AU,2024-03-03,Basic,9138.43
4010,Customer 4010,customer4010@example.com,US,2024-02-27,Basic,8715.97
4011,Customer 4011,customer4011@example.com,IN,2021-05-02,Basic,6613.21
4012,Customer 4012,customer4012@example.com,US,2022-07-12,Premium,3187.73
4013,Customer 4013,customer4013@example.com,FR,2019-01-16,Basic,3399.34
4014,Customer 4014,customer4014@example.com,CA,2018-08-02,Premium,780.60
4015,Customer 4015,customer4015@example.com,IN,2018-01-17,Premium,8924.88
4016,Customer 4016,,US,2023-04-06,Standard,4119.29
4017,Customer 4017,customer4017@example.com,US,2020-12-18,Premium,5949.45
4018,Customer 4018,customer4018@example.com,IN,2020-10-11,Premium,3407.22
4019,Customer 4019,customer4019@example.com,UK,2024-05-19,Basic,8680.25
4020,Customer 4020,customer4020@example.com,CA,2018-03-10,Standard,2262.34
4021,Customer 4021,customer4021@example.com,CA,2019-06-03,Premium,7404.83
4022,Customer 4022,customer4022@example.com,AU,2023-09-19,Premium,9897.50
4023,Customer 4023,customer4023@example.com,US,2023-11-13,Standard,5809.24
4024,Customer 4024,customer4024@example.com,CA,2020-02-08,Standard,5520.88
4025,Customer 4025,customer4025@example.com,US,2022-10-27,Premium,6171.25
4026,Customer 4026,customer4026@example.com,FR,2020-02-28,Basic,2997.79
4027,Customer 4027,,UK,2022-07-15,Basic,4174.28
4028,Customer 4028,customer4028@example.com,IN,2021-03-24,Standard,2565.40
4029,Customer 4029,customer4029@example.com,AU,2019-05-26,Basic,4260.22
4030,Customer 4030,customer4030@example.com,CA,2024-10-15,Standard,114.38
4031,Customer 4031,customer4031@example.com,US,2022-07-20,Basic,1992.53
4032,Customer 4032,customer4032@example.com,DE,2019-06-10,Basic,1925.14
4033,Customer 4033,customer4033@example.com,CA,2024-07-04,Premium,9675.03
4034,Customer 4034,customer4034@example.com,UK,2019-06-27,Basic,498.04
4035,Customer 4035,customer4035@example.com,UK,2018-07-10,Basic,814.77
4036,Customer 4036,customer4036@example.com,FR,2019-06-29,Premium,2837.84
4037,Customer 4037,customer4037@example.com,US,2024-06-11,Premium,6553.34
4038,Customer 4038,customer4038@example.com,CA,2019-03-30,Basic,236.22
4039,Customer 4039,customer4039@example.com,US,2021-10-30,Premium,4526.04
4040,Customer 4040,customer4040@example.com,UK,2019-05-20,Standard,3318.60
4041,Customer 4041,customer4041@example.com,FR,2022-04-01,Basic,5236.77
4042,Customer 4042,customer4042@example.com,DE,2022-12-22,Basic,2095.33
4043,Customer 4043,customer4043@example.com,CA,2019-08-21,Premium,3953.19
4044,Customer 4044,customer4044@example.com,UK,2020-09-21,Standard,4940.24
4045,Customer 4045,customer4045@example.com,DE,2022-11-27,Premium,2595.90
4046,Customer 4046,customer4046@example.com,FR,2023-03-14,Premium,707.91
4047,Customer 4047,customer4047@example.com,AU,2018-09-02,Basic,4641.60
4048,Customer 4048,customer4048@example.com,DE,2020-04-14,Standard,1193.12
4049,Customer 4049,customer4049@example.com,DE,2019-07-31,Standard,2865.35
4050,Customer 4050,customer4050@example.com,FR,2018-02-26,Standard,7878.38
4051,Customer 4051,customer4051@example.com,IN,2018-09-25,Basic,4598.85
4052,Customer 4052,customer4052@example.com,DE,2020-07-07,Standard,2089.15
4053,Customer 4053,customer4053@example.com,AU,2021-02-02,Standard,9638.73
4054,Customer 4054,customer4054@example.com,DE,2019-10-20,Standard,2283.60
4055,Customer 4055,,UK,2018-03-12,Premium,6487.68
4056,Customer 4056,customer4056@example.com,FR,2020-06-15,Basic,5146.01
4057,Customer 4057,customer4057@example.com,UK,2019-03-26,Standard,7240.30
4058,Customer 4058,customer4058@example.com,IN,2020-11-09,Basic,1078.46
4059,Customer 4059,customer4059@example.com,AU,2023-10-17,Standard,7489.39
4060,Customer 4060,customer4060@example.com,US,2018-09-15,Basic,9575.83
4061,Customer 4061,customer4061@example.com,US,2020-09-15,Standard,2595.78
4062,Customer 4062,customer4062@example.com,UK,2024-03-27,Basic,5786.70
4063,Customer 4063,customer4063@example.com,IN,2020-01-20,Basic,5020.66
4064,Customer 4064,customer4064@example.com,IN,2018-01-14,Premium,9590.35
4065,Customer 4065,customer4065@example.com,DE,2024-03-18,Standard,5722.72
4066,Customer 4066,customer4066@example.com,US,2023-05-25,Premium,1954.98
4067,Customer 4067,customer4067@example.com,CA,2021-06-08,Basic,7665.21
4068,Customer 4068,customer4068@example.com,DE,2021-01-18,Basic,2074.72
4069,Customer 4069,customer4069@example.com,FR,2024-09-30,Basic,5683.82
4070,Customer 4070,customer4070@example.com,US,2022-04-06,Standard,6283.73
4071,Customer 4071,customer4071@example.com,UK,2021-08-23,Premium,8592.18
4072,Customer 4072,customer4072@example.com,DE,2023-04-15,Premium,5371.61
4073,Customer 4073,customer4073@example.com,FR,2020-07-21,Standard,9579.27
4074,Customer 4074,customer4074@example.com,US,2018-11-09,Premium,5695.07
4075,Customer 4075,customer4075@example.com,UK,2020-08-05,Standard,8678.86
4076,Customer 4076,customer4076@example.com,UK,2023-03-29,Standard,5396.31
4077,Customer 4077,customer4077@example.com,CA,2018-10-25,Premium,6841.51
4078,Customer 4078,customer4078@example.com,IN,2022-12-13,Basic,1443.64
4079,Customer 4079,customer4079@example.com,CA,2020-05-28,Premium,3771.68
4080,Customer 4080,customer4080@example.com,US,2020-11-16,Premium,9190.21
4081,Customer 4081,customer4081@example.com,FR,2019-05-08,Standard,6465.89
4082,Customer 4082,customer4082@example.com,FR,2020-05-06,Premium,3474.06
4083,Customer 4083,customer4083@example.com,UK,2024-11-10,Premium,1025.75
4084,Customer 4084,customer4084@example.com,DE,2024-09-16,Basic,7489.54
4085,Customer 4085,customer4085@example.com,AU,2020-09-14,Premium,4812.52
4086,Customer 4086,customer4086@example.com,DE,2024-01-26,Premium,6607.24
4087,Customer 4087,customer4087@example.com,CA,2018-01-27,Standard,8188.95
4088,Customer 4088,customer4088@example.com,UK,2022-08-14,Standard,1090.93
4089,Customer 4089,customer4089@example.com,IN,2024-07-15,Premium,9255.63
4090,Customer 4090,customer4090@example.com,DE,2018-01-01,Standard,6994.15
4091,Customer 4091,customer4091@example.com,DE,2023-01-27,Basic,6989.80
4092,Customer 4092,customer4092@example.com,US,2019-02-04,Basic,5759.87
4093,Customer 4093,customer4093@example.com,CA,2021-02-01,Premium,1803.48
4094,Customer 4094,customer4094@example.com,UK,2020-08-17,Basic,547.52
4095,Customer 4095,customer4095@example.com,UK,2020-03-13,Premium,2056.68
4096,Customer 4096,customer4096@example.com,DE,2023-03-03,Premium,6650.45
4097,Customer 4097,customer4097@example.com,UK,2024-12-08,Premium,411.76
4098,Customer 4098,customer4098@example.com,CA,2020-04-16,Standard,6308.59
4099,Customer 4099,customer4099@example.com,AU,2021-05-12,Basic,4375.04
4100,Customer 4100,customer4100@example.com,CA,2018-09-17,Premium,4789.93
4101,Customer 4101,customer4101@example.com,US,2019-12-03,Standard,447.78
4102,Customer 4102,customer4102@example.com,UK,2022-09-18,Premium,939.79
4103,Customer 4103,customer4103@example.com,UK,2020-05-17,Premium,1622.02
4104,Customer 4104,customer4104@example.com,US,2022-11-16,Premium,7026.91
4105,Customer 4105,customer4105@example.com,UK,2020-12-26,Basic,5250.59
4106,Customer 4106,customer4106@example.com,IN,2023-12-15,Basic,8999.85
4107,Customer 4107,customer4107@example.com,IN,2021-09-13,Standard,1658.23
4108,Customer 4108,customer4108@example.com,IN,2023-12-23,Basic,5716.21
4109,Customer 4109,customer4109@example.com,FR,2022-10-07,Premium,6148.39
4110,Customer 4110,customer4110@example.com,AU,2022-12-29,Standard,3225.73
4111,Customer 4111,customer4111@example.com,IN,2020-05-27,Basic,8003.19
4112,Customer 4112,customer4112@example.com,AU,2018-03-24,Premium,4117.58
4113,Customer 4113,customer4113@example.com,FR,2024-01-03,Standard,9279.75
4114,Customer 4114,customer4114@example.com,AU,2024-07-09,Premium,7986.36
4115,Customer 4115,customer4115@example.com,UK,2018-08-09,Premium,7396.34
4116,Customer 4116,customer4116@example.com,IN,2019-04-09,Basic,4845.28
4117,Customer 4117,customer4117@example.com,CA,2024-07-06,Basic,7402.36
4118,Customer 4118,customer4118@example.com,UK,2018-08-05,Basic,1879.95
4119,Customer 4119,customer4119@example.com,UK,2019-06-02,Premium,9089.21
4120,Customer 4120,customer4120@example.com,IN,2024-10-21,Basic,8855.77
4121,Customer 4121,customer4121@example.com,UK,2024-01-17,Basic,927.32
4122,Customer 4122,customer4122@example.com,IN,2024-01-11,Premium,2670.62
4123,Customer 4123,customer4123@example.com,DE,2024-02-27,Premium,8298.29
4124,Customer 4124,customer4124@example.com,US,2022-10-18,Standard,8517.43
4125,Customer 4125,customer4125@example.com,UK,2019-07-27,Premium,7017.88
4126,Customer 4126,customer4126@example.com,US,2023-10-23,Premium,6285.92
4127,Customer 4127,customer4127@example.com,US,2022-09-26,Basic,6375.16
4128,Customer 4128,customer4128@example.com,US,2021-08-11,Standard,1729.88
4129,Customer 4129,customer4129@example.com,DE,2021-10-15,Premium,427.75
4130,Customer 4130,customer4130@example.com,US,2018-04-22,Basic,6939.75
4131,Customer 4131,customer4131@example.com,AU,2018-05-05,Premium,3292.72
4132,Customer 4132,customer4132@example.com,AU,2024-07-27,Premium,918.06
4133,Customer 4133,customer4133@example.com,UK,2023-05-24,Premium,4445.89
4134,Customer 4134,customer4134@example.com,IN,2022-03-02,Premium,7895.91
4135,Customer 4135,customer4135@example.com,CA,2024-10-13,Premium,7220.33
4136,Customer 4136,customer4136@example.com,DE,2021-07-05,Standard,6754.57
4137,Customer 4137,customer4137@example.com,AU,2023-08-27,Basic,2969.63
4138,Customer 4138,customer4138@example.com,DE,2020-12-04,Premium,941.90
4139,Customer 4139,customer4139@example.com,AU,2019-08-29,Basic,6714.62
4140,Customer 4140,customer4140@example.com,IN,2023-05-07,Standard,4962.28
4141,Customer 4141,customer4141@example.com,AU,2018-11-10,Premium,1839.68
4142,Customer 4142,customer4142@example.com,AU,2021-03-29,Basic,6254.38
4143,Customer 4143,customer4143@example.com,US,2021-07-10,Standard,4741.86
4144,Customer 4144,customer4144@example.com,IN,2022-11-16,Standard,359.89
4145,Customer 4145,customer4145@example.com,IN,2018-07-20,Premium,6654.17
4146,Customer 4146,customer4146@example.com,UK,2022-03-28,Standard,6403.01
4147,Customer 4147,customer4147@example.com,US,2022-01-20,Basic,5207.32
4148,Customer 4148,customer4148@example.com,IN,2019-09-07,Standard,3839.44
4149,Customer 4149,customer4149@example.com,US,2020-08-23,Standard,1577.80
4150,Customer 4150,customer4150@example.com,DE,2023-09-27,Premium,9907.61
4151,Customer 4151,customer4151@example.com,DE,2018-07-20,Standard,3170.25
4152,Customer 4152,customer4152@example.com,UK,2024-06-20,Standard,7323.04
4153,Customer 4153,customer4153@example.com,IN,2018-06-11,Basic,4750.72
4154,Customer 4154,customer4154@example.com,FR,2020-05-01,Premium,4160.82
4155,Customer 4155,customer4155@example.com,AU,2024-11-20,Basic,4654.23
4156,Customer 4156,customer4156@example.com,DE,2018-03-11,Basic,7808.28
4157,Customer 4157,customer4157@example.com,AU,2023-11-24,Premium,1345.09
4158,Customer 4158,customer4158@example.com,US,2021-01-01,Premium,9288.57
4159,Customer 4159,customer4159@example.com,AU,2022-05-24,Standard,8365.49
4160,Customer 4160,customer4160@example.com,US,2024-03-26,Basic,7411.21
4161,Customer 4161,customer4161@example.com,DE,2020-11-25,Basic,1856.71
4162,Customer 4162,customer4162@example.com,FR,2023-08-04,Premium,5205.07
4163,Customer 4163,customer4163@example.com,FR,2020-02-08,Basic,6512.65
4164,Customer 4164,customer4164@example.com,FR,2021-01-01,Premium,1633.12
4165,Customer 4165,customer4165@example.com,US,2019-08-03,Basic,4060.82
4166,Customer 4166,customer4166@example.com,CA,2021-04-23,Basic,1791.62
4167,Customer 4167,customer4167@example.com,IN,2021-06-13,Standard,3046.11
4168,Customer 4168,customer4168@example.com,US,2020-09-21,Standard,7589.15
4169,Customer 4169,customer4169@example.com,UK,2022-02-17,Basic,7279.76
4170,Customer 4170,customer4170@example.com,IN,2022-10-31,Premium,1130.52
4171,Customer 4171,customer4171@example.com,AU,2020-10-28,Premium,4673.46
4172,Customer 4172,customer4172@example.com,US,2022-05-18,Standard,9459.98
4173,Customer 4173,customer4173@example.com,CA,2022-05-16,Premium,3611.29
4174,Customer 4174,customer4174@example.com,AU,2022-03-11,Standard,8676.11
4175,Customer 4175,customer4175@example.com,US,2020-02-04,Standard,7907.72
4176,Customer 4176,customer4176@example.com,CA,2022-02-20,Standard,5480.35
4177,Customer 4177,customer4177@example.com,UK,2021-04-18,Premium,9596.26
4178,Customer 4178,customer4178@example.com,CA,2018-04-06,Basic,937.61
4179,Customer 4179,customer4179@example.com,FR,2021-06-14,Standard,7941.73
4180,Customer 4180,customer4180@example.com,AU,2021-04-05,Basic,5799.52
4181,Customer 4181,customer4181@example.com,AU,2023-12-13,Basic,9171.12
4182,Customer 4182,customer4182@example.com,US,2020-07-14,Basic,1178.76
4183,Customer 4183,customer4183@example.com,UK,2024-03-27,Basic,5059.60
4184,Customer 4184,customer4184@example.com,UK,2021-02-02,Standard,7282.40
4185,Customer 4185,customer4185@example.com,UK,2023-03-23,Basic,8334.36
4186,Customer 4186,customer4186@example.com,US,2021-10-24,Premium,2967.99
4187,Customer 4187,customer4187@example.com,CA,2018-08-24,Standard,2464.29
4188,Customer 4188,customer4188@example.com,UK,2020-05-05,Standard,2023.86
4189,Customer 4189,customer4189@example.com,IN,2020-11-21,Basic,3219.23
4190,Customer 4190,customer4190@example.com,CA,2019-05-16,Standard,7311.67
4191,Customer 4191,customer4191@example.com,AU,2019-08-03,Premium,991.57
4192,Customer 4192,customer4192@example.com,CA,2024-09-23,Standard,5309.49
4193,Customer 4193,customer4193@example.com,CA,2019-05-22,Basic,578.47
4194,Customer 4194,customer4194@example.com,UK,2020-09-14,Basic,1005.05
4195,Customer 4195,customer4195@example.com,CA,2020-03-21,Standard,2246.14
4196,Customer 4196,customer4196@example.com,FR,2021-08-16,Premium,488.19
4197,Customer 4197,customer4197@example.com,FR,2018-05-23,Basic,860.72
4198,Customer 4198,customer4198@example.com,US,2024-11-11,Basic,5017.00
4199,Customer 4199,customer4199@example.com,DE,2022-05-14,Premium,4670.96
4200,Customer 4200,customer4200@example.com,IN,2022-07-26,Basic,7230.83
4201,Customer 4201,customer4201@example.com,IN,2018-02-04,Premium,9123.96
4202,Customer 4202,customer4202@example.com,UK,2018-04-19,Premium,5902.29
4203,Customer 4203,customer4203@example.com,DE,2022-08-27,Premium,5542.43
4204,Customer 4204,customer4204@example.com,AU,2024-09-12,Basic,9250.83
4205,Customer 4205,customer4205@example.com,UK,2022-03-26,Standard,4775.50
4206,Customer 4206,customer4206@example.com,CA,2023-07-31,Standard,7319.69
4207,Customer 4207,customer4207@example.com,AU,2024-09-07,Premium,9607.65
4208,Customer 4208,customer4208@example.com,FR,2018-01-13,Basic,6833.20
4209,Customer 4209,customer4209@example.com,FR,2022-02-15,Basic,7941.62
4210,Customer 4210,customer4210@example.com,UK,2018-08-26,Premium,3181.16
4211,Customer 4211,customer4211@example.com,US,2019-05-20,Basic,6428.96
4212,Customer 4212,customer4212@example.com,IN,2021-03-20,Premium,5438.37
4213,Customer 4213,customer4213@example.com,UK,2020-08-05,Standard,5345.90
4214,Customer 4214,customer4214@example.com,DE,2018-04-19,Basic,1479.01
4215,Customer 4215,customer4215@example.com,FR,2020-03-08,Premium,8167.97
4216,Customer 4216,customer4216@example.com,UK,2020-06-02,Basic,6059.45
4217,Customer 4217,customer4217@example.com,UK,2018-10-29,Premium,4567.79
4218,Customer 4218,customer4218@example.com,DE,2021-10-15,Standard,859.77
4219,Customer 4219,customer4219@example.com,DE,2018-05-30,Basic,7485.56
4220,Customer 4220,customer4220@example.com,CA,2021-04-19,Premium,5244.83
4221,Customer 4221,customer4221@example.com,FR,2018-06-25,Standard,6341.73
4222,Customer 4222,customer4222@example.com,AU,2021-10-14,Premium,4974.52
4223,Customer 4223,customer4223@example.com,FR,2022-10-22,Standard,9666.25
4224,Customer 4224,customer4224@example.com,CA,2018-07-09,Basic,6967.49
4225,Customer 4225,customer4225@example.com,US,2019-06-12,Standard,7825.04
4226,Customer 4226,customer4226@example.com,US,2018-06-22,Premium,8760.81
4227,Customer 4227,customer4227@example.com,US,2023-11-01,Premium,3677.09
4228,Customer 4228,customer4228@example.com,FR,2024-10-24,Premium,8199.91
4229,Customer 4229,customer4229@example.com,AU,2018-04-22,Standard,1624.52
4230,Customer 4230,customer4230@example.com,FR,2018-10-25,Standard,9409.06
4231,Customer 4231,customer4231@example.com,UK,2019-02-14,Premium,7699.19
4232,Customer 4232,customer4232@example.com,DE,2021-10-26,Standard,615.32
4233,Customer 4233,customer4233@example.com,FR,2023-09-17,Basic,1915.70
4234,Customer 4234,customer4234@example.com,IN,2019-03-22,Standard,6301.15
4235,Customer 4235,customer4235@example.com,FR,2022-10-05,Basic,6477.09
4236,Customer 4236,customer4236@example.com,UK,2024-12-19,Premium,9840.81
4237,Customer 4237,customer4237@example.com,AU,2020-12-16,Standard,7521.67
4238,Customer 4238,customer4238@example.com,US,2019-04-20,Premium,3109.66
4239,Customer 4239,customer4239@example.com,IN,2018-01-21,Basic,9852.95
4240,Customer 4240,customer4240@example.com,AU,2020-03-05,Standard,3054.56
4241,Customer 4241,customer4241@example.com,FR,2024-03-03,Basic,8947.88
4242,Customer 4242,customer4242@example.com,UK,2022-07-27,Premium,2198.41
4243,Customer 4243,customer4243@example.com,CA,2022-03-14,Basic,7266.19
4244,Customer 4244,customer4244@example.com,US,2019-02-24,Basic,3768.57
4245,Customer 4245,customer4245@example.com,CA,2018-03-15,Basic,8240.34
4246,Customer 4246,customer4246@example.com,IN,2022-02-17,Basic,5850.35
4247,Customer 4247,customer4247@example.com,US,2021-03-31,Standard,5783.47
4248,Customer 4248,customer4248@example.com,US,2023-01-30,Standard,5870.70
4249,Customer 4249,customer4249@example.com,UK,2022-07-09,Basic,7091.00
4250,Customer 4250,customer4250@example.com,IN,2022-09-20,Basic,5769.88
4251,Customer 4251,customer4251@example.com,FR,2021-04-29,Basic,6453.32
4252,Customer 4252,customer4252@example.com,AU,2024-09-24,Basic,7324.61
4253,Customer 4253,customer4253@example.com,CA,2023-02-12,Premium,8902.60
4254,Customer 4254,customer4254@example.com,DE,2019-08-18,Basic,7856.95
4255,Customer 4255,customer4255@example.com,IN,2022-04-23,Basic,9524.16
4256,Customer 4256,customer4256@example.com,UK,2019-08-25,Standard,5696.86
4257,Customer 4257,customer4257@example.com,DE,2018-03-29,Basic,8884.65
4258,Customer 4258,customer4258@example.com,IN,2024-12-09,Premium,9537.56
4259,Customer 4259,customer4259@example.com,UK,2019-03-20,Premium,8407.95
4260,Customer 4260,customer4260@example.com,AU,2020-07-02,Standard,7827.23
4261,Customer 4261,customer4261@example.com,AU,2022-10-27,Standard,5682.76
4262,Customer 4262,customer4262@example.com,US,2022-07-29,Basic,7026.81
4263,Customer 4263,customer4263@example.com,IN,2023-04-22,Premium,4040.14
4264,Customer 4264,customer4264@example.com,US,2023-02-16,Standard,9726.19
4265,Customer 4265,customer4265@example.com,US,2022-12-16,Premium,7517.84
4266,Customer 4266,customer4266@example.com,DE,2024-04-19,Basic,2358.29
4267,Customer 4267,customer4267@example.com,IN,2020-06-21,Standard,6734.45
4268,Customer 4268,customer4268@example.com,IN,2022-01-21,Basic,2515.22
4269,Customer 4269,customer4269@example.com,IN,2019-07-22,Basic,8980.95
4270,Customer 4270,customer4270@example.com,AU,2018-03-13,Standard,8297.33
4271,Customer 4271,customer4271@example.com,DE,2022-07-28,Basic,1266.27
4272,Customer 4272,customer4272@example.com,UK,2024-05-08,Basic,4398.07
4273,Customer 4273,,US,2024-02-28,Premium,4121.69
4274,Customer 4274,customer4274@example.com,AU,2022-01-09,Basic,6797.89
4275,Customer 4275,customer4275@example.com,FR,2020-12-25,Premium,7857.65
4276,Customer 4276,customer4276@example.com,FR,2024-06-04,Standard,3512.70
4277,Customer 4277,customer4277@example.com,CA,2018-10-26,Premium,247.84
4278,Customer 4278,customer4278@example.com,FR,2022-10-11,Premium,6752.92
4279,Customer 4279,,CA,2019-08-20,Premium,8091.60
4280,Customer 4280,customer4280@example.com,DE,2024-05-29,Standard,9806.69
4281,Customer 4281,customer4281@example.com,AU,2019-05-08,Standard,8448.75
4282,Customer 4282,customer4282@example.com,AU,2020-12-29,Standard,5460.53
4283,Customer 4283,customer4283@example.com,UK,2024-08-03,Standard,8512.66
4284,Customer 4284,customer4284@example.com,DE,2018-06-16,Premium,8342.05
4285,Customer 4285,customer4285@example.com,UK,2023-05-14,Premium,109.68
4286,Customer 4286,customer4286@example.com,CA,2023-10-06,Standard,6043.89
4287,Customer 4287,customer4287@example.com,FR,2018-09-14,Premium,1256.16
4288,Customer 4288,customer4288@example.com,AU,2022-05-05,Basic,2100.38
4289,Customer 4289,customer4289@example.com,US,2020-03-02,Basic,3414.93
4290,Customer 4290,customer4290@example.com,AU,2018-04-15,Premium,9458.90
4291,Customer 4291,customer4291@example.com,FR,2023-12-02,Premium,6159.47
4292,Customer 4292,customer4292@example.com,DE,2018-11-25,Standard,6335.63
4293,Customer 4293,customer4293@example.com,US,2021-08-09,Premium,4586.06
4294,Customer 4294,customer4294@example.com,AU,2019-12-27,Basic,5265.90
4295,Customer 4295,customer4295@example.com,AU,2024-07-13,Standard,6456.52
4296,Customer 4296,customer4296@example.com,CA,2019-08-12,Premium,7326.77
4297,Customer 4297,customer4297@example.com,UK,2021-02-20,Standard,266.50
4298,Customer 4298,customer4298@example.com,FR,2022-12-10,Standard,6028.47
4299,Customer 4299,customer4299@example.com,FR,2019-10-27,Premium,7171.72
4300,Customer 4300,customer4300@example.com,FR,2019-07-27,Basic,4091.87
4301,Customer 4301,customer4301@example.com,AU,2022-08-14,Basic,1387.28
4302,Customer 4302,customer4302@example.com,UK,2021-11-12,Premium,5599.10
4303,Customer 4303,customer4303@example.com,US,2023-07-09,Basic,6291.36
4304,Customer 4304,customer4304@example.com,FR,2022-04-24,Premium,9821.63
4305,Customer 4305,customer4305@example.com,IN,2024-09-30,Premium,7714.22
4306,Customer 4306,customer4306@example.com,DE,2018-04-04,Standard,9372.09
4307,Customer 4307,customer4307@example.com,CA,2023-12-26,Standard,764.87
4308,Customer 4308,customer4308@example.com,UK,2020-03-23,Premium,4593.28
4309,Customer 4309,customer4309@example.com,US,2019-06-28,Standard,3643.00
4310,Customer 4310,customer4310@example.com,UK,2020-04-09,Standard,9166.61
4311,Customer 4311,customer4311@example.com,FR,2019-03-22,Standard,5492.39
4312,Customer 4312,customer4312@example.com,US,2023-03-17,Premium,2128.68
4313,Customer 4313,customer4313@example.com,UK,2019-02-21,Premium,6068.98
4314,Customer 4314,customer4314@example.com,US,2022-04-05,Premium,2266.82
4315,Customer 4315,customer4315@example.com,FR,2020-09-01,Basic,9797.49
4316,Customer 4316,customer4316@example.com,DE,2019-06-27,Standard,5007.91
4317,Customer 4317,customer4317@example.com,IN,2021-11-13,Standard,1300.52
4318,Customer 4318,customer4318@example.com,UK,2023-01-07,Premium,8924.87
4319,Customer 4319,customer4319@example.com,IN,2021-04-30,Standard,2719.53
4320,Customer 4320,customer4320@example.com,US,2019-11-22,Basic,3297.92
4321,Customer 4321,customer4321@example.com,UK,2022-06-09,Standard,5151.66
4322,Customer 4322,customer4322@example.com,AU,2019-01-23,Standard,2826.38
4323,Customer 4323,customer4323@example.com,US,2020-08-26,Standard,2128.41
4324,Customer 4324,customer4324@example.com,DE,2019-02-21,Standard,4756.94
4325,Customer 4325,customer4325@example.com,US,2019-08-04,Standard,7435.07
4326,Customer 4326,customer4326@example.com,FR,2023-10-04,Premium,9160.19
4327,Customer 4327,customer4327@example.com,US,2018-02-27,Premium,6426.72
4328,Customer 4328,customer4328@example.com,FR,2024-08-09,Basic,8290.50
4329,Customer 4329,customer4329@example.com,US,2020-03-03,Standard,5242.30
4330,Customer 4330,customer4330@example.com,FR,2019-12-04,Basic,5506.64
4331,Customer 4331,,CA,2023-07-06,Basic,6899.11
4332,Customer 4332,customer4332@example.com,FR,2020-08-15,Standard,8679.18
4333,Customer 4333,customer4333@example.com,UK,2024-01-19,Premium,8778.77
4334,Customer 4334,customer4334@example.com,AU,2023-10-12,Premium,5480.77
4335,Customer 4335,customer4335@example.com,DE,2022-07-31,Premium,3450.87
4336,Customer 4336,customer4336@example.com,IN,2023-01-16,Basic,326.89
4337,Customer 4337,customer4337@example.com,AU,2024-08-07,Basic,7219.91
4338,Customer 4338,customer4338@example.com,FR,2022-07-08,Basic,9278.34
4339,Customer 4339,customer4339@example.com,US,2023-02-01,Standard,7031.10
4340,Customer 4340,customer4340@example.com,FR,2023-07-27,Premium,9013.09
4341,Customer 4341,customer4341@example.com,IN,2019-08-24,Premium,3714.35
4342,Customer 4342,customer4342@example.com,US,2022-03-21,Basic,1521.93
4343,Customer 4343,customer4343@example.com,CA,2019-12-02,Premium,2316.69
4344,Customer 4344,customer4344@example.com,DE,2021-09-05,Basic,1676.25
4345,Customer 4345,customer4345@example.com,FR,2022-02-08,Premium,7795.14
4346,Customer 4346,customer4346@example.com,IN,2023-01-07,Premium,6898.80
4347,Customer 4347,customer4347@example.com,FR,2024-05-21,Premium,7351.65
4348,Customer 4348,customer4348@example.com,IN,2019-12-15,Premium,9818.85
4349,Customer 4349,customer4349@example.com,UK,2021-09-02,Basic,4039.51
4350,Customer 4350,customer4350@example.com,FR,2024-08-30,Premium,5619.51
4351,Customer 4351,customer4351@example.com,IN,2021-01-04,Premium,4356.61
4352,Customer 4352,customer4352@example.com,IN,2024-01-29,Standard,7855.16
4353,Customer 4353,customer4353@example.com,AU,2018-03-08,Premium,1356.05
4354,Customer 4354,customer4354@example.com,US,2021-09-17,Premium,9518.86
4355,Customer 4355,customer4355@example.com,CA,2020-07-30,Basic,8433.46
4356,Customer 4356,customer4356@example.com,FR,2024-09-16,Basic,6944.92
4357,Customer 4357,customer4357@example.com,IN,2021-04-10,Basic,1386.88
4358,Customer 4358,customer4358@example.com,IN,2021-10-15,Basic,6136.33
4359,Customer 4359,customer4359@example.com,IN,2018-09-28,Basic,931.74
4360,Customer 4360,customer4360@example.com,DE,2023-01-25,Basic,5502.35
4361,Customer 4361,customer4361@example.com,FR,2018-05-27,Basic,6582.85
4362,Customer 4362,customer4362@example.com,US,2022-01-02,Premium,2429.28
4363,Customer 4363,customer4363@example.com,IN,2022-07-04,Standard,3965.91
4364,Customer 4364,customer4364@example.com,UK,2024-01-18,Basic,1948.93
4365,Customer 4365,customer4365@example.com,IN,2023-01-26,Standard,3866.44
4366,Customer 4366,customer4366@example.com,US,2024-11-20,Premium,7222.15
4367,Customer 4367,customer4367@example.com,CA,2023-03-05,Standard,6143.28
4368,Customer 4368,customer4368@example.com,FR,2022-04-24,Basic,1584.18
4369,Customer 4369,customer4369@example.com,IN,2024-06-11,Standard,5107.47
4370,Customer 4370,customer4370@example.com,CA,2019-09-23,Premium,3269.15
4371,Customer 4371,customer4371@example.com,IN,2020-03-14,Standard,9942.50
4372,Customer 4372,customer4372@example.com,US,2023-12-20,Standard,6847.47
4373,Customer 4373,customer4373@example.com,US,2022-06-21,Basic,1943.75
4374,Customer 4374,customer4374@example.com,CA,2020-08-30,Standard,613.53
4375,Customer 4375,customer4375@example.com,DE,2018-05-03,Basic,8957.70
4376,Customer 4376,customer4376@example.com,DE,2022-05-18,Standard,7304.12
4377,Customer 4377,customer4377@example.com,DE,2023-02-14,Basic,479.33
4378,Customer 4378,customer4378@example.com,CA,2019-05-27,Premium,2868.01
4379,Customer 4379,customer4379@example.com,IN,2019-12-22,Basic,3492.05
4380,Customer 4380,customer4380@example.com,DE,2021-01-04,Standard,1907.30
4381,Customer 4381,customer4381@example.com,IN,2022-05-30,Standard,5976.59
4382,Customer 4382,customer4382@example.com,UK,2019-07-29,Standard,8282.04
4383,Customer 4383,customer4383@example.com,IN,2021-04-19,Premium,6419.18
4384,Customer 4384,customer4384@example.com,CA,2019-06-30,Basic,5373.76
4385,Customer 4385,customer4385@example.com,IN,2021-01-07,Standard,8320.05
4386,Customer 4386,customer4386@example.com,UK,2020-03-07,Basic,9608.70
4387,Customer 4387,customer4387@example.com,IN,2019-02-27,Standard,4108.52
4388,Customer 4388,customer4388@example.com,DE,2018-11-23,Basic,6837.24
4389,Customer 4389,customer4389@example.com,DE,2020-02-04,Basic,7638.83
4390,Customer 4390,customer4390@example.com,CA,2023-06-03,Premium,9148.14
4391,Customer 4391,customer4391@example.com,DE,2022-05-13,Premium,9689.42
4392,Customer 4392,customer4392@example.com,UK,2022-07-12,Basic,2294.36
4393,Customer 4393,customer4393@example.com,CA,2020-06-29,Standard,5344.44
4394,Customer 4394,customer4394@example.com,AU,2022-02-24,Premium,2313.18
4395,Customer 4395,customer4395@example.com,IN,2019-03-12,Basic,7135.09
4396,Customer 4396,customer4396@example.com,DE,2022-02-07,Premium,9521.12
4397,Customer 4397,customer4397@example.com,FR,2023-10-27,Standard,9566.96
4398,Customer 4398,customer4398@example.com,AU,2024-04-07,Standard,254.76
4399,Customer 4399,customer4399@example.com,DE,2023-06-21,Basic,2944.32
4400,Customer 4400,customer4400@example.com,DE,2020-07-07,Premium,2022.18
4401,Customer 4401,customer4401@example.com,CA,2024-12-27,Premium,8789.73
4402,Customer 4402,customer4402@example.com,IN,2024-06-21,Premium,9270.55
4403,Customer 4403,customer4403@example.com,US,2023-05-26,Basic,4894.07
4404,Customer 4404,customer4404@example.com,US,2020-03-26,Basic,8346.94
4405,Customer 4405,customer4405@example.com,DE,2024-07-11,Premium,2764.42
4406,Customer 4406,customer4406@example.com,US,2018-12-19,Standard,2180.84
4407,Customer 4407,customer4407@example.com,DE,2018-12-28,Standard,3007.13
4408,Customer 4408,customer4408@example.com,US,2021-08-31,Standard,2102.74
4409,Customer 4409,customer4409@example.com,UK,2019-12-12,Standard,6231.86
4410,Customer 4410,customer4410@example.com,UK,2022-09-15,Standard,7305.63
4411,Customer 4411,customer4411@example.com,IN,2019-02-03,Premium,8008.16
4412,Customer 4412,customer4412@example.com,FR,2021-07-23,Premium,258.96
4413,Customer 4413,customer4413@example.com,IN,2020-12-24,Premium,7001.55
4414,Customer 4414,customer4414@example.com,CA,2019-03-23,Standard,9508.83
4415,Customer 4415,customer4415@example.com,AU,2018-12-23,Premium,7785.70
4416,Customer 4416,customer4416@example.com,UK,2023-02-14,Standard,6195.62
4417,Customer 4417,customer4417@example.com,US,2024-08-20,Basic,4781.59
4418,Customer 4418,customer4418@example.com,US,2024-10-14,Basic,8365.63
4419,Customer 4419,customer4419@example.com,AU,2023-05-12,Premium,2789.65
4420,Customer 4420,customer4420@example.com,UK,2020-08-20,Basic,5315.15
4421,Customer 4421,customer4421@example.com,AU,2021-11-27,Standard,1711.62
4422,Customer 4422,customer4422@example.com,UK,2021-09-17,Basic,8110.07
4423,Customer 4423,customer4423@example.com,AU,2022-10-20,Standard,677.85
4424,Customer 4424,customer4424@example.com,DE,2024-07-18,Basic,4213.58
4425,Customer 4425,customer4425@example.com,AU,2023-01-17,Basic,4477.79
4426,Customer 4426,customer4426@example.com,DE,2019-11-18,Premium,4977.85
4427,Customer 4427,customer4427@example.com,DE,2023-09-21,Standard,9833.22
4428,Customer 4428,customer4428@example.com,CA,2021-02-19,Basic,6358.51
4429,Customer 4429,customer4429@example.com,CA,2024-08-06,Standard,9648.90
4430,Customer 4430,customer4430@example.com,AU,2021-07-23,Basic,8431.61
4431,Customer 4431,customer4431@example.com,DE,2019-12-30,Basic,1376.08
4432,Customer 4432,customer4432@example.com,IN,2019-05-02,Premium,8142.94
4433,Customer 4433,customer4433@example.com,FR,2021-09-23,Premium,1447.64
4434,Customer 4434,customer4434@example.com,AU,2018-01-26,Premium,524.46
4435,Customer 4435,customer4435@example.com,AU,2021-06-10,Standard,6427.73
4436,Customer 4436,customer4436@example.com,IN,2020-08-08,Premium,9588.77
4437,Customer 4437,customer4437@example.com,UK,2019-04-20,Standard,8698.00
4438,Customer 4438,customer4438@example.com,US,2020-05-03,Premium,3307.37
4439,Customer 4439,customer4439@example.com,FR,2018-05-19,Basic,2120.50
4440,Customer 4440,customer4440@example.com,CA,2022-10-10,Basic,7407.74
4441,Customer 4441,customer4441@example.com,CA,2019-02-16,Standard,3102.30
4442,Customer 4442,customer4442@example.com,AU,2023-10-31,Basic,6207.39
4443,Customer 4443,customer4443@example.com,FR,2024-07-30,Basic,9951.49
4444,Customer 4444,,FR,2019-08-14,Standard,9634.64
4445,Customer 4445,customer4445@example.com,CA,2020-06-28,Standard,4545.14
4446,Customer 4446,customer4446@example.com,CA,2022-12-12,Basic,9499.63
4447,Customer 4447,customer4447@example.com,CA,2022-08-20,Premium,7494.31
4448,Customer 4448,customer4448@example.com,UK,2022-02-09,Basic,9849.42
4449,Customer 4449,customer4449@example.com,CA,2019-11-18,Standard,2950.34
4450,Customer 4450,customer4450@example.com,US,2023-11-24,Premium,8073.31
4451,Customer 4451,customer4451@example.com,UK,2024-02-04,Premium,7396.76
4452,Customer 4452,customer4452@example.com,UK,2018-09-15,Premium,2081.79
4453,Customer 4453,customer4453@example.com,UK,2018-01-30,Basic,3118.21
4454,Customer 4454,customer4454@example.com,US,2018-08-30,Standard,7409.13
4455,Customer 4455,customer4455@example.com,US,2023-10-30,Premium,4212.14
4456,Customer 4456,customer4456@example.com,FR,2019-10-18,Premium,7203.69
4457,Customer 4457,customer4457@example.com,FR,2021-11-14,Premium,5371.88
4458,Customer 4458,customer4458@example.com,AU,2023-04-16,Standard,5234.94
4459,Customer 4459,customer4459@example.com,US,2023-02-11,Premium,7890.54
4460,Customer 4460,customer4460@example.com,DE,2023-05-21,Standard,3276.40
4461,Customer 4461,customer4461@example.com,CA,2022-01-27,Basic,6314.57
4462,Customer 4462,customer4462@example.com,FR,2019-07-10,Standard,1632.07
4463,Customer 4463,customer4463@example.com,IN,2018-05-14,Standard,1510.21
4464,Customer 4464,customer4464@example.com,US,2023-09-24,Basic,7444.82
4465,Customer 4465,customer4465@example.com,FR,2024-03-18,Premium,7322.61
4466,Customer 4466,customer4466@example.com,FR,2018-08-06,Basic,8703.40
4467,Customer 4467,customer4467@example.com,CA,2022-12-06,Premium,6489.66
4468,Customer 4468,customer4468@example.com,UK,2018-09-17,Standard,6906.08
4469,Customer 4469,customer4469@example.com,UK,2022-12-20,Basic,7310.20
4470,Customer 4470,customer4470@example.com,IN,2024-07-14,Premium,9571.24
4471,Customer 4471,customer4471@example.com,US,2021-08-27,Premium,1808.18
4472,Customer 4472,customer4472@example.com,IN,2024-05-10,Basic,2219.58
4473,Customer 4473,customer4473@example.com,FR,2019-12-03,Premium,7354.77
4474,Customer 4474,customer4474@example.com,AU,2021-09-01,Basic,8553.29
4475,Customer 4475,customer4475@example.com,US,2021-05-26,Premium,5576.05
4476,Customer 4476,customer4476@example.com,UK,2020-08-26,Premium,3318.51
4477,Customer 4477,customer4477@example.com,DE,2020-09-28,Basic,8571.42
4478,Customer 4478,customer4478@example.com,IN,2020-04-12,Standard,5603.85
4479,Customer 4479,customer4479@example.com,DE,2020-12-28,Standard,1309.35
4480,Customer 4480,customer4480@example.com,CA,2023-03-12,Basic,7462.23
4481,Customer 4481,customer4481@example.com,FR,2020-06-15,Premium,8101.59
4482,Customer 4482,customer4482@example.com,DE,2020-10-09,Premium,5753.33
4483,Customer 4483,customer4483@example.com,DE,2020-11-05,Basic,8126.56
4484,Customer 4484,customer4484@example.com,AU,2023-08-03,Basic,7183.36
4485,Customer 4485,customer4485@example.com,US,2020-01-10,Standard,6075.71
4486,Customer 4486,customer4486@example.com,AU,2024-07-12,Standard,126.61
4487,Customer 4487,customer4487@example.com,IN,2019-12-16,Standard,791.84
4488,Customer 4488,customer4488@example.com,US,2021-09-18,Premium,6700.53
4489,Customer 4489,customer4489@example.com,IN,2023-04-04,Basic,9115.57
4490,Customer 4490,customer4490@example.com,CA,2019-04-06,Premium,4954.24
4491,Customer 4491,customer4491@example.com,AU,2021-08-31,Premium,5837.83
4492,Customer 4492,customer4492@example.com,IN,2023-10-27,Premium,1393.62
4493,Customer 4493,customer4493@example.com,US,2019-02-08,Premium,7953.01
4494,Customer 4494,customer4494@example.com,FR,2018-08-11,Basic,1965.56
4495,Customer 4495,customer4495@example.com,US,2018-07-02,Standard,7633.87
4496,Customer 4496,customer4496@example.com,FR,2024-10-20,Basic,8859.77
4497,Customer 4497,customer4497@example.com,IN,2023-08-25,Basic,8649.87
4498,Customer 4498,customer4498@example.com,FR,2021-12-01,Basic,2184.80
4499,Customer 4499,customer4499@example.com,CA,2022-03-05,Basic,5191.91
4500,Customer 4500,customer4500@example.com,UK,2020-08-27,Basic,5396.40
4501,Customer 4501,customer4501@example.com,US,2018-06-15,Premium,271.64
4502,Customer 4502,customer4502@example.com,DE,2020-08-25,Standard,6489.53
4503,Customer 4503,customer4503@example.com,AU,2024-06-03,Basic,3275.27
4504,Customer 4504,customer4504@example.com,FR,2018-09-30,Standard,8368.32
4505,Customer 4505,customer4505@example.com,UK,2020-05-10,Basic,5748.11
4506,Customer 4506,customer4506@example.com,AU,2019-01-19,Premium,7811.55
4507,Customer 4507,customer4507@example.com,CA,2024-06-22,Premium,7814.28
4508,Customer 4508,customer4508@example.com,CA,2024-07-31,Basic,3547.65
4509,Customer 4509,customer4509@example.com,US,2019-01-14,Standard,2068.51
4510,Customer 4510,customer4510@example.com,DE,2023-09-26,Premium,661.22
4511,Customer 4511,customer4511@example.com,AU,2020-03-15,Premium,5807.84
4512,Customer 4512,customer4512@example.com,FR,2018-12-05,Premium,6899.06
4513,Customer 4513,customer4513@example.com,FR,2019-01-16,Basic,9677.40
4514,Customer 4514,customer4514@example.com,UK,2022-06-18,Premium,6369.58
4515,Customer 4515,customer4515@example.com,CA,2019-09-14,Premium,2151.73
4516,Customer 4516,customer4516@example.com,US,2023-03-01,Standard,4718.87
4517,Customer 4517,customer4517@example.com,CA,2019-07-26,Premium,1240.14
4518,Customer 4518,customer4518@example.com,AU,2019-01-01,Premium,1215.82
4519,Customer 4519,customer4519@example.com,FR,2019-03-05,Premium,9141.52
4520,Customer 4520,customer4520@example.com,US,2019-05-11,Basic,7244.54
4521,Customer 4521,customer4521@example.com,FR,2019-07-12,Basic,3495.10
4522,Customer 4522,customer4522@example.com,CA,2023-12-08,Standard,9330.78
4523,Customer 4523,customer4523@example.com,UK,2024-12-26,Basic,7323.84
4524,Customer 4524,customer4524@example.com,US,2021-04-17,Basic,2005.20
4525,Customer 4525,customer4525@example.com,FR,2021-10-13,Premium,5407.87
4526,Customer 4526,customer4526@example.com,CA,2020-01-03,Standard,6541.20
4527,Customer 4527,customer4527@example.com,CA,2021-05-19,Basic,1125.93
4528,Customer 4528,customer4528@example.com,AU,2021-03-01,Premium,1094.54
4529,Customer 4529,customer4529@example.com,DE,2018-04-04,Basic,6862.11
4530,Customer 4530,customer4530@example.com,CA,2023-11-20,Premium,9227.10
4531,Customer 4531,customer4531@example.com,AU,2018-02-05,Basic,6682.74
4532,Customer 4532,customer4532@example.com,UK,2019-09-07,Basic,2938.46
4533,Customer 4533,customer4533@example.com,UK,2018-03-12,Basic,2017.17
4534,Customer 4534,customer4534@example.com,AU,2022-02-11,Standard,7243.58
4535,Customer 4535,customer4535@example.com,AU,2018-09-28,Basic,7386.23
4536,Customer 4536,customer4536@example.com,US,2020-05-29,Basic,6702.81
4537,Customer 4537,customer4537@example.com,IN,2021-11-15,Premium,7814.27
4538,Customer 4538,customer4538@example.com,IN,2023-07-27,Premium,7785.99
4539,Customer 4539,customer4539@example.com,UK,2023-02-02,Premium,1504.60
4540,Customer 4540,customer4540@example.com,UK,2022-10-03,Standard,5541.98
4541,Customer 4541,customer4541@example.com,IN,2022-02-10,Standard,3138.76
4542,Customer 4542,customer4542@example.com,UK,2020-05-18,Premium,2667.64
4543,Customer 4543,customer4543@example.com,US,2019-10-02,Premium,1494.37
4544,Customer 4544,customer4544@example.com,FR,2018-08-09,Standard,1318.82
4545,Customer 4545,customer4545@example.com,IN,2019-10-26,Standard,2384.99
4546,Customer 4546,customer4546@example.com,FR,2021-02-12,Premium,1746.88
4547,Customer 4547,customer4547@example.com,IN,2018-09-09,Standard,7216.53
4548,Customer 4548,customer4548@example.com,US,2022-11-02,Standard,8633.45
4549,Customer 4549,customer4549@example.com,US,2022-08-16,Premium,1386.88
4550,Customer 4550,customer4550@example.com,AU,2021-02-26,Basic,6535.93
4551,Customer 4551,customer4551@example.com,US,2021-11-03,Standard,2684.51
4552,Customer 4552,customer4552@example.com,AU,2019-10-12,Basic,6354.17
4553,Customer 4553,customer4553@example.com,US,2020-06-27,Basic,7132.28
4554,Customer 4554,customer4554@example.com,DE,2018-05-13,Premium,680.61
4555,Customer 4555,customer4555@example.com,US,2024-11-28,Standard,9089.01
4556,Customer 4556,customer4556@example.com,FR,2023-07-27,Basic,9150.64
4557,Customer 4557,customer4557@example.com,CA,2023-01-24,Standard,4289.57
4558,Customer 4558,customer4558@example.com,AU,2021-06-16,Basic,742.34
4559,Customer 4559,customer4559@example.com,FR,2024-08-14,Basic,7805.97
4560,Customer 4560,customer4560@example.com,DE,2022-03-04,Standard,4309.18
4561,Customer 4561,customer4561@example.com,UK,2020-10-05,Standard,4847.76
4562,Customer 4562,customer4562@example.com,US,2019-07-15,Standard,4671.28
4563,Customer 4563,customer4563@example.com,US,2019-03-29,Premium,5593.92
4564,Customer 4564,customer4564@example.com,AU,2019-05-01,Basic,1314.10
4565,Customer 4565,customer4565@example.com,UK,2018-04-20,Basic,7946.05
4566,Customer 4566,customer4566@example.com,IN,2020-07-30,Premium,4548.33
4567,Customer 4567,customer4567@example.com,DE,2019-01-04,Standard,1702.56
4568,Customer 4568,customer4568@example.com,IN,2018-06-24,Basic,229.98
4569,Customer 4569,customer4569@example.com,US,2022-02-09,Standard,1163.28
4570,Customer 4570,customer4570@example.com,IN,2018-05-05,Basic,1171.00
4571,Customer 4571,customer4571@example.com,DE,2018-09-07,Standard,935.91
4572,Customer 4572,customer4572@example.com,IN,2018-06-23,Standard,4584.33
4573,Customer 4573,customer4573@example.com,UK,2018-08-09,Standard,7154.95
4574,Customer 4574,customer4574@example.com,DE,2018-11-23,Premium,8148.67
4575,Customer 4575,customer4575@example.com,DE,2022-01-19,Basic,9543.49
4576,Customer 4576,customer4576@example.com,FR,2021-05-14,Premium,8030.16
4577,Customer 4577,customer4577@example.com,UK,2019-04-13,Basic,2045.88
4578,Customer 4578,customer4578@example.com,US,2024-05-03,Standard,1899.09
4579,Customer 4579,customer4579@example.com,IN,2023-12-04,Basic,3617.80
4580,Customer 4580,customer4580@example.com,FR,2022-10-26,Basic,2612.23
4581,Customer 4581,customer4581@example.com,US,2020-04-17,Premium,5656.45
4582,Customer 4582,customer4582@example.com,DE,2020-03-25,Basic,8056.17
4583,Customer 4583,customer4583@example.com,AU,2020-03-31,Basic,4085.54
4584,Customer 4584,customer4584@example.com,AU,2022-12-06,Standard,8399.47
4585,Customer 4585,customer4585@example.com,FR,2022-11-25,Premium,881.44
4586,Customer 4586,customer4586@example.com,IN,2018-09-20,Basic,2481.42
4587,Customer 4587,customer4587@example.com,UK,2023-04-30,Premium,417.64
4588,Customer 4588,customer4588@example.com,DE,2022-07-09,Standard,4313.08
4589,Customer 4589,customer4589@example.com,DE,2021-09-15,Basic,5934.21
4590,Customer 4590,customer4590@example.com,AU,2018-10-05,Premium,600.72
4591,Customer 4591,customer4591@example.com,IN,2023-06-13,Basic,4726.85
4592,Customer 4592,customer4592@example.com,DE,2018-06-02,Premium,7515.32
4593,Customer 4593,customer4593@example.com,DE,2024-07-26,Premium,5484.39
4594,Customer 4594,customer4594@example.com,IN,2018-10-06,Basic,5672.92
4595,Customer 4595,customer4595@example.com,CA,2021-01-09,Basic,129.97
4596,Customer 4596,customer4596@example.com,UK,2018-09-27,Standard,7866.13
4597,Customer 4597,customer4597@example.com,US,2020-11-12,Basic,6127.61
4598,Customer 4598,customer4598@example.com,US,2024-08-12,Standard,6501.18
4599,Customer 4599,customer4599@example.com,IN,2023-07-29,Standard,7854.93
4600,Customer 4600,customer4600@example.com,IN,2023-07-12,Basic,2314.44
4601,Customer 4601,customer4601@example.com,US,2020-03-24,Standard,5944.14
4602,Customer 4602,customer4602@example.com,CA,2019-05-08,Standard,3883.99
4603,Customer 4603,customer4603@example.com,IN,2021-04-13,Premium,4167.78
4604,Customer 4604,customer4604@example.com,FR,2019-02-12,Premium,2241.21
4605,Customer 4605,customer4605@example.com,DE,2018-07-21,Standard,4850.93
4606,Customer 4606,customer4606@example.com,DE,2020-10-13,Premium,8326.07
4607,Customer 4607,customer4607@example.com,AU,2021-08-13,Standard,1911.85
4608,Customer 4608,customer4608@example.com,CA,2023-10-13,Basic,5950.65
4609,Customer 4609,customer4609@example.com,DE,2024-07-15,Basic,9128.50
4610,Customer 4610,customer4610@example.com,IN,2023-01-02,Premium,763.26
4611,Customer 4611,customer4611@example.com,AU,2020-12-17,Premium,8845.91
4612,Customer 4612,customer4612@example.com,AU,2019-07-26,Premium,2221.99
4613,Customer 4613,customer4613@example.com,US,2023-10-13,Standard,8216.16
4614,Customer 4614,customer4614@example.com,IN,2019-12-04,Premium,981.33
4615,Customer 4615,customer4615@example.com,US,2019-10-11,Basic,6687.04
4616,Customer 4616,customer4616@example.com,US,2020-11-28,Premium,8511.23
4617,Customer 4617,customer4617@example.com,IN,2018-12-09,Premium,3756.83
4618,Customer 4618,customer4618@example.com,CA,2024-11-24,Basic,5178.26
4619,Customer 4619,customer4619@example.com,IN,2024-07-22,Standard,9018.24
4620,Customer 4620,customer4620@example.com,US,2018-12-09,Standard,9628.94
4621,Customer 4621,customer4621@example.com,CA,2024-01-11,Basic,6297.01
4622,Customer 4622,customer4622@example.com,DE,2023-09-13,Premium,8171.66
4623,Customer 4623,customer4623@example.com,AU,2018-10-17,Basic,9287.95
4624,Customer 4624,customer4624@example.com,DE,2021-05-30,Basic,1468.58
4625,Customer 4625,customer4625@example.com,AU,2019-05-08,Standard,9473.35
4626,Customer 4626,customer4626@example.com,DE,2023-11-08,Basic,7400.71
4627,Customer 4627,customer4627@example.com,UK,2024-05-28,Standard,9727.94
4628,Customer 4628,customer4628@example.com,DE,2022-11-28,Premium,5437.09
4629,Customer 4629,,US,2018-04-16,Standard,5446.94
4630,Customer 4630,customer4630@example.com,FR,2023-04-27,Standard,4785.43
4631,Customer 4631,customer4631@example.com,US,2020-01-07,Premium,3864.47
4632,Customer 4632,customer4632@example.com,US,2021-05-11,Basic,4091.97
4633,Customer 4633,customer4633@example.com,AU,2018-12-11,Premium,5157.89
4634,Customer 4634,customer4634@example.com,FR,2024-08-15,Standard,7935.49
4635,Customer 4635,customer4635@example.com,IN,2022-10-01,Basic,9047.74
4636,Customer 4636,customer4636@example.com,UK,2023-03-13,Basic,7546.35
4637,Customer 4637,customer4637@example.com,IN,2023-05-09,Basic,6390.35
4638,Customer 4638,customer4638@example.com,DE,2018-06-26,Basic,3610.95
4639,Customer 4639,customer4639@example.com,CA,2019-04-28,Standard,9056.74
4640,Customer 4640,customer4640@example.com,US,2024-07-07,Standard,1213.68
4641,Customer 4641,customer4641@example.com,FR,2018-06-30,Standard,9005.91
4642,Customer 4642,customer4642@example.com,CA,2020-10-13,Premium,4926.32
4643,Customer 4643,customer4643@example.com,CA,2024-03-15,Basic,2318.89
4644,Customer 4644,customer4644@example.com,CA,2022-03-26,Standard,1159.39
4645,Customer 4645,customer4645@example.com,FR,2024-07-07,Basic,6733.28
4646,Customer 4646,customer4646@example.com,FR,2020-01-15,Standard,6435.99
4647,Customer 4647,,IN,2022-09-24,Basic,6432.57
4648,Customer 4648,customer4648@example.com,AU,2024-11-02,Standard,3898.93
4649,Customer 4649,customer4649@example.com,UK,2020-12-20,Basic,4350.15
4650,Customer 4650,customer4650@example.com,DE,2023-01-30,Basic,3192.70
4651,Customer 4651,customer4651@example.com,US,2022-12-24,Premium,1614.20
4652,Customer 4652,customer4652@example.com,DE,2019-02-23,Standard,1509.16
4653,Customer 4653,customer4653@example.com,DE,2024-07-03,Premium,8272.65
4654,Customer 4654,customer4654@example.com,FR,2021-02-01,Basic,5512.45
4655,Customer 4655,customer4655@example.com,US,2023-08-21,Basic,9605.53
4656,Customer 4656,customer4656@example.com,AU,2020-06-28,Standard,5392.76
4657,Customer 4657,customer4657@example.com,IN,2023-08-18,Premium,6179.39
4658,Customer 4658,customer4658@example.com,FR,2019-07-18,Standard,4012.37
4659,Customer 4659,customer4659@example.com,UK,2023-11-30,Standard,6059.23
4660,Customer 4660,customer4660@example.com,US,2022-10-07,Premium,6270.07
4661,Customer 4661,customer4661@example.com,US,2019-01-01,Standard,831.15
4662,Customer 4662,customer4662@example.com,AU,2019-04-08,Basic,8970.99
4663,Customer 4663,customer4663@example.com,CA,2020-10-13,Standard,6645.69
4664,Customer 4664,customer4664@example.com,IN,2019-10-31,Premium,7175.87
4665,Customer 4665,customer4665@example.com,US,2020-08-10,Premium,4803.59
4666,Customer 4666,customer4666@example.com,FR,2018-01-02,Standard,1947.15
4667,Customer 4667,customer4667@example.com,UK,2018-06-29,Standard,3280.05
4668,Customer 4668,customer4668@example.com,IN,2019-01-22,Standard,3391.26
4669,Customer 4669,customer4669@example.com,AU,2018-03-31,Premium,3667.13
4670,Customer 4670,customer4670@example.com,DE,2021-05-22,Standard,1531.98
4671,Customer 4671,customer4671@example.com,US,2024-11-29,Premium,4346.29
4672,Customer 4672,customer4672@example.com,CA,2018-05-10,Premium,7000.44
4673,Customer 4673,customer4673@example.com,DE,2018-04-26,Basic,4222.27
4674,Customer 4674,customer4674@example.com,AU,2018-09-16,Standard,7580.49
4675,Customer 4675,customer4675@example.com,FR,2018-09-25,Basic,1355.10
4676,Customer 4676,customer4676@example.com,DE,2024-09-01,Basic,5775.02
4677,Customer 4677,customer4677@example.com,IN,2018-06-21,Basic,5456.31
4678,Customer 4678,customer4678@example.com,CA,2018-01-12,Standard,4671.08
4679,Customer 4679,customer4679@example.com,IN,2019-08-19,Premium,2787.84
4680,Customer 4680,customer4680@example.com,FR,2021-01-14,Standard,5218.02
4681,Customer 4681,customer4681@example.com,US,2020-07-16,Standard,6263.22
4682,Customer 4682,customer4682@example.com,FR,2022-03-23,Standard,5504.56
4683,Customer 4683,customer4683@example.com,IN,2024-01-15,Basic,8067.19
4684,Customer 4684,customer4684@example.com,UK,2024-07-10,Standard,6995.15
4685,Customer 4685,customer4685@example.com,IN,2022-12-09,Standard,9310.07
4686,Customer 4686,customer4686@example.com,FR,2024-05-12,Standard,6918.02
4687,Customer 4687,customer4687@example.com,AU,2019-01-05,Standard,3468.82
4688,Customer 4688,customer4688@example.com,DE,2021-07-08,Basic,588.08
4689,Customer 4689,customer4689@example.com,US,2024-11-18,Premium,7251.58
4690,Customer 4690,customer4690@example.com,CA,2020-01-10,Premium,8463.70
4691,Customer 4691,customer4691@example.com,AU,2023-05-11,Standard,2539.33
4692,Customer 4692,customer4692@example.com,FR,2018-07-02,Standard,1222.55
4693,Customer 4693,customer4693@example.com,FR,2018-11-18,Standard,6859.38
4694,Customer 4694,customer4694@example.com,US,2020-07-19,Basic,5424.39
4695,Customer 4695,customer4695@example.com,AU,2024-03-24,Standard,2150.70
4696,Customer 4696,customer4696@example.com,DE,2020-10-15,Standard,9761.06
4697,Customer 4697,customer4697@example.com,CA,2019-05-31,Premium,5195.21
4698,Customer 4698,customer4698@example.com,DE,2021-09-04,Standard,6034.99
4699,Customer 4699,customer4699@example.com,FR,2023-06-12,Premium,586.60
4700,Customer 4700,customer4700@example.com,IN,2024-06-02,Standard,8089.24
4701,Customer 4701,customer4701@example.com,DE,2023-12-13,Basic,2577.16
4702,Customer 4702,customer4702@example.com,US,2021-04-16,Standard,9986.54
4703,Customer 4703,customer4703@example.com,CA,2021-01-27,Basic,8629.49
4704,Customer 4704,customer4704@example.com,IN,2022-11-17,Standard,5025.28
4705,Customer 4705,customer4705@example.com,US,2021-08-31,Standard,2695.09
4706,Customer 4706,customer4706@example.com,US,2021-06-26,Standard,4293.55
4707,Customer 4707,customer4707@example.com,DE,2023-07-01,Standard,3465.18
4708,Customer 4708,customer4708@example.com,US,2024-05-28,Standard,7846.92
4709,Customer 4709,customer4709@example.com,DE,2021-07-30,Premium,2003.65
4710,Customer 4710,customer4710@example.com,IN,2024-10-28,Premium,4309.00
4711,Customer 4711,customer4711@example.com,UK,2022-02-22,Standard,8009.41
4712,Customer 4712,customer4712@example.com,FR,2019-06-20,Basic,1924.82
4713,Customer 4713,customer4713@example.com,FR,2021-10-10,Basic,2962.99
4714,Customer 4714,customer4714@example.com,US,2022-06-13,Basic,3406.62
4715,Customer 4715,customer4715@example.com,IN,2021-11-22,Premium,9260.99
4716,Customer 4716,customer4716@example.com,US,2022-10-09,Premium,8570.20
4717,Customer 4717,customer4717@example.com,US,2019-12-18,Premium,3011.71
4718,Customer 4718,customer4718@example.com,AU,2023-01-26,Standard,9646.91
4719,Customer 4719,customer4719@example.com,FR,2023-04-26,Standard,4072.24
4720,Customer 4720,customer4720@example.com,AU,2021-07-18,Basic,766.59
4721,Customer 4721,customer4721@example.com,US,2019-03-01,Premium,1851.09
4722,Customer 4722,customer4722@example.com,CA,2019-02-14,Premium,3787.84
4723,Customer 4723,customer4723@example.com,AU,2023-08-24,Standard,5380.75
4724,Customer 4724,customer4724@example.com,IN,2022-05-10,Premium,160.58
4725,Customer 4725,customer4725@example.com,IN,2018-03-03,Premium,4798.39
4726,Customer 4726,,IN,2022-06-11,Standard,7138.57
4727,Customer 4727,customer4727@example.com,IN,2019-06-08,Premium,8758.73
4728,Customer 4728,customer4728@example.com,UK,2024-06-24,Basic,8836.54
4729,Customer 4729,customer4729@example.com,DE,2022-12-24,Premium,9316.76
4730,Customer 4730,customer4730@example.com,DE,2023-01-02,Premium,9942.74
4731,Customer 4731,customer4731@example.com,FR,2020-12-13,Premium,6422.08
4732,Customer 4732,customer4732@example.com,FR,2018-11-08,Premium,7331.42
4733,Customer 4733,customer4733@example.com,UK,2018-08-08,Premium,5334.74
4734,Customer 4734,customer4734@example.com,UK,2023-05-15,Standard,2356.96
4735,Customer 4735,customer4735@example.com,DE,2024-08-08,Basic,3920.11
4736,Customer 4736,customer4736@example.com,AU,2023-12-21,Premium,4665.92
4737,Customer 4737,customer4737@example.com,DE,2019-11-23,Standard,9835.67
4738,Customer 4738,customer4738@example.com,IN,2019-12-18,Standard,1366.38
4739,Customer 4739,customer4739@example.com,CA,2024-04-02,Basic,7536.67
4740,Customer 4740,customer4740@example.com,IN,2021-08-21,Standard,3684.09
4741,Customer 4741,customer4741@example.com,AU,2021-01-04,Premium,411.21
4742,Customer 4742,customer4742@example.com,FR,2020-11-08,Standard,6562.93
4743,Customer 4743,customer4743@example.com,DE,2023-03-29,Standard,7423.70
4744,Customer 4744,customer4744@example.com,AU,2020-03-17,Premium,1202.90
4745,Customer 4745,customer4745@example.com,UK,2019-09-24,Basic,9848.78
4746,Customer 4746,customer4746@example.com,DE,2024-01-10,Basic,7676.96
4747,Customer 4747,customer4747@example.com,CA,2023-07-06,Basic,9406.84
4748,Customer 4748,customer4748@example.com,CA,2018-12-14,Standard,4440.04
4749,Customer 4749,customer4749@example.com,AU,2022-06-19,Premium,2504.67
4750,Customer 4750,customer4750@example.com,DE,2019-11-13,Standard,1780.24
4751,Customer 4751,customer4751@example.com,UK,2024-03-23,Basic,3857.12
4752,Customer 4752,customer4752@example.com,UK,2018-10-26,Standard,3600.94
4753,Customer 4753,customer4753@example.com,US,2024-02-02,Premium,8031.84
4754,Customer 4754,customer4754@example.com,US,2024-10-21,Standard,9626.93
4755,Customer 4755,customer4755@example.com,AU,2018-06-20,Standard,3356.62
4756,Customer 4756,customer4756@example.com,CA,2020-03-07,Premium,3927.47
4757,Customer 4757,customer4757@example.com,AU,2020-07-29,Standard,7219.95
4758,Customer 4758,customer4758@example.com,IN,2019-08-17,Standard,6278.88
4759,Customer 4759,customer4759@example.com,UK,2021-09-17,Premium,8822.86
4760,Customer 4760,customer4760@example.com,US,2018-05-27,Basic,7899.61
4761,Customer 4761,customer4761@example.com,CA,2019-03-02,Basic,784.32
4762,Customer 4762,customer4762@example.com,AU,2022-06-12,Standard,4794.29
4763,Customer 4763,customer4763@example.com,DE,2023-10-08,Premium,8441.35
4764,Customer 4764,customer4764@example.com,DE,2019-12-07,Standard,2615.62
4765,Customer 4765,customer4765@example.com,CA,2022-01-12,Standard,2692.69
4766,Customer 4766,customer4766@example.com,US,2023-12-18,Premium,8212.55
4767,Customer 4767,customer4767@example.com,DE,2018-09-28,Standard,6067.40
4768,Customer 4768,customer4768@example.com,UK,2023-01-19,Basic,7864.35
4769,Customer 4769,customer4769@example.com,US,2018-03-05,Basic,6893.78
4770,Customer 4770,customer4770@example.com,AU,2021-08-05,Premium,6472.13
4771,Customer 4771,customer4771@example.com,US,2019-08-26,Basic,4619.28
4772,Customer 4772,customer4772@example.com,IN,2023-10-01,Basic,2629.02
4773,Customer 4773,customer4773@example.com,IN,2022-05-01,Basic,5722.20
4774,Customer 4774,customer4774@example.com,FR,2024-07-29,Basic,5193.48
4775,Customer 4775,customer4775@example.com,UK,2024-09-18,Premium,3130.14
4776,Customer 4776,customer4776@example.com,DE,2023-05-26,Basic,7060.47
4777,Customer 4777,customer4777@example.com,AU,2023-05-18,Premium,2814.98
4778,Customer 4778,customer4778@example.com,FR,2019-07-18,Standard,3830.74
4779,Customer 4779,customer4779@example.com,US,2019-01-02,Basic,9866.31
4780,Customer 4780,customer4780@example.com,IN,2022-04-11,Basic,2601.07
4781,Customer 4781,customer4781@example.com,DE,2019-06-26,Premium,8333.25
4782,Customer 4782,customer4782@example.com,CA,2020-07-16,Basic,4550.35
4783,Customer 4783,customer4783@example.com,IN,2020-08-22,Premium,5723.33
4784,Customer 4784,customer4784@example.com,US,2019-09-11,Premium,9854.77
4785,Customer 4785,customer4785@example.com,CA,2024-03-01,Standard,397.83
4786,Customer 4786,customer4786@example.com,AU,2019-10-06,Basic,2179.89
4787,Customer 4787,customer4787@example.com,UK,2023-10-19,Basic,9249.12
4788,Customer 4788,customer4788@example.com,CA,2024-06-25,Basic,9248.82
4789,Customer 4789,customer4789@example.com,UK,2019-08-20,Premium,543.34
4790,Customer 4790,customer4790@example.com,US,2018-03-03,Premium,2377.19
4791,Customer 4791,customer4791@example.com,US,2018-03-08,Premium,6947.48
4792,Customer 4792,customer4792@example.com,FR,2023-03-05,Standard,3856.08
4793,Customer 4793,customer4793@example.com,US,2018-05-03,Basic,8428.62
4794,Customer 4794,customer4794@example.com,IN,2024-04-05,Basic,4860.38
4795,Customer 4795,customer4795@example.com,FR,2019-05-14,Premium,5522.64
4796,Customer 4796,customer4796@example.com,AU,2021-04-25,Premium,3789.45
4797,Customer 4797,customer4797@example.com,AU,2019-01-16,Standard,710.95
4798,Customer 4798,customer4798@example.com,CA,2020-08-21,Basic,2964.69
4799,Customer 4799,customer4799@example.com,DE,2020-09-26,Basic,9439.71
4800,Customer 4800,customer4800@example.com,IN,2023-09-22,Premium,7883.07
4801,Customer 4801,customer4801@example.com,DE,2022-09-21,Basic,6450.99
4802,Customer 4802,customer4802@example.com,UK,2021-07-13,Standard,4145.81
4803,Customer 4803,customer4803@example.com,IN,2021-07-19,Basic,7922.04
4804,Customer 4804,customer4804@example.com,US,2018-01-15,Premium,7360.02
4805,Customer 4805,customer4805@example.com,US,2023-02-16,Standard,9168.39
4806,Customer 4806,customer4806@example.com,US,2022-02-24,Standard,9440.24
4807,Customer 4807,customer4807@example.com,CA,2024-08-06,Standard,4431.60
4808,Customer 4808,customer4808@example.com,US,2021-09-19,Premium,9039.10
4809,Customer 4809,customer4809@example.com,US,2022-11-21,Standard,9727.20
4810,Customer 4810,customer4810@example.com,CA,2022-05-17,Standard,2759.86
4811,Customer 4811,customer4811@example.com,US,2018-02-23,Basic,3990.58
4812,Customer 4812,customer4812@example.com,DE,2021-05-10,Premium,7118.69
4813,Customer 4813,customer4813@example.com,CA,2020-07-09,Standard,115.70
4814,Customer 4814,customer4814@example.com,FR,2024-01-28,Standard,1095.66
4815,Customer 4815,customer4815@example.com,IN,2024-08-19,Standard,7747.02
4816,Customer 4816,customer4816@example.com,FR,2018-06-21,Basic,6190.24
4817,Customer 4817,customer4817@example.com,DE,2024-04-19,Premium,4355.98
4818,Customer 4818,customer4818@example.com,IN,2020-04-08,Standard,5584.21
4819,Customer 4819,customer4819@example.com,FR,2023-12-29,Basic,5717.93
4820,Customer 4820,customer4820@example.com,IN,2022-07-18,Premium,3945.30
4821,Customer 4821,customer4821@example.com,FR,2018-03-05,Basic,2417.39
4822,Customer 4822,customer4822@example.com,FR,2024-04-04,Basic,5248.39
4823,Customer 4823,customer4823@example.com,CA,2024-05-06,Premium,4777.54
4824,Customer 4824,customer4824@example.com,CA,2023-06-11,Basic,819.21
4825,Customer 4825,customer4825@example.com,US,2022-02-28,Basic,4344.67
4826,Customer 4826,customer4826@example.com,DE,2023-02-01,Premium,5736.56
4827,Customer 4827,customer4827@example.com,FR,2018-04-06,Basic,5987.55
4828,Customer 4828,customer4828@example.com,UK,2018-04-02,Premium,1413.74
4829,Customer 4829,customer4829@example.com,CA,2022-01-08,Standard,8507.77
4830,Customer 4830,customer4830@example.com,CA,2023-11-09,Basic,5634.77
4831,Customer 4831,customer4831@example.com,AU,2020-02-05,Standard,245.46
4832,Customer 4832,customer4832@example.com,US,2024-03-16,Premium,7634.42
4833,Customer 4833,customer4833@example.com,IN,2022-02-18,Premium,9413.38
4834,Customer 4834,customer4834@example.com,AU,2023-03-04,Standard,3422.58
4835,Customer 4835,customer4835@example.com,DE,2019-04-28,Standard,4917.91
4836,Customer 4836,customer4836@example.com,DE,2019-01-05,Basic,7504.74
4837,Customer 4837,customer4837@example.com,FR,2021-04-30,Standard,6061.02
4838,Customer 4838,customer4838@example.com,AU,2018-11-02,Premium,5463.93
4839,Customer 4839,customer4839@example.com,AU,2024-03-08,Premium,2875.28
4840,Customer 4840,customer4840@example.com,IN,2024-08-22,Standard,9405.66
4841,Customer 4841,customer4841@example.com,FR,2020-12-26,Premium,1710.92
4842,Customer 4842,customer4842@example.com,IN,2023-05-10,Standard,5171.04
4843,Customer 4843,customer4843@example.com,US,2023-01-15,Premium,8130.51
4844,Customer 4844,customer4844@example.com,DE,2022-02-09,Standard,9170.85
4845,Customer 4845,customer4845@example.com,US,2024-03-17,Standard,6842.05
4846,Customer 4846,customer4846@example.com,DE,2023-06-15,Premium,3257.71
4847,Customer 4847,customer4847@example.com,AU,2023-09-03,Premium,128.57
4848,Customer 4848,customer4848@example.com,IN,2019-08-03,Premium,8461.18
4849,Customer 4849,customer4849@example.com,DE,2023-07-29,Premium,7132.04
4850,Customer 4850,customer4850@example.com,US,2018-07-23,Premium,6357.97
4851,Customer 4851,customer4851@example.com,UK,2021-11-02,Standard,2823.58
4852,Customer 4852,customer4852@example.com,US,2023-02-25,Premium,2191.59
4853,Customer 4853,customer4853@example.com,UK,2021-02-14,Standard,9919.61
4854,Customer 4854,customer4854@example.com,IN,2019-10-30,Basic,6149.16
4855,Customer 4855,customer4855@example.com,CA,2021-02-20,Premium,678.27
4856,Customer 4856,customer4856@example.com,FR,2023-11-01,Basic,9458.67
4857,Customer 4857,customer4857@example.com,AU,2023-10-18,Premium,1693.09
4858,Customer 4858,customer4858@example.com,DE,2023-01-28,Premium,991.89
4859,Customer 4859,customer4859@example.com,FR,2018-10-24,Standard,9421.82
4860,Customer 4860,customer4860@example.com,IN,2022-03-09,Premium,4866.56
4861,Customer 4861,customer4861@example.com,US,2021-12-10,Basic,6450.66
4862,Customer 4862,customer4862@example.com,AU,2018-08-30,Premium,1250.07
4863,Customer 4863,customer4863@example.com,DE,2018-01-05,Basic,1862.20
4864,Customer 4864,customer4864@example.com,FR,2019-03-24,Basic,953.12
4865,Customer 4865,customer4865@example.com,UK,2022-10-17,Premium,7500.56
4866,Customer 4866,customer4866@example.com,US,2022-01-25,Premium,9475.34
4867,Customer 4867,customer4867@example.com,AU,2022-12-10,Premium,8226.07
4868,Customer 4868,customer4868@example.com,UK,2020-03-28,Premium,425.00
4869,Customer 4869,customer4869@example.com,US,2022-10-29,Basic,3207.71
4870,Customer 4870,customer4870@example.com,US,2018-01-19,Standard,2638.61
4871,Customer 4871,customer4871@example.com,CA,2018-12-21,Basic,5782.62
4872,Customer 4872,customer4872@example.com,DE,2024-04-20,Basic,3339.57
4873,Customer 4873,customer4873@example.com,DE,2020-07-18,Basic,1494.41
4874,Customer 4874,customer4874@example.com,IN,2023-11-08,Standard,4190.72
4875,Customer 4875,customer4875@example.com,IN,2024-06-05,Premium,8665.52
4876,Customer 4876,customer4876@example.com,FR,2021-11-12,Premium,5992.26
4877,Customer 4877,customer4877@example.com,DE,2023-04-19,Premium,4192.85
4878,Customer 4878,customer4878@example.com,CA,2018-12-27,Basic,7951.01
4879,Customer 4879,customer4879@example.com,IN,2019-08-02,Standard,2101.63
4880,Customer 4880,customer4880@example.com,DE,2024-01-15,Premium,2210.85
4881,Customer 4881,customer4881@example.com,AU,2018-10-17,Premium,2652.39
4882,Customer 4882,customer4882@example.com,US,2019-09-22,Standard,7769.36
4883,Customer 4883,customer4883@example.com,CA,2024-11-06,Standard,2295.61
4884,Customer 4884,customer4884@example.com,UK,2018-10-09,Standard,8934.78
4885,Customer 4885,customer4885@example.com,UK,2022-01-14,Standard,2634.73
4886,Customer 4886,customer4886@example.com,AU,2020-09-18,Standard,8726.44
4887,Customer 4887,customer4887@example.com,UK,2022-09-20,Basic,698.71
4888,Customer 4888,customer4888@example.com,AU,2021-01-23,Basic,4410.68
4889,Customer 4889,customer4889@example.com,CA,2022-10-25,Standard,2018.19
4890,Customer 4890,customer4890@example.com,IN,2020-06-16,Basic,9964.91
4891,Customer 4891,customer4891@example.com,DE,2024-01-29,Basic,2032.80
4892,Customer 4892,customer4892@example.com,DE,2019-12-26,Standard,8022.00
4893,Customer 4893,customer4893@example.com,FR,2021-05-05,Standard,9158.54
4894,Customer 4894,customer4894@example.com,IN,2018-07-14,Standard,3406.53
4895,Customer 4895,customer4895@example.com,FR,2022-12-25,Standard,7076.41
4896,Customer 4896,customer4896@example.com,FR,2022-01-14,Standard,6236.76
4897,Customer 4897,customer4897@example.com,DE,2018-11-24,Standard,9613.12
4898,Customer 4898,customer4898@example.com,UK,2020-04-23,Basic,1909.45
4899,Customer 4899,customer4899@example.com,AU,2018-02-09,Basic,436.74
4900,Customer 4900,customer4900@example.com,DE,2021-08-22,Premium,520.80
4901,Customer 4901,customer4901@example.com,CA,2021-06-21,Basic,372.81
4902,Customer 4902,customer4902@example.com,IN,2019-02-21,Premium,1087.33
4903,Customer 4903,customer4903@example.com,US,2019-02-15,Standard,7811.20
4904,Customer 4904,customer4904@example.com,FR,2019-01-24,Basic,9864.17
4905,Customer 4905,customer4905@example.com,US,2019-08-06,Standard,8073.87
4906,Customer 4906,customer4906@example.com,CA,2022-12-29,Basic,3951.74
4907,Customer 4907,customer4907@example.com,CA,2019-12-27,Premium,6375.07
4908,Customer 4908,customer4908@example.com,FR,2024-12-18,Standard,9201.83
4909,Customer 4909,customer4909@example.com,DE,2021-01-02,Basic,9410.92
4910,Customer 4910,customer4910@example.com,CA,2019-12-27,Premium,8940.39
4911,Customer 4911,customer4911@example.com,CA,2019-07-08,Premium,4433.60
4912,Customer 4912,customer4912@example.com,DE,2024-05-06,Standard,8732.04
4913,Customer 4913,customer4913@example.com,US,2018-02-13,Premium,8613.32
4914,Customer 4914,customer4914@example.com,AU,2018-07-27,Premium,3263.12
4915,Customer 4915,customer4915@example.com,DE,2020-05-28,Basic,9311.96
4916,Customer 4916,customer4916@example.com,DE,2024-08-06,Standard,4457.53
4917,Customer 4917,customer4917@example.com,IN,2021-10-23,Premium,4436.81
4918,Customer 4918,customer4918@example.com,US,2023-07-10,Premium,7673.35
4919,Customer 4919,customer4919@example.com,CA,2020-02-23,Premium,4690.59
4920,Customer 4920,customer4920@example.com,IN,2018-07-22,Standard,7112.14
4921,Customer 4921,customer4921@example.com,IN,2022-02-08,Basic,377.70
4922,Customer 4922,customer4922@example.com,UK,2018-09-27,Premium,196.26
4923,Customer 4923,customer4923@example.com,FR,2021-03-25,Basic,6258.20
4924,Customer 4924,customer4924@example.com,DE,2018-02-19,Premium,6931.29
4925,Customer 4925,customer4925@example.com,IN,2019-05-01,Premium,2846.60
4926,Customer 4926,customer4926@example.com,UK,2018-05-09,Premium,4341.24
4927,Customer 4927,customer4927@example.com,IN,2024-11-10,Basic,9725.81
4928,Customer 4928,customer4928@example.com,DE,2018-09-21,Premium,5473.33
4929,Customer 4929,customer4929@example.com,CA,2024-11-17,Premium,9558.58
4930,Customer 4930,customer4930@example.com,CA,2021-10-11,Basic,6204.33
4931,Customer 4931,customer4931@example.com,UK,2024-02-13,Standard,3526.47
4932,Customer 4932,customer4932@example.com,AU,2020-09-24,Standard,6891.64
4933,Customer 4933,customer4933@example.com,DE,2019-08-24,Premium,3677.33
4934,Customer 4934,customer4934@example.com,US,2018-05-17,Premium,4134.82
4935,Customer 4935,customer4935@example.com,FR,2024-05-21,Basic,229.18
4936,Customer 4936,customer4936@example.com,US,2022-06-18,Basic,4341.88
4937,Customer 4937,customer4937@example.com,AU,2024-02-21,Premium,829.51
4938,Customer 4938,customer4938@example.com,FR,2022-12-05,Standard,2701.40
4939,Customer 4939,customer4939@example.com,AU,2020-09-16,Standard,5059.44
4940,Customer 4940,customer4940@example.com,CA,2019-05-29,Basic,8908.66
4941,Customer 4941,customer4941@example.com,UK,2020-03-04,Basic,8497.95
4942,Customer 4942,customer4942@example.com,DE,2024-07-07,Basic,9635.48
4943,Customer 4943,customer4943@example.com,DE,2020-07-10,Premium,127.51
4944,Customer 4944,customer4944@example.com,FR,2023-02-21,Standard,7611.75
4945,Customer 4945,customer4945@example.com,AU,2019-10-06,Standard,3348.11
4946,Customer 4946,customer4946@example.com,UK,2019-10-21,Basic,3544.59
4947,Customer 4947,customer4947@example.com,US,2018-10-26,Standard,2203.91
4948,Customer 4948,customer4948@example.com,FR,2021-07-06,Standard,1387.08
4949,Customer 4949,customer4949@example.com,FR,2020-01-23,Standard,1147.10
4950,Customer 4950,customer4950@example.com,IN,2020-11-09,Premium,5862.92
4951,Customer 4951,customer4951@example.com,CA,2020-02-05,Basic,9475.55
4952,Customer 4952,customer4952@example.com,CA,2019-09-05,Premium,7913.84
4953,Customer 4953,customer4953@example.com,DE,2021-09-17,Premium,790.47
4954,Customer 4954,customer4954@example.com,CA,2018-05-11,Basic,494.35
4955,Customer 4955,customer4955@example.com,FR,2018-07-10,Standard,2518.42
4956,Customer 4956,customer4956@example.com,CA,2024-01-25,Basic,9143.89
4957,Customer 4957,customer4957@example.com,IN,2020-11-03,Premium,238.05
4958,Customer 4958,customer4958@example.com,US,2018-12-29,Standard,3986.56
4959,Customer 4959,customer4959@example.com,UK,2019-07-12,Basic,9282.43
4960,Customer 4960,customer4960@example.com,DE,2021-10-02,Standard,3407.42
4961,Customer 4961,customer4961@example.com,IN,2024-03-29,Basic,4566.36
4962,Customer 4962,customer4962@example.com,AU,2024-05-05,Premium,968.50
4963,Customer 4963,customer4963@example.com,IN,2024-08-28,Standard,3185.68
4964,Customer 4964,customer4964@example.com,FR,2018-07-10,Premium,9537.19
4965,Customer 4965,customer4965@example.com,UK,2022-09-13,Basic,8060.66
4966,Customer 4966,customer4966@example.com,UK,2018-02-04,Basic,1500.51
4967,Customer 4967,customer4967@example.com,DE,2021-12-19,Basic,1946.73
4968,Customer 4968,customer4968@example.com,DE,2023-03-08,Standard,8910.29
4969,Customer 4969,customer4969@example.com,CA,2024-09-06,Premium,110.86
4970,Customer 4970,customer4970@example.com,FR,2019-04-15,Premium,8031.42
4971,Customer 4971,customer4971@example.com,AU,2019-10-26,Premium,7165.57
4972,Customer 4972,customer4972@example.com,IN,2018-01-26,Premium,1971.55
4973,Customer 4973,customer4973@example.com,CA,2019-11-21,Premium,6505.65
4974,Customer 4974,customer4974@example.com,IN,2019-12-02,Premium,3590.46
4975,Customer 4975,customer4975@example.com,IN,2019-05-25,Basic,5771.22
4976,Customer 4976,customer4976@example.com,FR,2018-01-18,Basic,3723.82
4977,Customer 4977,customer4977@example.com,US,2022-11-12,Premium,7750.75
4978,Customer 4978,customer4978@example.com,IN,2022-11-24,Premium,5401.75
4979,Customer 4979,customer4979@example.com,DE,2024-03-03,Basic,907.38
4980,Customer 4980,customer4980@example.com,IN,2021-07-05,Basic,7521.28
4981,Customer 4981,customer4981@example.com,CA,2023-04-11,Premium,7069.38
4982,Customer 4982,customer4982@example.com,US,2022-04-13,Basic,5215.96
4983,Customer 4983,customer4983@example.com,CA,2018-07-26,Standard,9179.96
4984,Customer 4984,customer4984@example.com,FR,2024-01-01,Basic,6078.35
4985,Customer 4985,customer4985@example.com,UK,2018-10-03,Basic,9792.99
4986,Customer 4986,customer4986@example.com,IN,2019-09-26,Basic,9095.29
4987,Customer 4987,customer4987@example.com,FR,2019-12-08,Basic,2833.50
4988,Customer 4988,customer4988@example.com,DE,2018-08-07,Basic,1050.15
4989,Customer 4989,customer4989@example.com,IN,2019-07-20,Premium,7251.59
4990,Customer 4990,customer4990@example.com,FR,2019-10-28,Premium,634.35
4991,Customer 4991,customer4991@example.com,IN,2020-05-25,Basic,3016.00
4992,Customer 4992,customer4992@example.com,UK,2020-07-25,Premium,6658.61
4993,Customer 4993,customer4993@example.com,UK,2018-08-31,Standard,977.94
4994,Customer 4994,customer4994@example.com,DE,2023-06-19,Standard,6582.85
4995,Customer 4995,customer4995@example.com,CA,2019-06-24,Basic,8616.52
4996,Customer 4996,customer4996@example.com,CA,2019-03-26,Premium,4272.46
4997,Customer 4997,customer4997@example.com,DE,2024-06-22,Basic,7134.35
4998,Customer 4998,customer4998@example.com,CA,2018-02-11,Basic,1352.68
4999,Customer 4999,customer4999@example.com,CA,2018-02-23,Premium,457.55
5000,Customer 5000,customer5000@example.com,UK,2018-07-27,Standard,9377.34
5001,Customer 5001,customer5001@example.com,CA,2019-09-04,Premium,8538.52
5002,Customer 5002,customer5002@example.com,UK,2022-12-03,Standard,3655.84
5003,Customer 5003,customer5003@example.com,UK,2019-02-27,Premium,3792.01
5004,Customer 5004,customer5004@example.com,UK,2018-06-19,Premium,5083.05
5005,Customer 5005,customer5005@example.com,FR,2021-10-06,Premium,4130.86
5006,Customer 5006,customer5006@example.com,FR,2020-03-18,Premium,6853.60
5007,Customer 5007,customer5007@example.com,AU,2018-08-24,Standard,7180.95
5008,Customer 5008,customer5008@example.com,IN,2020-08-03,Standard,4623.49
5009,Customer 5009,customer5009@example.com,DE,2022-06-18,Basic,1049.94
5010,Customer 5010,customer5010@example.com,IN,2020-07-07,Premium,7702.26
5011,Customer 5011,customer5011@example.com,CA,2018-04-04,Basic,1702.80
5012,Customer 5012,customer5012@example.com,IN,2019-01-03,Standard,6858.10
5013,Customer 5013,customer5013@example.com,AU,2018-10-31,Standard,3055.53
5014,Customer 5014,customer5014@example.com,AU,2024-10-26,Premium,8619.95
5015,Customer 5015,customer5015@example.com,UK,2024-07-12,Basic,9562.29
5016,Customer 5016,customer5016@example.com,UK,2019-05-04,Premium,2710.34
5017,Customer 5017,customer5017@example.com,AU,2024-01-26,Standard,762.12
5018,Customer 5018,customer5018@example.com,FR,2022-05-25,Premium,1593.27
5019,Customer 5019,customer5019@example.com,US,2020-04-11,Premium,4256.02
5020,Customer 5020,customer5020@example.com,US,2023-08-15,Premium,3732.24
5021,Customer 5021,customer5021@example.com,IN,2022-02-18,Standard,8430.20
5022,Customer 5022,customer5022@example.com,FR,2023-03-02,Premium,3893.33
5023,Customer 5023,customer5023@example.com,CA,2022-06-02,Premium,932.72
5024,Customer 5024,customer5024@example.com,IN,2022-06-01,Standard,3680.54
5025,Customer 5025,customer5025@example.com,DE,2024-07-08,Standard,7810.15
5026,Customer 5026,customer5026@example.com,AU,2020-11-09,Standard,6594.67
5027,Customer 5027,customer5027@example.com,FR,2022-11-03,Standard,9799.00
5028,Customer 5028,customer5028@example.com,CA,2021-06-08,Basic,7725.08
5029,Customer 5029,customer5029@example.com,CA,2020-07-09,Basic,4226.64
5030,Customer 5030,customer5030@example.com,US,2021-05-23,Basic,6084.73
5031,Customer 5031,customer5031@example.com,UK,2023-02-02,Premium,1381.81
5032,Customer 5032,customer5032@example.com,UK,2022-04-28,Premium,4395.01
5033,Customer 5033,customer5033@example.com,AU,2019-04-27,Premium,3025.63
5034,Customer 5034,customer5034@example.com,UK,2020-11-13,Premium,7879.72
5035,Customer 5035,customer5035@example.com,CA,2019-07-17,Basic,3500.87
5036,Customer 5036,customer5036@example.com,CA,2024-03-22,Basic,3273.56
5037,Customer 5037,customer5037@example.com,CA,2019-09-12,Premium,6823.86
5038,Customer 5038,customer5038@example.com,AU,2023-10-04,Basic,8874.22
5039,Customer 5039,customer5039@example.com,US,2023-12-27,Basic,4980.62
5040,Customer 5040,customer5040@example.com,IN,2024-12-05,Premium,7425.06
5041,Customer 5041,customer5041@example.com,FR,2019-08-28,Basic,2477.01
5042,Customer 5042,customer5042@example.com,DE,2018-12-13,Basic,6047.77
5043,Customer 5043,customer5043@example.com,CA,2022-04-07,Standard,2283.97
5044,Customer 5044,customer5044@example.com,IN,2021-10-19,Premium,8884.88
5045,Customer 5045,customer5045@example.com,CA,2021-02-27,Standard,9743.67
5046,Customer 5046,customer5046@example.com,UK,2022-02-06,Basic,670.27
5047,Customer 5047,customer5047@example.com,IN,2020-08-24,Premium,2530.67
5048,Customer 5048,customer5048@example.com,UK,2018-05-23,Basic,2484.77
5049,Customer 5049,customer5049@example.com,US,2022-02-07,Basic,5337.12
5050,Customer 5050,customer5050@example.com,FR,2018-04-25,Standard,9803.36
5051,Customer 5051,customer5051@example.com,DE,2022-02-23,Standard,7805.78
5052,Customer 5052,customer5052@example.com,FR,2024-04-27,Basic,2758.77
5053,Customer 5053,customer5053@example.com,DE,2023-02-01,Standard,5909.58
5054,Customer 5054,customer5054@example.com,CA,2021-01-03,Basic,7743.68
5055,Customer 5055,customer5055@example.com,CA,2021-10-06,Premium,3668.88
5056,Customer 5056,customer5056@example.com,UK,2022-11-24,Standard,5686.74
5057,Customer 5057,customer5057@example.com,AU,2021-01-14,Standard,3927.93
5058,Customer 5058,customer5058@example.com,CA,2024-09-01,Basic,3884.85
5059,Customer 5059,customer5059@example.com,AU,2018-09-18,Standard,2165.36
5060,Customer 5060,customer5060@example.com,DE,2019-06-03,Premium,1853.12
5061,Customer 5061,customer5061@example.com,DE,2022-02-24,Premium,5401.32
5062,Customer 5062,customer5062@example.com,US,2024-06-03,Standard,9260.40
5063,Customer 5063,customer5063@example.com,IN,2021-06-08,Basic,966.63
5064,Customer 5064,customer5064@example.com,DE,2020-01-30,Standard,5999.85
5065,Customer 5065,customer5065@example.com,DE,2022-03-01,Basic,3874.74
5066,Customer 5066,customer5066@example.com,DE,2023-01-04,Premium,1217.13
5067,Customer 5067,customer5067@example.com,UK,2018-02-25,Standard,8714.15
5068,Customer 5068,customer5068@example.com,DE,2019-07-14,Premium,3742.63
5069,Customer 5069,customer5069@example.com,CA,2024-08-07,Premium,2730.38
5070,Customer 5070,customer5070@example.com,FR,2019-05-17,Standard,621.13
5071,Customer 5071,customer5071@example.com,CA,2020-12-20,Basic,5490.17
5072,Customer 5072,customer5072@example.com,UK,2020-10-12,Premium,9415.49
5073,Customer 5073,customer5073@example.com,AU,2019-04-22,Standard,7789.84
5074,Customer 5074,customer5074@example.com,DE,2020-05-24,Basic,8114.97
5075,Customer 5075,customer5075@example.com,FR,2024-05-09,Standard,2278.11
5076,Customer 5076,customer5076@example.com,AU,2023-02-19,Premium,1132.07
5077,Customer 5077,customer5077@example.com,CA,2018-03-16,Premium,5388.16
5078,Customer 5078,customer5078@example.com,CA,2019-05-15,Standard,9407.45
5079,Customer 5079,customer5079@example.com,AU,2021-12-30,Premium,1506.68
5080,Customer 5080,customer5080@example.com,US,2018-11-22,Standard,7325.91
5081,Customer 5081,customer5081@example.com,FR,2019-01-14,Basic,2880.43
5082,Customer 5082,customer5082@example.com,UK,2020-05-06,Standard,8174.89
5083,Customer 5083,customer5083@example.com,CA,2021-02-18,Basic,8972.99
5084,Customer 5084,customer5084@example.com,FR,2023-09-02,Standard,2671.64
5085,Customer 5085,customer5085@example.com,AU,2023-08-03,Premium,1213.04
5086,Customer 5086,customer5086@example.com,UK,2019-11-02,Basic,9344.21
5087,Customer 5087,customer5087@example.com,CA,2018-04-14,Basic,5337.46
5088,Customer 5088,customer5088@example.com,AU,2021-10-30,Basic,8221.52
5089,Customer 5089,customer5089@example.com,UK,2022-12-27,Standard,4584.37
5090,Customer 5090,customer5090@example.com,IN,2022-10-28,Standard,6851.49
5091,Customer 5091,customer5091@example.com,FR,2020-02-11,Premium,4733.50
5092,Customer 5092,customer5092@example.com,US,2021-02-15,Premium,6492.48
5093,Customer 5093,customer5093@example.com,US,2022-01-02,Premium,8155.35
5094,Customer 5094,customer5094@example.com,IN,2018-09-15,Premium,9282.96
5095,Customer 5095,customer5095@example.com,DE,2021-08-26,Basic,5239.53
5096,Customer 5096,customer5096@example.com,US,2018-05-29,Premium,9215.67
5097,Customer 5097,customer5097@example.com,FR,2019-12-31,Basic,1367.43
5098,Customer 5098,customer5098@example.com,DE,2020-02-03,Standard,4684.84
5099,Customer 5099,customer5099@example.com,AU,2020-03-09,Premium,4311.68
5100,Customer 5100,customer5100@example.com,IN,2021-05-18,Premium,9679.83
5101,Customer 5101,customer5101@example.com,CA,2019-05-21,Premium,7654.33
5102,Customer 5102,customer5102@example.com,IN,2018-12-22,Standard,9935.20
5103,Customer 5103,customer5103@example.com,US,2020-03-23,Premium,2061.34
5104,Customer 5104,customer5104@example.com,IN,2021-11-17,Standard,7120.95
5105,Customer 5105,customer5105@example.com,IN,2022-05-20,Premium,9074.19
5106,Customer 5106,customer5106@example.com,US,2024-09-27,Basic,1946.22
5107,Customer 5107,customer5107@example.com,CA,2023-06-09,Premium,3505.30
5108,Customer 5108,customer5108@example.com,CA,2022-03-10,Basic,3587.26
5109,Customer 5109,customer5109@example.com,AU,2020-05-23,Premium,1568.75
5110,Customer 5110,customer5110@example.com,UK,2022-12-19,Premium,7023.17
5111,Customer 5111,customer5111@example.com,UK,2023-11-09,Basic,6118.44
5112,Customer 5112,customer5112@example.com,US,2021-03-22,Standard,8543.35
5113,Customer 5113,customer5113@example.com,CA,2020-06-28,Standard,2332.47
5114,Customer 5114,customer5114@example.com,UK,2022-09-30,Standard,962.37
5115,Customer 5115,customer5115@example.com,DE,2018-05-23,Standard,4031.25
5116,Customer 5116,customer5116@example.com,US,2024-03-07,Standard,551.06
5117,Customer 5117,customer5117@example.com,UK,2022-05-13,Basic,5028.56
5118,Customer 5118,customer5118@example.com,US,2023-09-03,Premium,8314.67
5119,Customer 5119,customer5119@example.com,UK,2022-04-11,Premium,1076.84
5120,Customer 5120,customer5120@example.com,FR,2019-05-26,Premium,4024.61
5121,Customer 5121,customer5121@example.com,DE,2024-03-17,Premium,8940.19
5122,Customer 5122,customer5122@example.com,IN,2024-04-13,Basic,9622.90
5123,Customer 5123,customer5123@example.com,CA,2019-01-03,Standard,6695.58
5124,Customer 5124,customer5124@example.com,AU,2022-11-16,Basic,7644.24
5125,Customer 5125,customer5125@example.com,IN,2020-11-23,Standard,4836.92
5126,Customer 5126,customer5126@example.com,DE,2022-12-18,Standard,1397.14
5127,Customer 5127,customer5127@example.com,UK,2020-06-06,Basic,9826.47
5128,Customer 5128,customer5128@example.com,UK,2019-10-24,Basic,5132.75
5129,Customer 5129,customer5129@example.com,CA,2019-03-11,Basic,2991.17
5130,Customer 5130,customer5130@example.com,UK,2021-11-18,Basic,9904.86
5131,Customer 5131,customer5131@example.com,AU,2024-05-07,Premium,7201.81
5132,Customer 5132,customer5132@example.com,CA,2020-01-25,Premium,7369.10
5133,Customer 5133,customer5133@example.com,DE,2022-07-17,Premium,3832.57
5134,Customer 5134,customer5134@example.com,AU,2024-12-06,Standard,2189.53
5135,Customer 5135,customer5135@example.com,CA,2018-07-21,Standard,2498.21
5136,Customer 5136,customer5136@example.com,CA,2023-05-16,Premium,760.02
5137,Customer 5137,customer5137@example.com,CA,2019-04-15,Basic,648.68
5138,Customer 5138,customer5138@example.com,FR,2023-07-08,Standard,1134.96
5139,Customer 5139,customer5139@example.com,UK,2018-01-26,Standard,6723.12
5140,Customer 5140,customer5140@example.com,UK,2024-04-08,Standard,7744.49
5141,Customer 5141,customer5141@example.com,CA,2024-04-19,Standard,1570.12
5142,Customer 5142,customer5142@example.com,CA,2018-10-21,Premium,7770.21
5143,Customer 5143,customer5143@example.com,UK,2022-07-02,Basic,667.59
5144,Customer 5144,customer5144@example.com,AU,2021-03-20,Basic,4053.04
5145,Customer 5145,customer5145@example.com,IN,2023-04-24,Basic,3717.21
5146,Customer 5146,customer5146@example.com,US,2021-07-09,Basic,2840.80
5147,Customer 5147,customer5147@example.com,FR,2018-07-04,Standard,3252.36
5148,Customer 5148,customer5148@example.com,IN,2018-10-25,Premium,9374.16
5149,Customer 5149,customer5149@example.com,CA,2018-10-03,Standard,956.13
5150,Customer 5150,customer5150@example.com,CA,2021-01-01,Premium,867.18
5151,Customer 5151,customer5151@example.com,AU,2021-11-02,Standard,4339.83
5152,Customer 5152,customer5152@example.com,US,2024-05-21,Basic,1004.11
5153,Customer 5153,customer5153@example.com,CA,2022-03-20,Basic,9849.18
5154,Customer 5154,customer5154@example.com,IN,2021-08-07,Standard,5516.51
5155,Customer 5155,customer5155@example.com,DE,2020-01-28,Premium,4823.89
5156,Customer 5156,customer5156@example.com,US,2019-07-16,Premium,2610.85
5157,Customer 5157,customer5157@example.com,FR,2019-10-11,Basic,247.60
5158,Customer 5158,customer5158@example.com,IN,2023-07-26,Premium,1445.96
5159,Customer 5159,customer5159@example.com,CA,2019-01-03,Premium,3144.06
5160,Customer 5160,customer5160@example.com,UK,2024-05-30,Premium,7543.79
5161,Customer 5161,customer5161@example.com,FR,2024-12-15,Standard,4681.30
5162,Customer 5162,customer5162@example.com,IN,2023-02-03,Standard,459.72
5163,Customer 5163,customer5163@example.com,IN,2023-04-28,Premium,834.51
5164,Customer 5164,customer5164@example.com,FR,2023-07-03,Standard,2390.11
5165,Customer 5165,customer5165@example.com,AU,2024-10-01,Premium,1405.33
5166,Customer 5166,customer5166@example.com,CA,2022-05-14,Basic,7669.94
5167,Customer 5167,customer5167@example.com,FR,2021-10-21,Basic,5810.08
5168,Customer 5168,customer5168@example.com,IN,2023-12-31,Basic,4804.03
5169,Customer 5169,customer5169@example.com,IN,2022-09-18,Standard,2448.59
5170,Customer 5170,customer5170@example.com,CA,2020-05-01,Basic,6880.88
5171,Customer 5171,customer5171@example.com,CA,2021-06-18,Premium,1241.35
5172,Customer 5172,customer5172@example.com,US,2022-04-15,Standard,3156.79
5173,Customer 5173,customer5173@example.com,US,2023-10-01,Basic,7278.30
5174,Customer 5174,customer5174@example.com,IN,2021-10-03,Premium,2408.43
5175,Customer 5175,customer5175@example.com,UK,2018-07-07,Premium,1298.41
5176,Customer 5176,customer5176@example.com,US,2021-12-12,Premium,7768.50
5177,Customer 5177,customer5177@example.com,FR,2022-03-29,Standard,9932.55
5178,Customer 5178,customer5178@example.com,IN,2023-02-12,Standard,4851.39
5179,Customer 5179,customer5179@example.com,CA,2018-07-24,Premium,1488.78
5180,Customer 5180,customer5180@example.com,IN,2023-03-17,Standard,3131.09
5181,Customer 5181,customer5181@example.com,IN,2022-11-18,Standard,4069.05
5182,Customer 5182,customer5182@example.com,IN,2023-01-09,Basic,4556.38
5183,Customer 5183,customer5183@example.com,DE,2018-12-31,Standard,8180.54
5184,Customer 5184,customer5184@example.com,FR,2021-11-24,Standard,6937.20
5185,Customer 5185,customer5185@example.com,US,2020-11-18,Standard,426.96
5186,Customer 5186,customer5186@example.com,FR,2020-09-27,Standard,3215.87
5187,Customer 5187,customer5187@example.com,UK,2023-04-11,Premium,472.59
5188,Customer 5188,customer5188@example.com,CA,2022-05-01,Standard,5693.96
5189,Customer 5189,customer5189@example.com,IN,2020-02-03,Standard,4469.66
5190,Customer 5190,customer5190@example.com,US,2024-05-05,Basic,3645.12
5191,Customer 5191,customer5191@example.com,IN,2022-04-07,Premium,3278.85
5192,Customer 5192,customer5192@example.com,US,2022-02-28,Basic,4712.92
5193,Customer 5193,customer5193@example.com,US,2020-01-05,Standard,3562.67
5194,Customer 5194,customer5194@example.com,UK,2023-12-07,Premium,4680.46
5195,Customer 5195,customer5195@example.com,CA,2020-04-25,Standard,3067.13
5196,Customer 5196,customer5196@example.com,US,2021-07-10,Basic,2970.81
5197,Customer 5197,customer5197@example.com,IN,2024-12-17,Basic,8420.91
5198,Customer 5198,customer5198@example.com,AU,2021-10-05,Basic,3995.36
5199,Customer 5199,customer5199@example.com,DE,2022-08-23,Basic,4402.78
5200,Customer 5200,customer5200@example.com,DE,2021-09-15,Standard,8759.12
5201,Customer 5201,customer5201@example.com,DE,2020-06-25,Standard,7119.46
5202,Customer 5202,customer5202@example.com,AU,2018-10-26,Standard,6158.67
5203,Customer 5203,customer5203@example.com,FR,2024-05-21,Basic,5931.97
5204,Customer 5204,customer5204@example.com,AU,2024-10-24,Premium,8354.46
5205,Customer 5205,customer5205@example.com,AU,2020-11-24,Standard,5825.36
5206,Customer 5206,customer5206@example.com,DE,2020-07-16,Basic,8821.08
5207,Customer 5207,customer5207@example.com,FR,2020-12-16,Premium,5305.66
5208,Customer 5208,customer5208@example.com,CA,2024-04-18,Premium,1546.43
5209,Customer 5209,customer5209@example.com,US,2024-08-27,Standard,5054.99
5210,Customer 5210,customer5210@example.com,UK,2024-10-15,Basic,4822.58
5211,Customer 5211,customer5211@example.com,UK,2024-06-15,Basic,8193.97
5212,Customer 5212,customer5212@example.com,CA,2023-11-10,Basic,8595.52
5213,Customer 5213,customer5213@example.com,DE,2019-02-13,Premium,1661.16
5214,Customer 5214,customer5214@example.com,US,2024-05-27,Standard,1377.98
5215,Customer 5215,customer5215@example.com,CA,2019-12-11,Premium,8618.17
5216,Customer 5216,customer5216@example.com,AU,2018-06-27,Standard,3335.55
5217,Customer 5217,customer5217@example.com,AU,2023-10-26,Standard,2007.89
5218,Customer 5218,customer5218@example.com,CA,2022-08-18,Standard,3433.11
5219,Customer 5219,customer5219@example.com,AU,2024-07-26,Premium,8605.52
5220,Customer 5220,customer5220@example.com,UK,2018-06-02,Premium,200.59
5221,Customer 5221,customer5221@example.com,DE,2021-02-13,Basic,4385.09
5222,Customer 5222,customer5222@example.com,DE,2022-04-12,Premium,1568.98
5223,Customer 5223,customer5223@example.com,IN,2020-07-04,Basic,640.62
5224,Customer 5224,customer5224@example.com,US,2019-08-03,Basic,8758.95
5225,Customer 5225,customer5225@example.com,US,2019-07-13,Premium,2120.00
5226,Customer 5226,customer5226@example.com,AU,2023-03-06,Standard,8598.87
5227,Customer 5227,customer5227@example.com,AU,2021-12-30,Basic,7099.09
5228,Customer 5228,customer5228@example.com,FR,2020-02-19,Standard,5865.27
5229,Customer 5229,customer5229@example.com,CA,2023-04-15,Premium,5598.23
5230,Customer 5230,customer5230@example.com,FR,2018-11-20,Basic,6133.89
5231,Customer 5231,customer5231@example.com,US,2020-12-05,Basic,3668.91
5232,Customer 5232,customer5232@example.com,DE,2020-02-14,Standard,6988.05
5233,Customer 5233,customer5233@example.com,FR,2022-05-08,Premium,937.96
5234,Customer 5234,customer5234@example.com,UK,2024-01-30,Basic,3772.77
5235,Customer 5235,customer5235@example.com,UK,2021-04-29,Premium,1985.89
5236,Customer 5236,customer5236@example.com,FR,2019-10-08,Basic,7434.53
5237,Customer 5237,customer5237@example.com,US,2020-10-15,Premium,3169.27
5238,Customer 5238,customer5238@example.com,DE,2020-01-21,Standard,4125.12
5239,Customer 5239,customer5239@example.com,CA,2019-03-18,Premium,3082.45
5240,Customer 5240,customer5240@example.com,CA,2023-01-21,Basic,5836.51
5241,Customer 5241,customer5241@example.com,IN,2022-06-12,Basic,8328.83
5242,Customer 5242,customer5242@example.com,US,2024-03-11,Basic,3206.55
5243,Customer 5243,customer5243@example.com,CA,2019-07-31,Basic,8617.52
5244,Customer 5244,customer5244@example.com,FR,2024-07-14,Premium,1614.61
5245,Customer 5245,customer5245@example.com,AU,2019-01-03,Basic,6660.38
5246,Customer 5246,customer5246@example.com,FR,2022-11-30,Standard,737.67
5247,Customer 5247,customer5247@example.com,DE,2020-02-11,Premium,3090.77
5248,Customer 5248,customer5248@example.com,AU,2021-07-28,Premium,1636.14
5249,Customer 5249,customer5249@example.com,IN,2022-02-10,Premium,1717.36
5250,Customer 5250,customer5250@example.com,AU,2024-04-09,Basic,9448.77
5251,Customer 5251,customer5251@example.com,FR,2022-05-20,Standard,1893.62
5252,Customer 5252,customer5252@example.com,AU,2021-10-11,Basic,8734.19
5253,Customer 5253,customer5253@example.com,AU,2019-10-16,Premium,2090.31
5254,Customer 5254,customer5254@example.com,IN,2019-09-20,Basic,7952.76
5255,Customer 5255,customer5255@example.com,US,2019-07-13,Premium,1430.98
5256,Customer 5256,customer5256@example.com,FR,2024-06-07,Premium,2233.71
5257,Customer 5257,customer5257@example.com,US,2020-07-29,Premium,2272.65
5258,Customer 5258,customer5258@example.com,DE,2022-07-31,Standard,4465.63
5259,Customer 5259,customer5259@example.com,CA,2019-05-19,Basic,9018.95
5260,Customer 5260,customer5260@example.com,AU,2023-02-12,Standard,9334.87
5261,Customer 5261,customer5261@example.com,US,2022-11-28,Standard,1505.75
5262,Customer 5262,customer5262@example.com,FR,2024-11-02,Basic,3539.00
5263,Customer 5263,customer5263@example.com,AU,2021-07-15,Premium,8996.59
5264,Customer 5264,customer5264@example.com,US,2019-12-12,Standard,6453.37
5265,Customer 5265,customer5265@example.com,UK,2018-08-18,Premium,9421.47
5266,Customer 5266,customer5266@example.com,UK,2020-08-03,Basic,5859.04
5267,Customer 5267,customer5267@example.com,AU,2020-11-24,Standard,1789.21
5268,Customer 5268,customer5268@example.com,US,2020-06-06,Standard,7195.71
5269,Customer 5269,customer5269@example.com,AU,2019-06-24,Premium,1357.85
5270,Customer 5270,customer5270@example.com,DE,2023-02-21,Premium,9470.83
5271,Customer 5271,customer5271@example.com,AU,2024-07-09,Basic,7991.92
5272,Customer 5272,customer5272@example.com,AU,2018-03-09,Premium,4596.77
5273,Customer 5273,customer5273@example.com,UK,2019-11-01,Basic,7990.98
5274,Customer 5274,customer5274@example.com,DE,2018-08-02,Standard,679.05
5275,Customer 5275,customer5275@example.com,AU,2022-08-22,Standard,6639.48
5276,Customer 5276,customer5276@example.com,IN,2023-03-10,Basic,7784.26
5277,Customer 5277,customer5277@example.com,US,2023-05-05,Basic,6397.02
5278,Customer 5278,customer5278@example.com,FR,2021-08-08,Standard,4197.81
5279,Customer 5279,customer5279@example.com,IN,2024-09-26,Premium,9264.03
5280,Customer 5280,customer5280@example.com,US,2022-05-02,Standard,6434.21
5281,Customer 5281,customer5281@example.com,UK,2024-01-08,Standard,1625.45
5282,Customer 5282,customer5282@example.com,CA,2023-04-06,Basic,1568.55
5283,Customer 5283,customer5283@example.com,IN,2018-09-20,Premium,1639.96
5284,Customer 5284,customer5284@example.com,IN,2018-06-14,Basic,7841.22
5285,Customer 5285,customer5285@example.com,DE,2022-04-28,Standard,7606.67
5286,Customer 5286,customer5286@example.com,DE,2020-11-09,Basic,7274.60
5287,Customer 5287,customer5287@example.com,UK,2020-10-10,Standard,2566.13
5288,Customer 5288,customer5288@example.com,UK,2023-01-23,Basic,7717.27
5289,Customer 5289,customer5289@example.com,US,2020-02-03,Premium,1386.91
5290,Customer 5290,customer5290@example.com,US,2018-07-13,Premium,5356.07
5291,Customer 5291,customer5291@example.com,IN,2018-06-21,Premium,6999.20
5292,Customer 5292,customer5292@example.com,CA,2024-03-14,Standard,8092.69
5293,Customer 5293,customer5293@example.com,CA,2024-11-20,Premium,6729.14
5294,Customer 5294,customer5294@example.com,US,2023-02-05,Premium,8643.24
5295,Customer 5295,customer5295@example.com,FR,2021-04-08,Basic,456.93
5296,Customer 5296,customer5296@example.com,CA,2020-07-12,Basic,1595.40
5297,Customer 5297,customer5297@example.com,US,2024-08-04,Basic,6210.78
5298,Customer 5298,customer5298@example.com,CA,2021-12-24,Premium,6021.96
5299,Customer 5299,customer5299@example.com,CA,2019-03-25,Standard,1110.03
5300,Customer 5300,customer5300@example.com,UK,2019-08-06,Standard,9458.93
5301,Customer 5301,customer5301@example.com,CA,2020-11-08,Premium,2281.09
5302,Customer 5302,customer5302@example.com,FR,2020-01-15,Premium,312.49
5303,Customer 5303,customer5303@example.com,AU,2021-03-30,Premium,1528.99
5304,Customer 5304,customer5304@example.com,FR,2019-12-23,Standard,6823.36
5305,Customer 5305,customer5305@example.com,CA,2020-12-03,Basic,8802.79
5306,Customer 5306,customer5306@example.com,FR,2020-02-27,Premium,7426.38
5307,Customer 5307,customer5307@example.com,US,2024-01-20,Premium,2103.33
5308,Customer 5308,customer5308@example.com,DE,2021-04-20,Standard,4483.90
5309,Customer 5309,customer5309@example.com,AU,2018-03-17,Standard,5071.81
5310,Customer 5310,customer5310@example.com,IN,2023-08-07,Basic,6032.28
5311,Customer 5311,customer5311@example.com,DE,2018-02-18,Standard,4699.79
5312,Customer 5312,customer5312@example.com,AU,2019-11-12,Premium,8615.80
5313,Customer 5313,customer5313@example.com,IN,2022-03-27,Basic,6875.11
5314,Customer 5314,customer5314@example.com,US,2024-11-12,Standard,1975.72
5315,Customer 5315,customer5315@example.com,CA,2023-01-10,Standard,2648.05
5316,Customer 5316,customer5316@example.com,CA,2020-01-15,Standard,4328.67
5317,Customer 5317,customer5317@example.com,CA,2020-05-06,Premium,9481.52
5318,Customer 5318,customer5318@example.com,IN,2021-07-20,Standard,2408.40
5319,Customer 5319,customer5319@example.com,UK,2023-01-27,Standard,4794.24
5320,Customer 5320,customer5320@example.com,AU,2019-11-30,Premium,9129.28
5321,Customer 5321,customer5321@example.com,IN,2019-09-22,Premium,4241.77
5322,Customer 5322,customer5322@example.com,FR,2021-12-01,Basic,928.78
5323,Customer 5323,customer5323@example.com,AU,2024-10-12,Premium,374.99
5324,Customer 5324,customer5324@example.com,DE,2024-06-03,Basic,9281.72
5325,Customer 5325,customer5325@example.com,UK,2024-08-23,Standard,1258.55
5326,Customer 5326,customer5326@example.com,DE,2022-08-09,Premium,516.21
5327,Customer 5327,customer5327@example.com,IN,2021-07-25,Standard,7598.76
5328,Customer 5328,customer5328@example.com,CA,2024-07-10,Standard,2402.65
5329,Customer 5329,customer5329@example.com,UK,2023-03-13,Basic,7230.00
5330,Customer 5330,customer5330@example.com,UK,2022-08-01,Premium,8284.01
5331,Customer 5331,customer5331@example.com,CA,2021-04-30,Basic,7663.06
5332,Customer 5332,customer5332@example.com,UK,2018-06-25,Standard,3832.13
5333,Customer 5333,customer5333@example.com,DE,2020-11-27,Basic,5192.28
5334,Customer 5334,customer5334@example.com,CA,2024-03-07,Standard,1061.25
5335,Customer 5335,customer5335@example.com,UK,2019-03-15,Premium,6581.54
5336,Customer 5336,customer5336@example.com,AU,2018-06-15,Premium,2798.85
5337,Customer 5337,customer5337@example.com,IN,2020-07-08,Basic,8569.84
5338,Customer 5338,customer5338@example.com,US,2018-12-09,Premium,8519.99
5339,Customer 5339,customer5339@example.com,US,2019-12-10,Premium,3783.92
5340,Customer 5340,customer5340@example.com,DE,2023-09-26,Basic,9125.80
5341,Customer 5341,customer5341@example.com,US,2022-03-06,Basic,1621.17
5342,Customer 5342,customer5342@example.com,FR,2024-02-04,Standard,5404.28
5343,Customer 5343,customer5343@example.com,FR,2021-05-05,Premium,1129.41
5344,Customer 5344,customer5344@example.com,IN,2019-03-26,Basic,3334.49
5345,Customer 5345,customer5345@example.com,IN,2024-01-10,Premium,3955.69
5346,Customer 5346,customer5346@example.com,DE,2019-07-02,Basic,109.50
5347,Customer 5347,customer5347@example.com,AU,2022-05-10,Premium,5743.17
5348,Customer 5348,customer5348@example.com,IN,2023-08-02,Standard,6418.98
5349,Customer 5349,customer5349@example.com,FR,2020-09-28,Standard,5255.73
5350,Customer 5350,customer5350@example.com,AU,2022-05-08,Basic,4077.09
5351,Customer 5351,customer5351@example.com,AU,2022-06-24,Basic,3176.84
5352,Customer 5352,customer5352@example.com,CA,2019-05-02,Basic,4409.91
5353,Customer 5353,customer5353@example.com,UK,2020-06-10,Standard,6619.19
5354,Customer 5354,customer5354@example.com,US,2024-11-05,Premium,7177.10
5355,Customer 5355,customer5355@example.com,FR,2019-08-17,Premium,843.53
5356,Customer 5356,customer5356@example.com,UK,2018-03-12,Standard,6932.75
5357,Customer 5357,customer5357@example.com,US,2021-03-10,Premium,6156.17
5358,Customer 5358,customer5358@example.com,IN,2020-06-07,Premium,2885.90
5359,Customer 5359,customer5359@example.com,FR,2023-09-25,Basic,7747.61
5360,Customer 5360,customer5360@example.com,CA,2019-04-04,Premium,4763.49
5361,Customer 5361,customer5361@example.com,IN,2023-01-03,Premium,8271.29
5362,Customer 5362,customer5362@example.com,FR,2024-08-05,Basic,5981.21
5363,Customer 5363,customer5363@example.com,IN,2021-02-11,Basic,6937.48
5364,Customer 5364,customer5364@example.com,US,2019-10-21,Basic,7013.26
5365,Customer 5365,customer5365@example.com,US,2024-02-29,Premium,664.43
5366,Customer 5366,customer5366@example.com,FR,2022-09-26,Standard,307.27
5367,Customer 5367,customer5367@example.com,CA,2019-11-20,Basic,121.10
5368,Customer 5368,customer5368@example.com,US,2021-11-25,Premium,7505.16
5369,Customer 5369,customer5369@example.com,IN,2021-10-10,Premium,5485.32
5370,Customer 5370,customer5370@example.com,UK,2019-01-30,Premium,3285.48
5371,Customer 5371,customer5371@example.com,US,2021-08-30,Premium,2774.51
5372,Customer 5372,customer5372@example.com,IN,2020-08-20,Basic,7126.87
5373,Customer 5373,customer5373@example.com,DE,2024-03-15,Basic,1702.20
5374,Customer 5374,customer5374@example.com,FR,2024-11-27,Premium,6633.85
5375,Customer 5375,customer5375@example.com,IN,2024-11-09,Premium,690.45
5376,Customer 5376,customer5376@example.com,FR,2023-12-28,Basic,4378.74
5377,Customer 5377,customer5377@example.com,AU,2023-02-17,Standard,9342.27
5378,Customer 5378,customer5378@example.com,AU,2020-07-19,Premium,8453.98
5379,Customer 5379,customer5379@example.com,UK,2023-08-17,Basic,8940.27
5380,Customer 5380,customer5380@example.com,CA,2020-04-14,Premium,8164.12
5381,Customer 5381,customer5381@example.com,FR,2018-12-08,Basic,3428.60
5382,Customer 5382,customer5382@example.com,US,2024-01-31,Standard,1852.63
5383,Customer 5383,customer5383@example.com,FR,2019-03-06,Premium,4397.13
5384,Customer 5384,customer5384@example.com,DE,2019-03-22,Premium,9734.16
5385,Customer 5385,customer5385@example.com,UK,2019-09-28,Basic,5107.83
5386,Customer 5386,customer5386@example.com,UK,2020-04-03,Premium,7197.27
5387,Customer 5387,customer5387@example.com,UK,2019-02-11,Basic,5451.59
5388,Customer 5388,customer5388@example.com,IN,2020-07-05,Standard,8987.34
5389,Customer 5389,customer5389@example.com,FR,2024-09-23,Basic,8575.77
5390,Customer 5390,customer5390@example.com,IN,2023-05-08,Standard,7111.65
5391,Customer 5391,customer5391@example.com,AU,2018-03-23,Standard,9531.41
5392,Customer 5392,customer5392@example.com,FR,2023-07-13,Standard,1040.22
5393,Customer 5393,customer5393@example.com,US,2022-09-27,Basic,7261.18
5394,Customer 5394,customer5394@example.com,AU,2024-07-11,Premium,162.11
5395,Customer 5395,customer5395@example.com,IN,2023-11-11,Premium,8577.38
5396,Customer 5396,customer5396@example.com,AU,2020-12-27,Premium,7726.21
5397,Customer 5397,customer5397@example.com,IN,2019-06-06,Standard,6106.32
5398,Customer 5398,customer5398@example.com,FR,2019-04-24,Standard,9190.39
5399,Customer 5399,customer5399@example.com,CA,2019-03-30,Standard,9702.38
5400,Customer 5400,customer5400@example.com,FR,2024-07-01,Basic,6468.19
5401,Customer 5401,customer5401@example.com,IN,2021-05-09,Standard,6641.34
5402,Customer 5402,customer5402@example.com,UK,2018-03-10,Basic,8236.90
5403,Customer 5403,customer5403@example.com,UK,2022-05-20,Standard,3749.53
5404,Customer 5404,customer5404@example.com,AU,2022-06-24,Basic,3906.27
5405,Customer 5405,customer5405@example.com,UK,2024-11-10,Standard,5789.99
5406,Customer 5406,customer5406@example.com,US,2019-07-21,Standard,4537.35
5407,Customer 5407,customer5407@example.com,DE,2024-12-01,Basic,5972.45
5408,Customer 5408,customer5408@example.com,UK,2021-11-07,Standard,2312.81
5409,Customer 5409,customer5409@example.com,DE,2022-11-18,Basic,6400.97
5410,Customer 5410,customer5410@example.com,AU,2022-12-26,Basic,3048.83
5411,Customer 5411,customer5411@example.com,UK,2024-06-30,Basic,322.50
5412,Customer 5412,customer5412@example.com,DE,2023-05-01,Premium,7671.84
5413,Customer 5413,customer5413@example.com,FR,2022-09-29,Basic,9885.78
5414,Customer 5414,customer5414@example.com,DE,2018-09-15,Standard,5783.53
5415,Customer 5415,customer5415@example.com,FR,2023-06-08,Premium,5668.12
5416,Customer 5416,customer5416@example.com,IN,2024-09-04,Standard,3139.24
5417,Customer 5417,customer5417@example.com,CA,2023-08-02,Standard,5635.58
5418,Customer 5418,customer5418@example.com,CA,2024-12-05,Basic,2913.84
5419,Customer 5419,customer5419@example.com,DE,2018-11-05,Basic,2016.06
5420,Customer 5420,customer5420@example.com,IN,2023-08-27,Standard,1214.19
5421,Customer 5421,customer5421@example.com,FR,2020-09-20,Standard,8405.07
5422,Customer 5422,customer5422@example.com,IN,2021-11-07,Premium,4046.81
5423,Customer 5423,customer5423@example.com,IN,2024-01-07,Basic,1157.50
5424,Customer 5424,customer5424@example.com,FR,2021-04-14,Basic,5383.67
5425,Customer 5425,customer5425@example.com,DE,2021-04-02,Standard,197.78
5426,Customer 5426,customer5426@example.com,IN,2019-11-14,Basic,6436.10
5427,Customer 5427,customer5427@example.com,AU,2022-06-04,Premium,3334.00
5428,Customer 5428,customer5428@example.com,UK,2019-04-30,Premium,1723.86
5429,Customer 5429,customer5429@example.com,UK,2023-02-22,Premium,4027.41
5430,Customer 5430,customer5430@example.com,DE,2024-03-14,Basic,9027.14
5431,Customer 5431,customer5431@example.com,US,2024-02-08,Premium,2778.54
5432,Customer 5432,customer5432@example.com,AU,2020-10-31,Standard,5248.83
5433,Customer 5433,customer5433@example.com,AU,2020-06-26,Premium,5607.19
5434,Customer 5434,customer5434@example.com,IN,2024-06-05,Basic,1980.54
5435,Customer 5435,customer5435@example.com,CA,2018-06-18,Standard,4876.43
5436,Customer 5436,customer5436@example.com,CA,2024-01-25,Basic,2445.92
5437,Customer 5437,customer5437@example.com,IN,2023-04-25,Standard,8350.73
5438,Customer 5438,customer5438@example.com,CA,2019-03-11,Basic,3541.57
5439,Customer 5439,customer5439@example.com,AU,2020-08-26,Premium,1578.84
5440,Customer 5440,customer5440@example.com,FR,2022-02-26,Premium,567.71
5441,Customer 5441,customer5441@example.com,UK,2018-07-08,Basic,3514.64
5442,Customer 5442,customer5442@example.com,FR,2022-07-10,Premium,5962.52
5443,Customer 5443,customer5443@example.com,AU,2024-09-09,Standard,6485.99
5444,Customer 5444,customer5444@example.com,US,2022-01-04,Standard,2998.56
5445,Customer 5445,customer5445@example.com,IN,2020-12-05,Basic,1996.66
5446,Customer 5446,customer5446@example.com,FR,2024-01-27,Basic,8462.24
5447,Customer 5447,customer5447@example.com,DE,2022-11-05,Standard,5737.87
5448,Customer 5448,customer5448@example.com,IN,2023-05-20,Basic,9131.44
5449,Customer 5449,customer5449@example.com,CA,2019-04-30,Basic,4773.83
5450,Customer 5450,customer5450@example.com,FR,2018-05-24,Premium,1218.69
5451,Customer 5451,customer5451@example.com,AU,2020-04-15,Standard,3786.38
5452,Customer 5452,customer5452@example.com,CA,2019-05-19,Premium,2386.17
5453,Customer 5453,customer5453@example.com,DE,2021-05-26,Standard,1402.11
5454,Customer 5454,customer5454@example.com,IN,2018-06-27,Standard,4891.08
5455,Customer 5455,customer5455@example.com,CA,2021-11-05,Standard,5630.40
5456,Customer 5456,customer5456@example.com,FR,2022-03-13,Premium,3078.75
5457,Customer 5457,customer5457@example.com,US,2022-03-28,Premium,7895.23
5458,Customer 5458,customer5458@example.com,UK,2019-04-24,Standard,9110.60
5459,Customer 5459,customer5459@example.com,IN,2024-09-12,Standard,8735.20
5460,Customer 5460,customer5460@example.com,UK,2021-07-15,Standard,7704.37
5461,Customer 5461,customer5461@example.com,UK,2020-01-11,Premium,6128.99
5462,Customer 5462,customer5462@example.com,DE,2020-08-24,Premium,9325.51
5463,Customer 5463,customer5463@example.com,CA,2021-04-22,Standard,7951.97
5464,Customer 5464,customer5464@example.com,DE,2023-08-06,Standard,4855.96
5465,Customer 5465,customer5465@example.com,FR,2021-05-28,Basic,2956.88
5466,Customer 5466,customer5466@example.com,AU,2021-08-26,Standard,6013.15
5467,Customer 5467,customer5467@example.com,IN,2022-11-26,Standard,1790.15
5468,Customer 5468,customer5468@example.com,AU,2020-08-07,Basic,2329.72
5469,Customer 5469,customer5469@example.com,US,2023-06-27,Premium,9697.55
5470,Customer 5470,customer5470@example.com,DE,2021-09-26,Basic,3542.21
5471,Customer 5471,customer5471@example.com,US,2019-11-12,Basic,8306.10
5472,Customer 5472,customer5472@example.com,IN,2018-08-19,Premium,7436.12
5473,Customer 5473,customer5473@example.com,FR,2019-06-08,Basic,1929.87
5474,Customer 5474,customer5474@example.com,US,2018-10-06,Basic,7813.41
5475,Customer 5475,customer5475@example.com,UK,2019-08-10,Basic,9702.11
5476,Customer 5476,customer5476@example.com,FR,2019-10-06,Standard,7746.77
5477,Customer 5477,customer5477@example.com,IN,2024-02-13,Basic,2539.17
5478,Customer 5478,customer5478@example.com,DE,2024-03-26,Standard,7152.42
5479,Customer 5479,customer5479@example.com,DE,2024-03-19,Standard,1792.59
5480,Customer 5480,customer5480@example.com,IN,2021-06-04,Premium,6844.55
5481,Customer 5481,customer5481@example.com,DE,2019-07-28,Basic,8606.25
5482,Customer 5482,customer5482@example.com,US,2022-07-22,Premium,9777.23
5483,Customer 5483,customer5483@example.com,DE,2023-06-27,Standard,6187.98
5484,Customer 5484,customer5484@example.com,FR,2018-09-30,Premium,3426.28
5485,Customer 5485,customer5485@example.com,US,2023-12-08,Basic,566.92
5486,Customer 5486,customer5486@example.com,DE,2024-09-20,Premium,2657.43
5487,Customer 5487,customer5487@example.com,FR,2021-06-12,Standard,4769.00
5488,Customer 5488,customer5488@example.com,AU,2022-02-08,Basic,2226.76
5489,Customer 5489,customer5489@example.com,AU,2019-08-02,Standard,4439.77
5490,Customer 5490,customer5490@example.com,IN,2021-04-26,Premium,8349.34
5491,Customer 5491,customer5491@example.com,AU,2023-03-05,Premium,3628.43
5492,Customer 5492,customer5492@example.com,DE,2024-05-28,Standard,2074.44
5493,Customer 5493,customer5493@example.com,DE,2024-10-06,Premium,462.81
5494,Customer 5494,customer5494@example.com,UK,2023-06-24,Basic,5389.72
5495,Customer 5495,customer5495@example.com,UK,2020-03-10,Premium,5345.53
5496,Customer 5496,customer5496@example.com,FR,2018-12-07,Premium,6914.97
5497,Customer 5497,customer5497@example.com,UK,2023-11-05,Basic,9805.99
5498,Customer 5498,customer5498@example.com,FR,2018-06-03,Basic,4796.90
5499,Customer 5499,customer5499@example.com,IN,2019-12-19,Basic,776.34
5500,Customer 5500,customer5500@example.com,AU,2019-12-15,Standard,5478.72
5501,Customer 5501,customer5501@example.com,UK,2018-02-09,Standard,8289.38
5502,Customer 5502,customer5502@example.com,FR,2020-01-24,Standard,6874.28
5503,Customer 5503,customer5503@example.com,DE,2020-01-14,Premium,4507.19
5504,Customer 5504,customer5504@example.com,DE,2022-08-01,Standard,8334.15
5505,Customer 5505,customer5505@example.com,UK,2021-09-03,Basic,2341.62
5506,Customer 5506,customer5506@example.com,AU,2023-09-28,Premium,1105.12
5507,Customer 5507,customer5507@example.com,IN,2019-03-16,Standard,4306.07
5508,Customer 5508,customer5508@example.com,FR,2020-02-10,Standard,2864.24
5509,Customer 5509,customer5509@example.com,FR,2023-07-27,Premium,7378.68
5510,Customer 5510,customer5510@example.com,FR,2022-04-01,Premium,5965.65
5511,Customer 5511,customer5511@example.com,FR,2024-08-08,Premium,9870.68
5512,Customer 5512,customer5512@example.com,UK,2020-05-09,Standard,1451.86
5513,Customer 5513,customer5513@example.com,IN,2024-06-15,Standard,8897.72
5514,Customer 5514,customer5514@example.com,CA,2022-10-28,Standard,9719.52
5515,Customer 5515,customer5515@example.com,DE,2018-08-04,Basic,5916.67
5516,Customer 5516,customer5516@example.com,IN,2018-04-29,Basic,465.62
5517,Customer 5517,customer5517@example.com,US,2023-12-21,Basic,5585.63
5518,Customer 5518,customer5518@example.com,FR,2020-07-22,Basic,267.92
5519,Customer 5519,customer5519@example.com,UK,2021-10-26,Premium,1042.48
5520,Customer 5520,customer5520@example.com,US,2024-01-23,Basic,4155.03
5521,Customer 5521,customer5521@example.com,IN,2021-04-04,Standard,1784.99
5522,Customer 5522,customer5522@example.com,DE,2022-05-16,Standard,7387.61
5523,Customer 5523,customer5523@example.com,IN,2023-10-18,Standard,6230.61
5524,Customer 5524,customer5524@example.com,AU,2024-11-24,Basic,4632.43
5525,Customer 5525,customer5525@example.com,DE,2022-11-30,Premium,5654.30
5526,Customer 5526,customer5526@example.com,DE,2023-07-02,Standard,6387.58
5527,Customer 5527,customer5527@example.com,IN,2021-11-28,Basic,1351.54
5528,Customer 5528,customer5528@example.com,IN,2019-04-01,Basic,608.29
5529,Customer 5529,customer5529@example.com,UK,2018-10-20,Standard,7477.40
5530,Customer 5530,customer5530@example.com,FR,2024-01-16,Basic,6637.30
5531,Customer 5531,customer5531@example.com,CA,2018-10-31,Premium,3062.47
5532,Customer 5532,customer5532@example.com,IN,2020-02-08,Basic,6123.52
5533,Customer 5533,customer5533@example.com,AU,2023-01-25,Premium,4675.01
5534,Customer 5534,customer5534@example.com,DE,2024-07-06,Basic,3062.56
5535,Customer 5535,customer5535@example.com,DE,2021-09-08,Premium,7920.08
5536,Customer 5536,customer5536@example.com,AU,2020-04-24,Standard,5013.76
5537,Customer 5537,customer5537@example.com,AU,2019-10-17,Basic,9949.65
5538,Customer 5538,customer5538@example.com,IN,2019-03-06,Premium,1904.03
5539,Customer 5539,customer5539@example.com,UK,2018-05-02,Premium,5328.81
5540,Customer 5540,customer5540@example.com,DE,2022-11-15,Basic,1229.36
5541,Customer 5541,customer5541@example.com,US,2024-06-25,Premium,6136.57
5542,Customer 5542,customer5542@example.com,FR,2024-01-16,Premium,2823.51
5543,Customer 5543,customer5543@example.com,DE,2024-06-19,Premium,8886.33
5544,Customer 5544,customer5544@example.com,US,2024-12-03,Basic,9177.51
5545,Customer 5545,customer5545@example.com,AU,2024-06-04,Basic,8474.64
5546,Customer 5546,customer5546@example.com,AU,2019-03-08,Standard,4733.30
5547,Customer 5547,customer5547@example.com,US,2022-02-26,Standard,1563.29
5548,Customer 5548,customer5548@example.com,AU,2022-10-08,Standard,5893.49
5549,Customer 5549,customer5549@example.com,UK,2022-03-11,Premium,6317.24
5550,Customer 5550,customer5550@example.com,CA,2021-07-06,Basic,5095.47
5551,Customer 5551,customer5551@example.com,AU,2018-03-26,Basic,4700.33
5552,Customer 5552,customer5552@example.com,CA,2018-02-18,Basic,3252.33
5553,Customer 5553,customer5553@example.com,UK,2022-06-05,Premium,7486.68
5554,Customer 5554,customer5554@example.com,US,2019-05-15,Basic,2487.20
5555,Customer 5555,customer5555@example.com,IN,2018-11-23,Premium,2561.34
5556,Customer 5556,customer5556@example.com,AU,2023-12-22,Premium,8543.03
5557,Customer 5557,customer5557@example.com,FR,2021-06-13,Premium,6498.55
5558,Customer 5558,customer5558@example.com,DE,2021-12-02,Premium,2509.16
5559,Customer 5559,customer5559@example.com,FR,2018-06-23,Basic,684.80
5560,Customer 5560,customer5560@example.com,IN,2021-09-05,Basic,7996.25
5561,Customer 5561,customer5561@example.com,AU,2023-08-20,Basic,1317.87
5562,Customer 5562,customer5562@example.com,DE,2021-09-04,Premium,8805.26
5563,Customer 5563,customer5563@example.com,DE,2020-05-19,Basic,4664.28
5564,Customer 5564,customer5564@example.com,FR,2018-10-13,Standard,9333.40
5565,Customer 5565,customer5565@example.com,AU,2023-12-15,Standard,2135.85
5566,Customer 5566,customer5566@example.com,AU,2022-07-05,Premium,9158.62
5567,Customer 5567,customer5567@example.com,US,2020-06-07,Basic,3551.92
5568,Customer 5568,customer5568@example.com,CA,2024-09-21,Standard,5726.66
5569,Customer 5569,customer5569@example.com,UK,2021-12-17,Premium,8004.94
5570,Customer 5570,customer5570@example.com,US,2018-01-30,Basic,3405.25
5571,Customer 5571,customer5571@example.com,DE,2022-10-29,Premium,3730.51
5572,Customer 5572,customer5572@example.com,DE,2023-01-19,Basic,2538.47
5573,Customer 5573,customer5573@example.com,CA,2021-10-01,Standard,8222.07
5574,Customer 5574,customer5574@example.com,UK,2024-07-23,Standard,5724.19
5575,Customer 5575,customer5575@example.com,DE,2021-11-21,Premium,1102.49
5576,Customer 5576,customer5576@example.com,DE,2020-10-05,Standard,9569.54
5577,Customer 5577,customer5577@example.com,IN,2018-06-24,Basic,1426.84
5578,Customer 5578,customer5578@example.com,IN,2020-09-09,Standard,4912.97
5579,Customer 5579,customer5579@example.com,FR,2018-04-26,Premium,5492.55
5580,Customer 5580,customer5580@example.com,FR,2022-03-30,Standard,146.39
5581,Customer 5581,customer5581@example.com,UK,2021-04-23,Premium,5260.28
5582,Customer 5582,customer5582@example.com,FR,2020-11-10,Standard,780.01
5583,Customer 5583,customer5583@example.com,CA,2022-08-16,Premium,446.12
5584,Customer 5584,customer5584@example.com,US,2024-12-28,Basic,4672.09
5585,Customer 5585,customer5585@example.com,DE,2020-04-18,Standard,5400.59
5586,Customer 5586,customer5586@example.com,AU,2021-05-12,Standard,8299.53
5587,Customer 5587,customer5587@example.com,US,2022-03-10,Premium,470.99
5588,Customer 5588,customer5588@example.com,CA,2024-04-13,Basic,112.10
5589,Customer 5589,customer5589@example.com,FR,2020-05-26,Premium,2714.18
5590,Customer 5590,customer5590@example.com,FR,2022-09-16,Premium,4279.98
5591,Customer 5591,customer5591@example.com,AU,2023-09-17,Premium,2706.64
5592,Customer 5592,customer5592@example.com,DE,2021-01-13,Standard,1248.99
5593,Customer 5593,customer5593@example.com,AU,2024-06-29,Premium,5960.58
5594,Customer 5594,customer5594@example.com,AU,2020-05-15,Premium,5795.91
5595,Customer 5595,customer5595@example.com,IN,2018-07-03,Standard,5003.44
5596,Customer 5596,customer5596@example.com,DE,2024-10-21,Basic,9655.38
5597,Customer 5597,customer5597@example.com,US,2024-05-22,Premium,1814.02
5598,Customer 5598,customer5598@example.com,IN,2021-02-13,Basic,5140.56
5599,Customer 5599,customer5599@example.com,AU,2021-01-09,Standard,7568.55
5600,Customer 5600,customer5600@example.com,DE,2019-04-04,Basic,2447.58
5601,Customer 5601,customer5601@example.com,AU,2021-09-08,Basic,7511.30
5602,Customer 5602,customer5602@example.com,FR,2019-07-11,Standard,1320.53
5603,Customer 5603,customer5603@example.com,DE,2020-03-16,Premium,6453.85
5604,Customer 5604,customer5604@example.com,FR,2024-03-14,Basic,9852.68
5605,Customer 5605,customer5605@example.com,AU,2019-03-09,Standard,8407.52
5606,Customer 5606,customer5606@example.com,AU,2021-01-14,Basic,7680.10
5607,Customer 5607,customer5607@example.com,US,2020-04-11,Standard,9476.40
5608,Customer 5608,customer5608@example.com,IN,2023-08-26,Basic,9021.34
5609,Customer 5609,customer5609@example.com,IN,2023-07-15,Premium,5528.93
5610,Customer 5610,customer5610@example.com,FR,2022-01-11,Basic,2302.20
5611,Customer 5611,customer5611@example.com,UK,2020-05-28,Standard,2911.25
5612,Customer 5612,customer5612@example.com,FR,2023-01-16,Premium,8311.06
5613,Customer 5613,customer5613@example.com,US,2020-08-10,Basic,183.44
5614,Customer 5614,customer5614@example.com,US,2024-12-25,Premium,9426.59
5615,Customer 5615,customer5615@example.com,DE,2020-03-01,Basic,8276.46
5616,Customer 5616,customer5616@example.com,AU,2022-09-13,Premium,1944.27
5617,Customer 5617,customer5617@example.com,UK,2022-06-10,Premium,3551.94
5618,Customer 5618,customer5618@example.com,AU,2019-11-15,Premium,9245.91
5619,Customer 5619,customer5619@example.com,US,2019-11-29,Premium,8954.94
5620,Customer 5620,customer5620@example.com,IN,2018-05-23,Basic,6558.49
5621,Customer 5621,customer5621@example.com,FR,2023-03-07,Premium,172.50
5622,Customer 5622,customer5622@example.com,AU,2021-02-18,Premium,294.83
5623,Customer 5623,customer5623@example.com,CA,2023-07-20,Basic,5956.49
5624,Customer 5624,customer5624@example.com,CA,2021-01-19,Premium,5693.76
5625,Customer 5625,customer5625@example.com,UK,2021-01-13,Standard,9978.52
5626,Customer 5626,customer5626@example.com,UK,2024-03-06,Basic,845.31
5627,Customer 5627,customer5627@example.com,IN,2023-06-01,Basic,6199.64
5628,Customer 5628,customer5628@example.com,US,2019-08-15,Premium,7531.46
5629,Customer 5629,customer5629@example.com,IN,2023-03-23,Premium,5915.08
5630,Customer 5630,customer5630@example.com,CA,2024-04-04,Standard,1595.13
5631,Customer 5631,customer5631@example.com,FR,2020-11-13,Basic,4128.05
5632,Customer 5632,customer5632@example.com,UK,2019-12-28,Standard,873.47
5633,Customer 5633,customer5633@example.com,FR,2021-05-07,Premium,1936.67
5634,Customer 5634,customer5634@example.com,US,2020-12-21,Basic,6492.29
5635,Customer 5635,customer5635@example.com,UK,2019-12-08,Standard,1086.82
5636,Customer 5636,customer5636@example.com,IN,2024-12-22,Premium,450.92
5637,Customer 5637,customer5637@example.com,DE,2022-04-17,Basic,4373.05
5638,Customer 5638,customer5638@example.com,CA,2022-04-12,Premium,597.58
5639,Customer 5639,customer5639@example.com,US,2019-09-04,Basic,4053.63
5640,Customer 5640,customer5640@example.com,CA,2019-11-27,Premium,9349.08
5641,Customer 5641,customer5641@example.com,UK,2018-05-24,Premium,5986.11
5642,Customer 5642,customer5642@example.com,AU,2020-08-26,Standard,8943.30
5643,Customer 5643,customer5643@example.com,FR,2019-07-10,Premium,5755.29
5644,Customer 5644,customer5644@example.com,UK,2022-08-04,Basic,5875.58
5645,Customer 5645,customer5645@example.com,US,2021-10-20,Standard,4810.38
5646,Customer 5646,customer5646@example.com,DE,2018-05-03,Premium,1048.22
5647,Customer 5647,customer5647@example.com,UK,2019-07-14,Standard,9557.62
5648,Customer 5648,customer5648@example.com,IN,2018-02-20,Premium,8005.45
5649,Customer 5649,customer5649@example.com,UK,2024-11-25,Standard,985.80
5650,Customer 5650,customer5650@example.com,AU,2018-05-22,Basic,4569.56
5651,Customer 5651,customer5651@example.com,UK,2019-01-19,Premium,2121.52
5652,Customer 5652,customer5652@example.com,AU,2022-04-09,Basic,508.44
5653,Customer 5653,customer5653@example.com,IN,2023-04-20,Premium,6585.35
5654,Customer 5654,customer5654@example.com,FR,2019-08-07,Premium,1287.51
5655,Customer 5655,customer5655@example.com,AU,2020-11-05,Standard,8714.37
5656,Customer 5656,customer5656@example.com,CA,2021-02-18,Basic,4134.38
5657,Customer 5657,customer5657@example.com,US,2023-07-25,Premium,5737.85
5658,Customer 5658,customer5658@example.com,IN,2018-10-08,Standard,8358.92
5659,Customer 5659,customer5659@example.com,FR,2020-11-17,Standard,2524.30
5660,Customer 5660,customer5660@example.com,US,2019-08-16,Premium,7619.81
5661,Customer 5661,customer5661@example.com,DE,2019-06-24,Premium,3669.40
5662,Customer 5662,customer5662@example.com,US,2022-06-16,Premium,1526.30
5663,Customer 5663,customer5663@example.com,UK,2020-05-29,Basic,2771.79
5664,Customer 5664,customer5664@example.com,US,2019-08-05,Basic,9147.24
5665,Customer 5665,customer5665@example.com,CA,2018-03-11,Basic,2788.81
5666,Customer 5666,customer5666@example.com,CA,2023-01-02,Standard,8844.69
5667,Customer 5667,customer5667@example.com,FR,2024-12-02,Premium,2161.62
5668,Customer 5668,customer5668@example.com,UK,2022-09-20,Basic,6292.55
5669,Customer 5669,customer5669@example.com,DE,2019-01-22,Premium,9237.20
5670,Customer 5670,customer5670@example.com,FR,2022-08-03,Premium,6550.30
5671,Customer 5671,customer5671@example.com,IN,2021-05-14,Basic,5616.19
5672,Customer 5672,customer5672@example.com,CA,2019-07-03,Standard,9485.38
5673,Customer 5673,customer5673@example.com,AU,2022-01-10,Basic,5446.49
5674,Customer 5674,customer5674@example.com,US,2022-04-15,Premium,1400.99
5675,Customer 5675,customer5675@example.com,US,2024-06-13,Basic,1193.36
5676,Customer 5676,customer5676@example.com,IN,2024-07-09,Premium,1790.22
5677,Customer 5677,customer5677@example.com,FR,2024-01-23,Standard,9934.34
5678,Customer 5678,customer5678@example.com,CA,2021-03-15,Basic,6105.84
5679,Customer 5679,customer5679@example.com,IN,2022-08-22,Standard,4841.80
5680,Customer 5680,customer5680@example.com,FR,2023-10-06,Basic,4270.88
5681,Customer 5681,customer5681@example.com,UK,2023-03-14,Standard,9991.36
5682,Customer 5682,customer5682@example.com,US,2023-08-11,Basic,2765.42
5683,Customer 5683,customer5683@example.com,FR,2020-11-26,Premium,5160.60
5684,Customer 5684,customer5684@example.com,UK,2022-12-01,Basic,5619.15
5685,Customer 5685,customer5685@example.com,US,2024-05-01,Premium,5761.68
5686,Customer 5686,customer5686@example.com,FR,2021-04-09,Basic,8479.07
5687,Customer 5687,customer5687@example.com,UK,2018-12-18,Standard,3077.68
5688,Customer 5688,customer5688@example.com,US,2022-07-12,Basic,7396.07
5689,Customer 5689,customer5689@example.com,AU,2023-12-08,Premium,3991.08
5690,Customer 5690,customer5690@example.com,CA,2019-06-08,Premium,7875.69
5691,Customer 5691,customer5691@example.com,UK,2021-02-15,Basic,2763.25
5692,Customer 5692,customer5692@example.com,FR,2021-01-12,Standard,9451.03
5693,Customer 5693,customer5693@example.com,US,2023-08-28,Premium,1260.96
5694,Customer 5694,customer5694@example.com,IN,2023-12-02,Standard,3253.76
5695,Customer 5695,customer5695@example.com,FR,2020-02-07,Premium,7172.72
5696,Customer 5696,customer5696@example.com,US,2019-11-20,Premium,9978.92
5697,Customer 5697,customer5697@example.com,UK,2023-07-07,Basic,9394.12
5698,Customer 5698,customer5698@example.com,UK,2018-03-01,Standard,9036.36
5699,Customer 5699,customer5699@example.com,US,2020-05-02,Premium,119.59
5700,Customer 5700,customer5700@example.com,US,2018-03-16,Basic,5238.07
5701,Customer 5701,customer5701@example.com,UK,2021-04-09,Basic,7171.74
5702,Customer 5702,customer5702@example.com,FR,2023-02-01,Premium,5978.06
5703,Customer 5703,customer5703@example.com,IN,2018-01-20,Premium,5209.96
5704,Customer 5704,customer5704@example.com,IN,2024-05-16,Premium,1301.05
5705,Customer 5705,customer5705@example.com,US,2022-07-22,Premium,329.11
5706,Customer 5706,customer5706@example.com,AU,2019-01-14,Standard,5720.40
5707,Customer 5707,customer5707@example.com,CA,2019-09-16,Premium,1474.75
5708,Customer 5708,customer5708@example.com,FR,2020-04-05,Standard,7447.43
5709,Customer 5709,customer5709@example.com,IN,2023-12-19,Basic,7294.88
5710,Customer 5710,customer5710@example.com,CA,2024-12-05,Premium,3943.23
5711,Customer 5711,customer5711@example.com,IN,2021-10-11,Standard,5478.93
5712,Customer 5712,customer5712@example.com,AU,2018-12-03,Basic,4310.05
5713,Customer 5713,customer5713@example.com,DE,2022-05-11,Premium,502.24
5714,Customer 5714,customer5714@example.com,US,2024-09-10,Basic,5198.99
5715,Customer 5715,customer5715@example.com,CA,2020-06-16,Premium,4402.16
5716,Customer 5716,customer5716@example.com,US,2020-09-27,Standard,916.57
5717,Customer 5717,customer5717@example.com,US,2023-11-14,Premium,3251.57
5718,Customer 5718,customer5718@example.com,CA,2024-10-10,Basic,6493.04
5719,Customer 5719,customer5719@example.com,CA,2020-11-27,Standard,5062.36
5720,Customer 5720,customer5720@example.com,AU,2024-06-06,Standard,1585.80
5721,Customer 5721,customer5721@example.com,US,2020-02-14,Basic,2671.76
5722,Customer 5722,customer5722@example.com,AU,2018-02-19,Premium,3693.89
5723,Customer 5723,customer5723@example.com,DE,2020-09-06,Standard,4187.44
5724,Customer 5724,customer5724@example.com,US,2023-01-03,Standard,3813.11
5725,Customer 5725,customer5725@example.com,IN,2024-10-23,Basic,2578.79
5726,Customer 5726,customer5726@example.com,IN,2021-01-24,Standard,4376.23
5727,Customer 5727,customer5727@example.com,UK,2018-08-08,Premium,679.75
5728,Customer 5728,customer5728@example.com,UK,2020-12-29,Basic,7238.08
5729,Customer 5729,customer5729@example.com,AU,2019-07-25,Basic,7722.91
5730,Customer 5730,customer5730@example.com,US,2023-09-08,Premium,9214.44
5731,Customer 5731,customer5731@example.com,CA,2020-06-30,Basic,4522.71
5732,Customer 5732,customer5732@example.com,AU,2021-03-29,Premium,1577.99
5733,Customer 5733,customer5733@example.com,FR,2019-07-31,Premium,5355.70
5734,Customer 5734,customer5734@example.com,IN,2018-10-14,Standard,2694.59
5735,Customer 5735,customer5735@example.com,DE,2019-07-11,Standard,2351.28
5736,Customer 5736,customer5736@example.com,DE,2020-02-29,Standard,3184.57
5737,Customer 5737,customer5737@example.com,UK,2021-11-11,Standard,272.23
5738,Customer 5738,customer5738@example.com,DE,2018-12-24,Premium,6235.57
5739,Customer 5739,customer5739@example.com,AU,2024-04-12,Premium,5561.44
5740,Customer 5740,customer5740@example.com,DE,2019-03-16,Basic,1250.33
5741,Customer 5741,customer5741@example.com,FR,2018-10-12,Basic,1849.22
5742,Customer 5742,customer5742@example.com,CA,2021-09-02,Standard,5688.16
5743,Customer 5743,customer5743@example.com,DE,2022-06-17,Premium,8845.36
5744,Customer 5744,customer5744@example.com,US,2023-03-19,Basic,1811.64
5745,Customer 5745,customer5745@example.com,US,2020-12-19,Standard,4143.15
5746,Customer 5746,customer5746@example.com,US,2018-12-16,Premium,5659.42
5747,Customer 5747,customer5747@example.com,IN,2019-08-11,Standard,957.99
5748,Customer 5748,customer5748@example.com,US,2019-12-21,Premium,9837.73
5749,Customer 5749,customer5749@example.com,UK,2024-05-14,Basic,9903.03
5750,Customer 5750,customer5750@example.com,CA,2022-10-16,Premium,3573.39
5751,Customer 5751,customer5751@example.com,UK,2018-05-01,Basic,9054.05
5752,Customer 5752,customer5752@example.com,IN,2022-03-13,Premium,5027.81
5753,Customer 5753,customer5753@example.com,FR,2022-11-18,Standard,2321.44
5754,Customer 5754,customer5754@example.com,AU,2020-11-25,Standard,3880.17
5755,Customer 5755,customer5755@example.com,US,2021-06-05,Basic,1859.27
5756,Customer 5756,customer5756@example.com,UK,2022-12-07,Standard,9877.00
5757,Customer 5757,customer5757@example.com,AU,2021-05-13,Standard,8269.65
5758,Customer 5758,customer5758@example.com,US,2019-03-15,Basic,972.31
5759,Customer 5759,customer5759@example.com,UK,2018-01-29,Standard,5042.28
5760,Customer 5760,customer5760@example.com,CA,2020-04-19,Basic,3160.36
5761,Customer 5761,customer5761@example.com,AU,2019-09-02,Standard,2425.30
5762,Customer 5762,customer5762@example.com,IN,2022-09-24,Premium,4962.57
5763,Customer 5763,customer5763@example.com,FR,2023-12-31,Premium,1715.50
5764,Customer 5764,customer5764@example.com,DE,2019-02-20,Basic,6825.95
5765,Customer 5765,customer5765@example.com,AU,2023-02-23,Basic,9531.87
5766,Customer 5766,customer5766@example.com,FR,2023-01-30,Premium,5142.94
5767,Customer 5767,customer5767@example.com,AU,2022-09-10,Basic,8111.47
5768,Customer 5768,customer5768@example.com,DE,2022-06-28,Premium,8573.66
5769,Customer 5769,customer5769@example.com,DE,2018-11-10,Basic,8805.28
5770,Customer 5770,customer5770@example.com,FR,2024-02-14,Standard,5155.30
5771,Customer 5771,customer5771@example.com,AU,2021-01-09,Basic,3005.17
5772,Customer 5772,customer5772@example.com,FR,2018-11-26,Basic,1680.47
5773,Customer 5773,customer5773@example.com,US,2020-04-30,Standard,248.94
5774,Customer 5774,customer5774@example.com,FR,2019-03-22,Basic,3102.75
5775,Customer 5775,customer5775@example.com,IN,2023-06-03,Standard,9738.19
5776,Customer 5776,customer5776@example.com,UK,2020-08-21,Standard,8654.53
5777,Customer 5777,customer5777@example.com,AU,2020-05-08,Standard,631.11
5778,Customer 5778,customer5778@example.com,CA,2022-09-14,Basic,7563.61
5779,Customer 5779,customer5779@example.com,IN,2019-09-17,Premium,1593.08
5780,Customer 5780,customer5780@example.com,DE,2022-11-08,Standard,6085.55
5781,Customer 5781,customer5781@example.com,AU,2021-12-30,Premium,3633.48
5782,Customer 5782,customer5782@example.com,IN,2019-12-06,Premium,9701.98
5783,Customer 5783,customer5783@example.com,CA,2021-02-06,Standard,6463.90
5784,Customer 5784,customer5784@example.com,US,2019-05-22,Premium,6738.75
5785,Customer 5785,customer5785@example.com,IN,2023-07-13,Premium,5512.35
5786,Customer 5786,customer5786@example.com,US,2023-12-16,Premium,4689.63
5787,Customer 5787,customer5787@example.com,US,2022-10-24,Premium,3136.56
5788,Customer 5788,customer5788@example.com,DE,2024-07-31,Standard,5054.38
5789,Customer 5789,customer5789@example.com,AU,2023-08-22,Premium,7267.75
5790,Customer 5790,customer5790@example.com,IN,2023-10-18,Standard,5908.20
5791,Customer 5791,customer5791@example.com,FR,2024-01-08,Premium,9931.42
5792,Customer 5792,customer5792@example.com,FR,2020-11-29,Premium,3538.44
5793,Customer 5793,customer5793@example.com,US,2019-02-17,Premium,1899.27
5794,Customer 5794,customer5794@example.com,UK,2022-02-28,Standard,2041.13
5795,Customer 5795,customer5795@example.com,CA,2021-02-16,Premium,8041.26
5796,Customer 5796,customer5796@example.com,UK,2020-10-09,Premium,1272.79
5797,Customer 5797,customer5797@example.com,FR,2018-07-28,Standard,6151.88
5798,Customer 5798,customer5798@example.com,IN,2022-10-03,Premium,8255.58
5799,Customer 5799,customer5799@example.com,UK,2023-07-28,Premium,1094.75
5800,Customer 5800,customer5800@example.com,CA,2023-09-01,Standard,623.43
5801,Customer 5801,customer5801@example.com,US,2020-04-09,Premium,718.57
5802,Customer 5802,customer5802@example.com,CA,2020-04-05,Premium,5987.28
5803,Customer 5803,customer5803@example.com,IN,2024-08-22,Basic,6083.47
5804,Customer 5804,customer5804@example.com,US,2018-11-25,Premium,8095.12
5805,Customer 5805,customer5805@example.com,US,2018-02-24,Premium,3048.36
5806,Customer 5806,customer5806@example.com,FR,2019-04-24,Premium,1158.68
5807,Customer 5807,customer5807@example.com,CA,2023-07-27,Basic,1079.12
5808,Customer 5808,customer5808@example.com,AU,2023-03-27,Basic,5592.28
5809,Customer 5809,customer5809@example.com,US,2019-03-06,Basic,7600.94
5810,Customer 5810,customer5810@example.com,UK,2021-12-24,Basic,7181.36
5811,Customer 5811,customer5811@example.com,AU,2018-07-28,Basic,5122.53
5812,Customer 5812,customer5812@example.com,US,2024-07-11,Basic,2920.46
5813,Customer 5813,customer5813@example.com,CA,2023-03-27,Basic,3353.70
5814,Customer 5814,customer5814@example.com,DE,2018-02-08,Basic,1292.76
5815,Customer 5815,customer5815@example.com,UK,2022-11-28,Standard,2312.22
5816,Customer 5816,customer5816@example.com,IN,2019-11-10,Basic,1281.86
5817,Customer 5817,customer5817@example.com,FR,2019-11-13,Basic,5332.00
5818,Customer 5818,customer5818@example.com,AU,2022-12-23,Basic,7472.31
5819,Customer 5819,customer5819@example.com,FR,2019-07-18,Standard,6027.57
5820,Customer 5820,customer5820@example.com,US,2020-07-17,Standard,1208.32
5821,Customer 5821,customer5821@example.com,FR,2019-03-10,Standard,372.15
5822,Customer 5822,customer5822@example.com,CA,2023-09-29,Premium,7814.05
5823,Customer 5823,customer5823@example.com,FR,2019-09-26,Premium,8948.20
5824,Customer 5824,customer5824@example.com,CA,2024-09-06,Basic,6374.06
5825,Customer 5825,customer5825@example.com,FR,2020-10-26,Standard,4955.06
5826,Customer 5826,customer5826@example.com,US,2024-01-03,Premium,4903.13
5827,Customer 5827,customer5827@example.com,AU,2020-07-17,Premium,4529.35
5828,Customer 5828,customer5828@example.com,FR,2024-04-11,Premium,9006.74
5829,Customer 5829,customer5829@example.com,US,2020-01-16,Standard,5515.60
5830,Customer 5830,customer5830@example.com,CA,2024-02-27,Standard,7865.34
5831,Customer 5831,customer5831@example.com,FR,2023-08-13,Premium,245.83
5832,Customer 5832,customer5832@example.com,CA,2020-11-18,Basic,8694.45
5833,Customer 5833,customer5833@example.com,UK,2019-07-07,Premium,8775.76
5834,Customer 5834,customer5834@example.com,UK,2019-10-27,Premium,3967.96
5835,Customer 5835,customer5835@example.com,US,2022-04-24,Basic,6722.01
5836,Customer 5836,customer5836@example.com,FR,2024-03-08,Standard,8484.47
5837,Customer 5837,customer5837@example.com,DE,2022-06-20,Basic,4774.38
5838,Customer 5838,customer5838@example.com,FR,2022-12-18,Basic,6858.13
5839,Customer 5839,customer5839@example.com,US,2022-11-25,Basic,6931.93
5840,Customer 5840,customer5840@example.com,UK,2024-06-25,Standard,7000.12
5841,Customer 5841,customer5841@example.com,UK,2019-01-02,Standard,643.70
5842,Customer 5842,customer5842@example.com,US,2022-07-24,Standard,8252.17
5843,Customer 5843,customer5843@example.com,FR,2018-10-25,Premium,4855.39
5844,Customer 5844,customer5844@example.com,US,2020-06-10,Premium,3703.39
5845,Customer 5845,customer5845@example.com,AU,2023-11-11,Standard,8938.60
5846,Customer 5846,customer5846@example.com,UK,2021-03-01,Premium,7057.88
5847,Customer 5847,customer5847@example.com,CA,2019-04-06,Basic,5428.12
5848,Customer 5848,customer5848@example.com,UK,2024-06-25,Premium,2956.73
5849,Customer 5849,customer5849@example.com,AU,2021-04-14,Basic,752.99
5850,Customer 5850,customer5850@example.com,US,2018-02-11,Standard,9137.46
5851,Customer 5851,customer5851@example.com,CA,2022-10-08,Basic,8112.75
5852,Customer 5852,customer5852@example.com,US,2018-03-05,Standard,8595.70
5853,Customer 5853,customer5853@example.com,US,2019-08-27,Premium,3746.18
5854,Customer 5854,,US,2022-03-25,Standard,7224.98
5855,Customer 5855,customer5855@example.com,AU,2024-03-03,Standard,7013.03
5856,Customer 5856,customer5856@example.com,FR,2020-09-30,Premium,6710.69
5857,Customer 5857,customer5857@example.com,IN,2021-09-13,Premium,3167.60
5858,Customer 5858,customer5858@example.com,US,2019-01-18,Premium,3325.93
5859,Customer 5859,customer5859@example.com,AU,2019-05-01,Standard,9129.63
5860,Customer 5860,customer5860@example.com,FR,2020-11-29,Premium,4956.78
5861,Customer 5861,customer5861@example.com,AU,2024-07-25,Standard,8569.68
5862,Customer 5862,customer5862@example.com,US,2021-08-03,Standard,2543.14
5863,Customer 5863,customer5863@example.com,DE,2021-08-07,Basic,7672.69
5864,Customer 5864,customer5864@example.com,AU,2019-04-01,Premium,5505.49
5865,Customer 5865,customer5865@example.com,US,2023-01-14,Standard,3362.21
5866,Customer 5866,customer5866@example.com,US,2019-07-03,Premium,5963.53
5867,Customer 5867,customer5867@example.com,AU,2024-04-24,Standard,5116.23
5868,Customer 5868,customer5868@example.com,DE,2022-01-23,Standard,1632.17
5869,Customer 5869,customer5869@example.com,AU,2018-07-06,Basic,8139.77
5870,Customer 5870,customer5870@example.com,FR,2019-10-21,Premium,7370.08
5871,Customer 5871,customer5871@example.com,US,2019-09-21,Standard,7889.00
5872,Customer 5872,customer5872@example.com,FR,2022-02-23,Standard,4286.23
5873,Customer 5873,customer5873@example.com,FR,2023-04-04,Premium,463.12
5874,Customer 5874,customer5874@example.com,US,2022-12-14,Premium,370.43
5875,Customer 5875,customer5875@example.com,UK,2018-09-08,Basic,4692.07
5876,Customer 5876,customer5876@example.com,DE,2022-04-23,Standard,7571.52
5877,Customer 5877,customer5877@example.com,FR,2023-12-18,Basic,7551.12
5878,Customer 5878,customer5878@example.com,FR,2018-09-08,Premium,1067.26
5879,Customer 5879,customer5879@example.com,DE,2021-06-11,Premium,5347.76
5880,Customer 5880,customer5880@example.com,AU,2020-01-31,Standard,3035.42
5881,Customer 5881,customer5881@example.com,US,2021-05-20,Basic,8482.09
5882,Customer 5882,customer5882@example.com,CA,2023-02-24,Basic,1892.57
5883,Customer 5883,customer5883@example.com,US,2019-10-26,Basic,1810.31
5884,Customer 5884,customer5884@example.com,DE,2022-06-04,Basic,5327.97
5885,Customer 5885,customer5885@example.com,UK,2023-01-21,Premium,5594.51
5886,Customer 5886,customer5886@example.com,AU,2021-05-14,Premium,4542.08
5887,Customer 5887,customer5887@example.com,FR,2020-10-23,Premium,201.83
5888,Customer 5888,customer5888@example.com,CA,2022-03-26,Basic,2148.06
5889,Customer 5889,customer5889@example.com,FR,2018-10-04,Basic,2144.62
5890,Customer 5890,customer5890@example.com,DE,2020-05-02,Basic,5530.05
5891,Customer 5891,customer5891@example.com,FR,2023-05-04,Standard,6947.12
5892,Customer 5892,customer5892@example.com,DE,2024-10-08,Premium,2257.09
5893,Customer 5893,customer5893@example.com,IN,2022-11-02,Basic,5089.10
5894,Customer 5894,customer5894@example.com,FR,2024-10-23,Premium,4123.73
5895,Customer 5895,customer5895@example.com,CA,2018-05-04,Standard,5218.42
5896,Customer 5896,customer5896@example.com,IN,2022-05-31,Basic,6826.29
5897,Customer 5897,customer5897@example.com,UK,2018-08-24,Basic,3412.63
5898,Customer 5898,customer5898@example.com,DE,2020-08-21,Standard,159.66
5899,Customer 5899,customer5899@example.com,AU,2018-04-15,Basic,5295.78
5900,Customer 5900,customer5900@example.com,AU,2024-10-09,Premium,4795.23
5901,Customer 5901,customer5901@example.com,IN,2022-09-09,Basic,929.70
5902,Customer 5902,customer5902@example.com,DE,2024-09-07,Standard,4347.74
5903,Customer 5903,customer5903@example.com,DE,2018-02-06,Standard,1999.34
5904,Customer 5904,customer5904@example.com,CA,2021-08-10,Standard,4557.30
5905,Customer 5905,customer5905@example.com,CA,2023-04-25,Basic,5994.25
5906,Customer 5906,customer5906@example.com,FR,2023-08-10,Basic,3456.11
5907,Customer 5907,customer5907@example.com,DE,2019-10-13,Standard,8520.33
5908,Customer 5908,customer5908@example.com,IN,2018-04-24,Premium,8328.62
5909,Customer 5909,customer5909@example.com,IN,2020-11-29,Premium,8466.27
5910,Customer 5910,customer5910@example.com,FR,2020-05-10,Standard,7520.83
5911,Customer 5911,customer5911@example.com,UK,2023-02-09,Basic,2141.80
5912,Customer 5912,customer5912@example.com,US,2019-12-23,Premium,9442.56
5913,Customer 5913,customer5913@example.com,UK,2023-05-29,Premium,1153.53
5914,Customer 5914,customer5914@example.com,US,2023-03-19,Standard,6547.36
5915,Customer 5915,customer5915@example.com,FR,2022-10-11,Basic,1294.85
5916,Customer 5916,customer5916@example.com,FR,2019-03-13,Standard,1727.38
5917,Customer 5917,customer5917@example.com,AU,2021-04-21,Premium,6206.20
5918,Customer 5918,customer5918@example.com,IN,2022-03-04,Premium,2960.61
5919,Customer 5919,customer5919@example.com,AU,2024-03-12,Standard,5813.53
5920,Customer 5920,customer5920@example.com,UK,2018-05-13,Standard,1839.64
5921,Customer 5921,customer5921@example.com,US,2022-10-07,Basic,177.85
5922,Customer 5922,customer5922@example.com,IN,2020-01-04,Premium,392.92
5923,Customer 5923,customer5923@example.com,UK,2022-08-20,Basic,7967.66
5924,Customer 5924,customer5924@example.com,US,2019-01-27,Standard,1925.41
5925,Customer 5925,customer5925@example.com,FR,2021-01-05,Standard,8305.37
5926,Customer 5926,customer5926@example.com,US,2022-09-26,Basic,350.21
5927,Customer 5927,customer5927@example.com,US,2023-01-20,Standard,8847.03
5928,Customer 5928,customer5928@example.com,AU,2018-03-21,Premium,8081.61
5929,Customer 5929,customer5929@example.com,US,2022-06-27,Premium,4511.92
5930,Customer 5930,customer5930@example.com,AU,2018-06-11,Standard,6883.98
5931,Customer 5931,customer5931@example.com,US,2021-04-07,Basic,2063.02
5932,Customer 5932,customer5932@example.com,UK,2022-08-20,Standard,1917.04
5933,Customer 5933,customer5933@example.com,DE,2022-03-24,Basic,2316.38
5934,Customer 5934,customer5934@example.com,US,2022-12-10,Premium,5675.69
5935,Customer 5935,customer5935@example.com,AU,2022-12-22,Standard,9790.99
5936,Customer 5936,customer5936@example.com,IN,2018-01-22,Basic,2300.69
5937,Customer 5937,customer5937@example.com,IN,2018-05-14,Basic,4037.22
5938,Customer 5938,customer5938@example.com,DE,2020-12-01,Premium,1647.11
5939,Customer 5939,customer5939@example.com,DE,2024-11-27,Basic,6166.21
5940,Customer 5940,customer5940@example.com,IN,2021-08-24,Premium,7018.92
5941,Customer 5941,customer5941@example.com,UK,2024-10-12,Premium,1359.48
5942,Customer 5942,customer5942@example.com,CA,2019-10-10,Standard,1883.81
5943,Customer 5943,customer5943@example.com,AU,2018-12-23,Premium,8958.60
5944,Customer 5944,customer5944@example.com,US,2022-05-07,Premium,3545.81
5945,Customer 5945,customer5945@example.com,US,2021-05-07,Basic,8189.33
5946,Customer 5946,customer5946@example.com,US,2019-05-29,Standard,7213.41
5947,Customer 5947,customer5947@example.com,FR,2022-06-07,Basic,3378.16
5948,Customer 5948,customer5948@example.com,UK,2023-02-02,Premium,5574.35
5949,Customer 5949,customer5949@example.com,DE,2021-12-28,Premium,5922.31
5950,Customer 5950,customer5950@example.com,DE,2024-12-28,Basic,6303.36
5951,Customer 5951,customer5951@example.com,DE,2018-04-06,Standard,7255.58
5952,Customer 5952,customer5952@example.com,IN,2024-02-15,Standard,3083.39
5953,Customer 5953,customer5953@example.com,US,2022-09-11,Basic,5002.10
5954,Customer 5954,customer5954@example.com,DE,2022-08-18,Premium,1779.50
5955,Customer 5955,customer5955@example.com,IN,2018-02-11,Basic,7177.20
5956,Customer 5956,customer5956@example.com,US,2024-05-03,Premium,5990.72
5957,Customer 5957,customer5957@example.com,UK,2020-02-02,Premium,9050.77
5958,Customer 5958,customer5958@example.com,AU,2021-05-10,Premium,6235.00
5959,Customer 5959,customer5959@example.com,DE,2020-11-27,Basic,5766.98
5960,Customer 5960,customer5960@example.com,US,2024-07-23,Premium,1816.19
5961,Customer 5961,customer5961@example.com,UK,2021-11-28,Premium,2547.94
5962,Customer 5962,customer5962@example.com,UK,2018-01-27,Premium,2522.32
5963,Customer 5963,customer5963@example.com,US,2018-06-16,Premium,8114.92
5964,Customer 5964,customer5964@example.com,CA,2021-09-19,Standard,8549.72
5965,Customer 5965,customer5965@example.com,US,2019-04-10,Basic,8858.89
5966,Customer 5966,customer5966@example.com,UK,2021-10-14,Standard,3352.75
5967,Customer 5967,customer5967@example.com,CA,2018-05-17,Premium,8567.63
5968,Customer 5968,customer5968@example.com,IN,2023-08-28,Basic,8104.51
5969,Customer 5969,customer5969@example.com,DE,2020-05-02,Basic,2017.05
5970,Customer 5970,customer5970@example.com,AU,2020-10-02,Premium,8763.96
5971,Customer 5971,customer5971@example.com,DE,2020-10-05,Standard,9199.45
5972,Customer 5972,customer5972@example.com,IN,2022-10-14,Premium,171.70
5973,Customer 5973,customer5973@example.com,IN,2018-04-20,Standard,5686.87
5974,Customer 5974,customer5974@example.com,CA,2024-01-15,Basic,2381.87
5975,Customer 5975,customer5975@example.com,UK,2021-01-08,Standard,995.61
5976,Customer 5976,customer5976@example.com,IN,2018-08-24,Standard,7822.75
5977,Customer 5977,customer5977@example.com,AU,2024-09-17,Standard,3199.26
5978,Customer 5978,customer5978@example.com,AU,2024-11-10,Basic,6186.40
5979,Customer 5979,customer5979@example.com,US,2019-04-28,Premium,2503.00
5980,Customer 5980,customer5980@example.com,FR,2022-07-03,Premium,845.01
5981,Customer 5981,customer5981@example.com,FR,2021-06-19,Basic,3779.78
5982,Customer 5982,customer5982@example.com,UK,2018-09-26,Premium,3900.91
5983,Customer 5983,customer5983@example.com,IN,2021-01-03,Basic,1019.78
5984,Customer 5984,customer5984@example.com,UK,2023-01-10,Standard,6259.13
5985,Customer 5985,customer5985@example.com,AU,2019-02-05,Basic,1411.15
5986,Customer 5986,customer5986@example.com,FR,2023-01-03,Premium,7059.61
5987,Customer 5987,customer5987@example.com,US,2023-05-27,Standard,2397.98
5988,Customer 5988,customer5988@example.com,FR,2019-06-09,Standard,8564.21
5989,Customer 5989,customer5989@example.com,DE,2023-04-24,Standard,1596.33
5990,Customer 5990,customer5990@example.com,AU,2023-09-15,Basic,9186.31
5991,Customer 5991,customer5991@example.com,DE,2022-04-19,Premium,8983.26
5992,Customer 5992,customer5992@example.com,UK,2018-04-15,Basic,4314.66
5993,Customer 5993,customer5993@example.com,FR,2020-07-25,Premium,144.64
5994,Customer 5994,customer5994@example.com,IN,2019-10-11,Basic,7444.08
5995,Customer 5995,customer5995@example.com,IN,2021-01-05,Standard,8758.14
5996,Customer 5996,customer5996@example.com,DE,2018-09-08,Premium,1745.53
5997,Customer 5997,customer5997@example.com,US,2018-09-15,Standard,6941.72
5998,Customer 5998,customer5998@example.com,AU,2021-09-21,Standard,198.34
5999,Customer 5999,customer5999@example.com,US,2021-01-14,Premium,7225.97
6000,Customer 6000,customer6000@example.com,UK,2019-02-16,Basic,6434.49
6001,Customer 6001,customer6001@example.com,DE,2020-08-31,Basic,8429.03
6002,Customer 6002,customer6002@example.com,IN,2022-12-14,Standard,9181.52
6003,Customer 6003,customer6003@example.com,FR,2019-07-27,Standard,4714.76
6004,Customer 6004,customer6004@example.com,UK,2022-03-14,Basic,7438.37
6005,Customer 6005,customer6005@example.com,AU,2019-06-22,Premium,9710.40
6006,Customer 6006,customer6006@example.com,IN,2024-02-12,Premium,7111.14
6007,Customer 6007,customer6007@example.com,DE,2021-08-09,Basic,9324.53
6008,Customer 6008,customer6008@example.com,AU,2019-03-25,Basic,1885.29
6009,Customer 6009,customer6009@example.com,US,2021-05-24,Basic,4882.71
6010,Customer 6010,customer6010@example.com,US,2022-11-03,Standard,6377.07
6011,Customer 6011,customer6011@example.com,AU,2024-06-11,Premium,9620.26
6012,Customer 6012,customer6012@example.com,UK,2019-11-28,Basic,5936.72
6013,Customer 6013,customer6013@example.com,IN,2022-10-28,Standard,1043.22
6014,Customer 6014,customer6014@example.com,AU,2024-12-04,Premium,1742.70
6015,Customer 6015,customer6015@example.com,FR,2024-02-02,Basic,2969.38
6016,Customer 6016,customer6016@example.com,FR,2021-01-31,Premium,8845.86
6017,Customer 6017,,DE,2023-08-25,Standard,7378.88
6018,Customer 6018,customer6018@example.com,IN,2020-02-26,Basic,5460.71
6019,Customer 6019,customer6019@example.com,AU,2021-08-06,Basic,4428.71
6020,Customer 6020,customer6020@example.com,AU,2023-05-12,Premium,4104.85
6021,Customer 6021,customer6021@example.com,UK,2018-03-15,Basic,5128.36
6022,Customer 6022,customer6022@example.com,FR,2023-05-30,Premium,6618.78
6023,Customer 6023,customer6023@example.com,AU,2019-11-21,Standard,3120.92
6024,Customer 6024,customer6024@example.com,UK,2021-07-30,Basic,3795.00
6025,Customer 6025,customer6025@example.com,AU,2024-07-26,Standard,1770.85
6026,Customer 6026,customer6026@example.com,UK,2019-12-09,Premium,8708.81
6027,Customer 6027,customer6027@example.com,US,2019-03-12,Basic,1915.18
6028,Customer 6028,customer6028@example.com,CA,2022-07-20,Premium,7593.64
6029,Customer 6029,customer6029@example.com,DE,2023-01-06,Premium,5569.46
6030,Customer 6030,customer6030@example.com,UK,2024-08-09,Standard,8820.04
6031,Customer 6031,customer6031@example.com,CA,2018-02-22,Premium,8525.71
6032,Customer 6032,customer6032@example.com,UK,2019-10-28,Premium,9228.38
6033,Customer 6033,customer6033@example.com,US,2021-03-23,Basic,5776.64
6034,Customer 6034,customer6034@example.com,IN,2018-02-16,Premium,6094.30
6035,Customer 6035,customer6035@example.com,CA,2022-09-07,Standard,1785.39
6036,Customer 6036,customer6036@example.com,CA,2022-12-22,Premium,1430.35
6037,Customer 6037,customer6037@example.com,FR,2018-01-02,Standard,9193.75
6038,Customer 6038,customer6038@example.com,DE,2018-08-04,Basic,3676.93
6039,Customer 6039,customer6039@example.com,UK,2020-01-29,Premium,4824.42
6040,Customer 6040,customer6040@example.com,DE,2018-06-11,Premium,7200.05
6041,Customer 6041,customer6041@example.com,IN,2018-11-03,Premium,7399.51
6042,Customer 6042,customer6042@example.com,US,2024-06-12,Premium,2531.54
6043,Customer 6043,customer6043@example.com,AU,2020-04-02,Basic,6229.95
6044,Customer 6044,customer6044@example.com,UK,2019-10-19,Standard,8379.90
6045,Customer 6045,customer6045@example.com,US,2018-12-22,Basic,2299.71
6046,Customer 6046,customer6046@example.com,AU,2018-01-24,Basic,563.09
6047,Customer 6047,customer6047@example.com,US,2023-12-07,Premium,4667.90
6048,Customer 6048,customer6048@example.com,CA,2018-06-02,Standard,4059.75
6049,Customer 6049,customer6049@example.com,FR,2019-03-31,Basic,7508.79
6050,Customer 6050,customer6050@example.com,AU,2018-08-13,Standard,9758.60
6051,Customer 6051,customer6051@example.com,AU,2019-06-16,Standard,2885.66
6052,Customer 6052,customer6052@example.com,CA,2023-11-24,Basic,9399.99
6053,Customer 6053,customer6053@example.com,US,2018-03-02,Basic,3323.09
6054,Customer 6054,customer6054@example.com,FR,2019-12-12,Premium,2786.63
6055,Customer 6055,customer6055@example.com,US,2022-12-27,Standard,6624.44
6056,Customer 6056,customer6056@example.com,AU,2020-07-02,Basic,1202.11
6057,Customer 6057,customer6057@example.com,AU,2020-03-22,Standard,1235.20
6058,Customer 6058,customer6058@example.com,CA,2024-12-03,Standard,2902.83
6059,Customer 6059,customer6059@example.com,US,2022-11-18,Standard,1458.45
6060,Customer 6060,customer6060@example.com,UK,2019-02-11,Standard,3554.76
6061,Customer 6061,customer6061@example.com,AU,2021-03-24,Premium,9162.39
6062,Customer 6062,customer6062@example.com,UK,2023-02-27,Premium,4692.83
6063,Customer 6063,customer6063@example.com,CA,2022-05-10,Basic,3683.92
6064,Customer 6064,customer6064@example.com,FR,2018-05-10,Standard,8600.67
6065,Customer 6065,customer6065@example.com,UK,2020-10-25,Basic,2993.94
6066,Customer 6066,customer6066@example.com,IN,2018-07-04,Standard,8812.00
6067,Customer 6067,customer6067@example.com,AU,2018-10-12,Standard,3345.16
6068,Customer 6068,customer6068@example.com,DE,2019-02-14,Basic,5549.74
6069,Customer 6069,customer6069@example.com,US,2018-12-21,Standard,6235.25
6070,Customer 6070,customer6070@example.com,IN,2020-02-13,Premium,3067.82
6071,Customer 6071,customer6071@example.com,UK,2018-06-18,Premium,2941.61
6072,Customer 6072,customer6072@example.com,UK,2022-12-29,Standard,2739.43
6073,Customer 6073,customer6073@example.com,DE,2018-11-15,Standard,1765.36
6074,Customer 6074,customer6074@example.com,DE,2021-11-15,Standard,7830.96
6075,Customer 6075,customer6075@example.com,AU,2020-03-15,Basic,8256.76
6076,Customer 6076,customer6076@example.com,IN,2020-11-12,Standard,5745.70
6077,Customer 6077,customer6077@example.com,US,2019-11-09,Standard,8754.05
6078,Customer 6078,customer6078@example.com,AU,2024-01-05,Standard,7479.04
6079,Customer 6079,customer6079@example.com,FR,2019-07-15,Standard,5638.18
6080,Customer 6080,customer6080@example.com,US,2021-02-24,Basic,4729.34
6081,Customer 6081,customer6081@example.com,UK,2023-10-14,Standard,7366.03
6082,Customer 6082,customer6082@example.com,DE,2018-09-16,Basic,219.67
6083,Customer 6083,customer6083@example.com,US,2024-09-05,Standard,2348.65
6084,Customer 6084,customer6084@example.com,AU,2021-10-13,Basic,8867.80
6085,Customer 6085,customer6085@example.com,FR,2021-01-02,Premium,1004.57
6086,Customer 6086,customer6086@example.com,CA,2021-02-14,Premium,3280.74
6087,Customer 6087,customer6087@example.com,IN,2024-10-07,Premium,8368.77
6088,Customer 6088,customer6088@example.com,US,2024-07-10,Premium,4821.86
6089,Customer 6089,,US,2020-12-08,Basic,4330.68
6090,Customer 6090,customer6090@example.com,DE,2023-06-25,Basic,6387.40
6091,Customer 6091,customer6091@example.com,CA,2019-01-20,Standard,2299.08
6092,Customer 6092,customer6092@example.com,IN,2023-11-11,Standard,2830.49
6093,Customer 6093,customer6093@example.com,FR,2018-07-29,Standard,7304.64
6094,Customer 6094,customer6094@example.com,US,2024-01-30,Standard,8448.09
6095,Customer 6095,customer6095@example.com,AU,2021-12-10,Standard,2638.43
6096,Customer 6096,customer6096@example.com,FR,2023-03-30,Premium,6826.42
6097,Customer 6097,customer6097@example.com,FR,2020-08-15,Standard,5579.18
6098,Customer 6098,customer6098@example.com,AU,2018-10-03,Standard,6625.30
6099,Customer 6099,customer6099@example.com,CA,2018-12-23,Basic,3790.39
6100,Customer 6100,customer6100@example.com,IN,2024-10-30,Basic,432.22
6101,Customer 6101,customer6101@example.com,US,2019-09-03,Standard,4806.24
6102,Customer 6102,customer6102@example.com,CA,2019-11-15,Basic,8446.92
6103,Customer 6103,customer6103@example.com,US,2023-10-19,Standard,3411.76
6104,Customer 6104,customer6104@example.com,CA,2023-02-05,Basic,8428.45
6105,Customer 6105,customer6105@example.com,IN,2022-04-27,Premium,2971.55
6106,Customer 6106,customer6106@example.com,UK,2022-01-28,Standard,7553.70
6107,Customer 6107,customer6107@example.com,FR,2018-05-17,Standard,9004.31
6108,Customer 6108,customer6108@example.com,UK,2020-10-12,Standard,2743.39
6109,Customer 6109,customer6109@example.com,FR,2024-08-22,Basic,2531.91
6110,Customer 6110,customer6110@example.com,US,2022-06-12,Standard,6481.66
6111,Customer 6111,customer6111@example.com,CA,2020-05-14,Premium,8192.49
6112,Customer 6112,customer6112@example.com,FR,2019-05-08,Basic,9336.86
6113,Customer 6113,customer6113@example.com,UK,2020-01-22,Standard,4162.09
6114,Customer 6114,customer6114@example.com,AU,2023-05-02,Basic,6459.49
6115,Customer 6115,customer6115@example.com,AU,2018-11-29,Basic,259.83
6116,Customer 6116,customer6116@example.com,IN,2023-01-26,Basic,6505.72
6117,Customer 6117,customer6117@example.com,FR,2021-09-09,Premium,5073.58
6118,Customer 6118,customer6118@example.com,DE,2024-09-14,Premium,3933.39
6119,Customer 6119,customer6119@example.com,AU,2020-04-20,Basic,4205.63
6120,Customer 6120,customer6120@example.com,DE,2019-11-24,Basic,5198.87
6121,Customer 6121,customer6121@example.com,IN,2023-08-26,Standard,9875.37
6122,Customer 6122,customer6122@example.com,US,2021-07-13,Basic,3294.26
6123,Customer 6123,customer6123@example.com,US,2021-05-24,Basic,1466.70
6124,Customer 6124,customer6124@example.com,AU,2019-04-29,Basic,4608.57
6125,Customer 6125,customer6125@example.com,DE,2024-04-16,Standard,7673.44
6126,Customer 6126,customer6126@example.com,AU,2018-11-15,Basic,8656.75
6127,Customer 6127,customer6127@example.com,CA,2022-12-19,Premium,4130.64
6128,Customer 6128,customer6128@example.com,UK,2020-02-05,Premium,7649.11
6129,Customer 6129,customer6129@example.com,FR,2019-10-30,Basic,9316.23
6130,Customer 6130,customer6130@example.com,CA,2018-03-02,Standard,1997.41
6131,Customer 6131,customer6131@example.com,AU,2024-07-04,Basic,1855.38
6132,Customer 6132,customer6132@example.com,AU,2023-09-16,Basic,892.91
6133,Customer 6133,customer6133@example.com,IN,2024-01-07,Premium,4956.33
6134,Customer 6134,customer6134@example.com,IN,2019-09-23,Standard,7054.04
6135,Customer 6135,customer6135@example.com,AU,2020-04-15,Premium,4690.14
6136,Customer 6136,customer6136@example.com,FR,2018-01-25,Basic,4286.60
6137,Customer 6137,customer6137@example.com,AU,2021-06-15,Basic,2697.90
6138,Customer 6138,customer6138@example.com,FR,2024-08-02,Standard,1661.58
6139,Customer 6139,customer6139@example.com,UK,2024-08-19,Basic,6900.94
6140,Customer 6140,customer6140@example.com,CA,2020-08-18,Premium,6778.26
6141,Customer 6141,customer6141@example.com,UK,2021-08-31,Standard,6902.17
6142,Customer 6142,customer6142@example.com,CA,2024-09-29,Basic,290.85
6143,Customer 6143,customer6143@example.com,DE,2022-01-09,Basic,6143.91
6144,Customer 6144,customer6144@example.com,FR,2023-01-16,Premium,9939.45
6145,Customer 6145,customer6145@example.com,IN,2020-01-06,Premium,6207.61
6146,Customer 6146,customer6146@example.com,AU,2024-01-16,Standard,1979.52
6147,Customer 6147,customer6147@example.com,DE,2020-11-24,Basic,5351.97
6148,Customer 6148,customer6148@example.com,DE,2020-08-08,Basic,9133.38
6149,Customer 6149,customer6149@example.com,CA,2021-02-12,Basic,7884.86
6150,Customer 6150,customer6150@example.com,AU,2018-08-11,Basic,1552.31
6151,Customer 6151,customer6151@example.com,AU,2018-11-05,Standard,7274.32
6152,Customer 6152,customer6152@example.com,US,2022-08-24,Standard,5069.78
6153,Customer 6153,customer6153@example.com,US,2022-05-02,Basic,3831.36
6154,Customer 6154,customer6154@example.com,CA,2021-01-15,Basic,2295.76
6155,Customer 6155,customer6155@example.com,US,2021-11-08,Basic,5324.27
6156,Customer 6156,customer6156@example.com,AU,2018-08-01,Premium,3858.18
6157,Customer 6157,customer6157@example.com,AU,2020-10-31,Basic,9217.98
6158,Customer 6158,customer6158@example.com,CA,2019-08-05,Basic,5158.92
6159,Customer 6159,customer6159@example.com,DE,2018-01-07,Premium,9400.88
6160,Customer 6160,customer6160@example.com,AU,2018-07-09,Premium,4811.94
6161,Customer 6161,customer6161@example.com,IN,2019-10-02,Standard,6345.03
6162,Customer 6162,customer6162@example.com,US,2023-01-02,Premium,2115.51
6163,Customer 6163,customer6163@example.com,IN,2024-01-19,Premium,5224.06
6164,Customer 6164,customer6164@example.com,AU,2018-09-26,Standard,1677.41
6165,Customer 6165,customer6165@example.com,UK,2023-12-06,Premium,6046.32
6166,Customer 6166,customer6166@example.com,FR,2024-03-03,Premium,6547.69
6167,Customer 6167,customer6167@example.com,AU,2021-04-27,Standard,8440.23
6168,Customer 6168,customer6168@example.com,DE,2018-05-04,Basic,8521.52
6169,Customer 6169,customer6169@example.com,FR,2019-08-27,Basic,5125.66
6170,Customer 6170,customer6170@example.com,IN,2021-10-20,Basic,1920.12
6171,Customer 6171,customer6171@example.com,CA,2023-03-28,Basic,2828.54
6172,Customer 6172,customer6172@example.com,US,2022-09-13,Basic,121.60
6173,Customer 6173,customer6173@example.com,IN,2019-04-06,Basic,6038.42
6174,Customer 6174,customer6174@example.com,FR,2019-03-28,Premium,8018.11
6175,Customer 6175,customer6175@example.com,FR,2022-05-25,Premium,254.00
6176,Customer 6176,customer6176@example.com,US,2023-12-13,Premium,8422.65
6177,Customer 6177,customer6177@example.com,UK,2019-05-07,Standard,662.50
6178,Customer 6178,customer6178@example.com,AU,2019-12-19,Standard,2026.72
6179,Customer 6179,customer6179@example.com,DE,2021-02-23,Standard,2261.59
6180,Customer 6180,customer6180@example.com,AU,2024-09-02,Standard,6339.12
6181,Customer 6181,customer6181@example.com,UK,2020-11-02,Standard,9983.37
6182,Customer 6182,customer6182@example.com,CA,2023-06-08,Premium,904.11
6183,Customer 6183,customer6183@example.com,US,2021-04-24,Basic,9311.42
6184,Customer 6184,customer6184@example.com,UK,2021-05-06,Premium,6610.53
6185,Customer 6185,customer6185@example.com,DE,2020-05-30,Standard,6007.04
6186,Customer 6186,customer6186@example.com,IN,2019-01-04,Premium,9572.56
6187,Customer 6187,customer6187@example.com,FR,2022-01-31,Premium,188.65
6188,Customer 6188,customer6188@example.com,IN,2020-12-26,Basic,4568.36
6189,Customer 6189,customer6189@example.com,AU,2018-08-29,Premium,6139.44
6190,Customer 6190,customer6190@example.com,CA,2023-01-13,Premium,1405.41
6191,Customer 6191,customer6191@example.com,AU,2021-04-17,Premium,3816.78
6192,Customer 6192,customer6192@example.com,UK,2021-06-16,Premium,3584.11
6193,Customer 6193,customer6193@example.com,UK,2022-10-07,Standard,5062.20
6194,Customer 6194,customer6194@example.com,US,2023-12-23,Standard,7918.75
6195,Customer 6195,customer6195@example.com,AU,2021-02-14,Basic,261.06
6196,Customer 6196,customer6196@example.com,UK,2022-06-27,Basic,2792.57
6197,Customer 6197,customer6197@example.com,IN,2024-02-18,Premium,1276.68
6198,Customer 6198,customer6198@example.com,AU,2024-05-23,Standard,9980.97
6199,Customer 6199,customer6199@example.com,UK,2023-10-22,Standard,2836.81
6200,Customer 6200,customer6200@example.com,CA,2022-06-27,Standard,1607.47
6201,Customer 6201,customer6201@example.com,UK,2019-06-05,Premium,4336.09
6202,Customer 6202,customer6202@example.com,FR,2022-07-10,Standard,6082.76
6203,Customer 6203,customer6203@example.com,IN,2023-12-07,Standard,2908.67
6204,Customer 6204,customer6204@example.com,US,2019-06-14,Standard,5856.62
6205,Customer 6205,customer6205@example.com,IN,2023-06-08,Basic,9060.29
6206,Customer 6206,customer6206@example.com,UK,2018-07-26,Standard,1941.35
6207,Customer 6207,customer6207@example.com,IN,2022-05-04,Premium,1741.28
6208,Customer 6208,customer6208@example.com,FR,2024-04-27,Basic,1375.23
6209,Customer 6209,,FR,2022-09-04,Standard,819.45
6210,Customer 6210,customer6210@example.com,FR,2024-05-20,Basic,4141.00
6211,Customer 6211,customer6211@example.com,UK,2021-11-13,Standard,6141.70
6212,Customer 6212,customer6212@example.com,IN,2024-09-26,Basic,8229.10
6213,Customer 6213,customer6213@example.com,IN,2024-10-06,Basic,5526.80
6214,Customer 6214,customer6214@example.com,UK,2021-08-06,Basic,7374.56
6215,Customer 6215,customer6215@example.com,AU,2022-06-26,Basic,5196.20
6216,Customer 6216,customer6216@example.com,CA,2023-07-23,Standard,6148.06
6217,Customer 6217,customer6217@example.com,DE,2022-11-12,Premium,3080.97
6218,Customer 6218,customer6218@example.com,UK,2020-11-09,Basic,1809.40
6219,Customer 6219,customer6219@example.com,IN,2020-10-27,Basic,8149.67
6220,Customer 6220,customer6220@example.com,US,2021-09-02,Premium,6070.91
6221,Customer 6221,customer6221@example.com,CA,2020-02-16,Basic,937.91
6222,Customer 6222,customer6222@example.com,UK,2022-07-07,Premium,390.38
6223,Customer 6223,customer6223@example.com,US,2021-04-01,Standard,591.74
6224,Customer 6224,customer6224@example.com,CA,2023-03-26,Standard,1553.26
6225,Customer 6225,customer6225@example.com,IN,2018-10-03,Standard,7437.79
6226,Customer 6226,customer6226@example.com,CA,2020-07-18,Premium,8720.08
6227,Customer 6227,customer6227@example.com,CA,2024-04-29,Premium,2255.50
6228,Customer 6228,customer6228@example.com,US,2018-03-10,Premium,5214.20
6229,Customer 6229,customer6229@example.com,IN,2023-07-24,Standard,1607.83
6230,Customer 6230,customer6230@example.com,CA,2024-02-05,Standard,1410.71
6231,Customer 6231,customer6231@example.com,IN,2024-11-15,Basic,4404.31
6232,Customer 6232,customer6232@example.com,DE,2022-04-21,Standard,1681.71
6233,Customer 6233,customer6233@example.com,AU,2019-07-09,Standard,9095.05
6234,Customer 6234,customer6234@example.com,DE,2024-12-18,Basic,6524.75
6235,Customer 6235,customer6235@example.com,US,2023-10-26,Premium,2411.97
6236,Customer 6236,customer6236@example.com,AU,2020-08-08,Premium,5745.25
6237,Customer 6237,customer6237@example.com,FR,2022-10-14,Standard,6125.45
6238,Customer 6238,customer6238@example.com,AU,2019-02-24,Basic,9438.44
6239,Customer 6239,customer6239@example.com,IN,2024-12-16,Standard,1338.51
6240,Customer 6240,customer6240@example.com,IN,2024-02-12,Premium,6525.45
6241,Customer 6241,customer6241@example.com,AU,2022-02-24,Standard,5386.09
6242,Customer 6242,customer6242@example.com,US,2018-12-15,Standard,6622.93
6243,Customer 6243,customer6243@example.com,UK,2018-01-12,Standard,6195.30
6244,Customer 6244,customer6244@example.com,FR,2019-02-16,Basic,4363.07
6245,Customer 6245,customer6245@example.com,DE,2023-05-22,Premium,7601.19
6246,Customer 6246,customer6246@example.com,CA,2021-04-04,Premium,3165.24
6247,Customer 6247,customer6247@example.com,AU,2021-06-12,Standard,2650.51
6248,Customer 6248,customer6248@example.com,CA,2019-11-01,Standard,2332.83
6249,Customer 6249,customer6249@example.com,US,2020-03-06,Standard,6638.71
6250,Customer 6250,customer6250@example.com,DE,2022-07-16,Premium,226.05
6251,Customer 6251,customer6251@example.com,FR,2023-07-01,Standard,2044.85
6252,Customer 6252,customer6252@example.com,UK,2018-10-28,Standard,9906.74
6253,Customer 6253,customer6253@example.com,DE,2018-09-12,Premium,4248.53
6254,Customer 6254,customer6254@example.com,AU,2024-06-15,Basic,1875.45
6255,Customer 6255,customer6255@example.com,US,2019-08-24,Basic,3401.91
6256,Customer 6256,customer6256@example.com,IN,2024-07-19,Basic,7250.11
6257,Customer 6257,customer6257@example.com,IN,2020-03-23,Basic,4894.36
6258,Customer 6258,customer6258@example.com,UK,2023-02-26,Premium,1979.79
6259,Customer 6259,customer6259@example.com,CA,2020-01-24,Standard,8532.66
6260,Customer 6260,customer6260@example.com,DE,2021-01-31,Standard,2937.45
6261,Customer 6261,customer6261@example.com,IN,2018-01-01,Standard,4984.48
6262,Customer 6262,customer6262@example.com,US,2022-12-24,Basic,9591.81
6263,Customer 6263,customer6263@example.com,FR,2019-06-12,Premium,3220.61
6264,Customer 6264,customer6264@example.com,US,2018-01-22,Basic,8385.71
6265,Customer 6265,customer6265@example.com,FR,2021-08-09,Premium,7796.18
6266,Customer 6266,customer6266@example.com,IN,2018-10-20,Standard,6335.76
6267,Customer 6267,customer6267@example.com,CA,2024-04-01,Standard,989.30
6268,Customer 6268,customer6268@example.com,CA,2020-09-05,Basic,1747.94
6269,Customer 6269,customer6269@example.com,IN,2024-08-26,Standard,876.72
6270,Customer 6270,customer6270@example.com,DE,2022-04-20,Premium,9718.85
6271,Customer 6271,customer6271@example.com,US,2024-10-14,Premium,5627.61
6272,Customer 6272,customer6272@example.com,DE,2023-09-16,Premium,3508.70
6273,Customer 6273,customer6273@example.com,IN,2018-11-20,Basic,7392.40
6274,Customer 6274,customer6274@example.com,US,2021-08-07,Standard,2679.66
6275,Customer 6275,customer6275@example.com,CA,2024-12-11,Standard,6723.86
6276,Customer 6276,customer6276@example.com,UK,2024-10-02,Basic,1258.03
6277,Customer 6277,customer6277@example.com,FR,2018-07-12,Basic,4969.78
6278,Customer 6278,customer6278@example.com,FR,2018-01-12,Premium,2922.06
6279,Customer 6279,customer6279@example.com,IN,2020-10-03,Premium,7196.56
6280,Customer 6280,customer6280@example.com,DE,2021-06-30,Premium,5441.80
6281,Customer 6281,customer6281@example.com,US,2020-10-15,Basic,9238.88
6282,Customer 6282,customer6282@example.com,CA,2024-02-15,Premium,1864.29
6283,Customer 6283,customer6283@example.com,AU,2024-01-20,Premium,6841.63
6284,Customer 6284,customer6284@example.com,IN,2022-04-17,Standard,7712.56
6285,Customer 6285,customer6285@example.com,AU,2018-06-13,Premium,5186.04
6286,Customer 6286,customer6286@example.com,AU,2024-02-07,Basic,4053.47
6287,Customer 6287,customer6287@example.com,DE,2018-03-28,Basic,4503.68
6288,Customer 6288,customer6288@example.com,IN,2018-02-20,Premium,3978.25
6289,Customer 6289,customer6289@example.com,UK,2024-10-26,Basic,3445.67
6290,Customer 6290,customer6290@example.com,FR,2021-03-03,Basic,4429.56
6291,Customer 6291,customer6291@example.com,IN,2020-04-26,Premium,7251.51
6292,Customer 6292,customer6292@example.com,DE,2022-09-07,Premium,2080.87
6293,Customer 6293,customer6293@example.com,UK,2024-10-13,Standard,3069.81
6294,Customer 6294,customer6294@example.com,AU,2018-03-26,Basic,9088.04
6295,Customer 6295,customer6295@example.com,US,2022-11-05,Standard,521.46
6296,Customer 6296,customer6296@example.com,CA,2024-10-14,Basic,4881.38
6297,Customer 6297,customer6297@example.com,US,2024-09-09,Premium,506.16
6298,Customer 6298,customer6298@example.com,CA,2019-04-27,Basic,7022.99
6299,Customer 6299,customer6299@example.com,US,2024-01-25,Basic,8241.01
6300,Customer 6300,customer6300@example.com,CA,2021-03-01,Premium,880.72
6301,Customer 6301,customer6301@example.com,UK,2019-08-18,Standard,3847.87
6302,Customer 6302,customer6302@example.com,US,2021-10-05,Basic,2829.20
6303,Customer 6303,customer6303@example.com,DE,2024-04-16,Premium,3494.81
6304,Customer 6304,customer6304@example.com,AU,2022-06-24,Premium,1946.06
6305,Customer 6305,customer6305@example.com,US,2019-04-02,Basic,6596.36
6306,Customer 6306,customer6306@example.com,US,2021-04-24,Standard,8007.33
6307,Customer 6307,customer6307@example.com,CA,2019-10-13,Premium,279.09
6308,Customer 6308,customer6308@example.com,UK,2024-09-26,Standard,6813.39
6309,Customer 6309,customer6309@example.com,FR,2023-05-10,Standard,3697.25
6310,Customer 6310,customer6310@example.com,DE,2021-04-28,Standard,7291.45
6311,Customer 6311,customer6311@example.com,AU,2018-08-21,Basic,6821.07
6312,Customer 6312,customer6312@example.com,CA,2019-07-18,Basic,8964.46
6313,Customer 6313,customer6313@example.com,US,2022-12-23,Premium,2963.83
6314,Customer 6314,customer6314@example.com,CA,2018-10-28,Basic,5765.72
6315,Customer 6315,customer6315@example.com,CA,2020-09-25,Basic,2795.76
6316,Customer 6316,customer6316@example.com,AU,2023-06-14,Standard,9978.24
6317,Customer 6317,customer6317@example.com,UK,2022-07-27,Premium,2557.15
6318,Customer 6318,customer6318@example.com,CA,2024-06-18,Standard,9236.21
6319,Customer 6319,customer6319@example.com,DE,2020-08-08,Premium,1464.89
6320,Customer 6320,customer6320@example.com,FR,2018-10-29,Basic,5392.74
6321,Customer 6321,customer6321@example.com,US,2019-06-16,Standard,4913.00
6322,Customer 6322,customer6322@example.com,IN,2023-01-11,Premium,2239.21
6323,Customer 6323,customer6323@example.com,FR,2023-10-19,Standard,579.35
6324,Customer 6324,customer6324@example.com,AU,2018-08-01,Standard,2441.39
6325,Customer 6325,customer6325@example.com,FR,2022-06-10,Premium,4396.33
6326,Customer 6326,customer6326@example.com,US,2022-02-28,Premium,1379.73
6327,Customer 6327,customer6327@example.com,IN,2018-12-26,Basic,6369.55
6328,Customer 6328,customer6328@example.com,DE,2018-02-02,Basic,5495.68
6329,Customer 6329,customer6329@example.com,US,2018-02-14,Premium,5907.75
6330,Customer 6330,customer6330@example.com,IN,2019-04-30,Premium,681.15
6331,Customer 6331,customer6331@example.com,CA,2020-08-29,Basic,385.24
6332,Customer 6332,customer6332@example.com,DE,2019-07-09,Premium,6122.27
6333,Customer 6333,customer6333@example.com,DE,2019-10-10,Basic,2080.31
6334,Customer 6334,customer6334@example.com,FR,2022-02-28,Basic,4728.16
6335,Customer 6335,customer6335@example.com,IN,2022-02-10,Premium,8588.93
6336,Customer 6336,customer6336@example.com,IN,2020-02-04,Standard,512.43
6337,Customer 6337,customer6337@example.com,IN,2023-12-25,Standard,525.68
6338,Customer 6338,customer6338@example.com,AU,2023-03-14,Standard,9180.59
6339,Customer 6339,customer6339@example.com,FR,2021-04-24,Basic,3284.64
6340,Customer 6340,customer6340@example.com,AU,2021-01-24,Basic,5946.30
6341,Customer 6341,customer6341@example.com,UK,2018-06-29,Standard,2929.72
6342,Customer 6342,customer6342@example.com,IN,2024-10-13,Standard,6965.51
6343,Customer 6343,customer6343@example.com,DE,2020-07-11,Basic,996.57
6344,Customer 6344,customer6344@example.com,IN,2018-03-08,Basic,5654.49
6345,Customer 6345,customer6345@example.com,CA,2024-02-23,Basic,3953.97
6346,Customer 6346,customer6346@example.com,CA,2021-12-06,Basic,2192.48
6347,Customer 6347,customer6347@example.com,AU,2021-03-05,Standard,4041.56
6348,Customer 6348,customer6348@example.com,FR,2019-10-05,Premium,6011.47
6349,Customer 6349,customer6349@example.com,CA,2022-02-28,Premium,1321.14
6350,Customer 6350,customer6350@example.com,IN,2023-07-21,Premium,3217.48
6351,Customer 6351,customer6351@example.com,FR,2022-04-06,Premium,2423.86
6352,Customer 6352,customer6352@example.com,AU,2022-07-31,Premium,8127.51
6353,Customer 6353,customer6353@example.com,AU,2019-07-26,Standard,5463.43
6354,Customer 6354,customer6354@example.com,US,2023-01-08,Premium,3033.69
6355,Customer 6355,customer6355@example.com,AU,2019-09-24,Standard,9027.80
6356,Customer 6356,customer6356@example.com,FR,2018-03-07,Premium,2047.73
6357,Customer 6357,customer6357@example.com,AU,2018-09-15,Standard,5089.28
6358,Customer 6358,customer6358@example.com,US,2018-10-18,Standard,9553.44
6359,Customer 6359,customer6359@example.com,CA,2018-01-18,Premium,4468.07
6360,Customer 6360,customer6360@example.com,CA,2019-01-05,Standard,5020.80
6361,Customer 6361,customer6361@example.com,US,2021-07-18,Standard,634.29
6362,Customer 6362,customer6362@example.com,IN,2022-12-08,Basic,712.20
6363,Customer 6363,customer6363@example.com,UK,2020-01-05,Standard,3092.00
6364,Customer 6364,customer6364@example.com,UK,2020-10-01,Basic,3331.33
6365,Customer 6365,customer6365@example.com,FR,2024-05-12,Standard,660.48
6366,Customer 6366,customer6366@example.com,FR,2020-12-18,Basic,7478.84
6367,Customer 6367,customer6367@example.com,UK,2019-02-02,Basic,8135.34
6368,Customer 6368,customer6368@example.com,CA,2023-03-31,Basic,638.70
6369,Customer 6369,customer6369@example.com,CA,2023-03-01,Premium,5769.43
6370,Customer 6370,customer6370@example.com,CA,2018-11-24,Basic,9330.82
6371,Customer 6371,customer6371@example.com,CA,2024-06-15,Basic,4038.81
6372,Customer 6372,customer6372@example.com,CA,2021-05-15,Basic,4105.70
6373,Customer 6373,customer6373@example.com,UK,2022-10-26,Standard,3944.60
6374,Customer 6374,customer6374@example.com,US,2024-03-18,Premium,2028.60
6375,Customer 6375,customer6375@example.com,DE,2024-10-23,Standard,2712.05
6376,Customer 6376,customer6376@example.com,CA,2024-04-10,Standard,4020.28
6377,Customer 6377,customer6377@example.com,US,2022-03-13,Basic,4740.20
6378,Customer 6378,customer6378@example.com,AU,2020-01-31,Premium,9938.82
6379,Customer 6379,customer6379@example.com,CA,2023-05-13,Standard,8032.76
6380,Customer 6380,customer6380@example.com,US,2024-01-30,Standard,2519.17
6381,Customer 6381,customer6381@example.com,US,2019-02-15,Basic,1937.53
6382,Customer 6382,customer6382@example.com,US,2024-10-07,Standard,4381.62
6383,Customer 6383,customer6383@example.com,UK,2020-06-07,Premium,8518.06
6384,Customer 6384,customer6384@example.com,UK,2024-10-08,Basic,4842.67
6385,Customer 6385,customer6385@example.com,AU,2019-06-30,Premium,5698.67
6386,Customer 6386,customer6386@example.com,AU,2022-07-17,Standard,2664.86
6387,Customer 6387,customer6387@example.com,UK,2024-04-15,Premium,3289.38
6388,Customer 6388,customer6388@example.com,AU,2019-11-03,Standard,9354.24
6389,Customer 6389,customer6389@example.com,FR,2022-03-21,Basic,8608.72
6390,Customer 6390,customer6390@example.com,CA,2020-02-05,Standard,1736.85
6391,Customer 6391,customer6391@example.com,FR,2020-08-27,Basic,9337.22
6392,Customer 6392,customer6392@example.com,UK,2020-07-05,Basic,5395.68
6393,Customer 6393,customer6393@example.com,DE,2019-07-31,Premium,1452.94
6394,Customer 6394,customer6394@example.com,CA,2020-01-17,Premium,5794.79
6395,Customer 6395,customer6395@example.com,DE,2018-01-01,Premium,4290.47
6396,Customer 6396,customer6396@example.com,UK,2020-07-22,Premium,5211.03
6397,Customer 6397,customer6397@example.com,DE,2019-07-21,Premium,9619.12
6398,Customer 6398,customer6398@example.com,FR,2018-10-17,Basic,5950.80
6399,Customer 6399,customer6399@example.com,UK,2024-10-26,Premium,8016.98
6400,Customer 6400,customer6400@example.com,FR,2021-09-19,Standard,8633.98
6401,Customer 6401,customer6401@example.com,DE,2021-01-05,Basic,3486.76
6402,Customer 6402,customer6402@example.com,FR,2018-08-24,Standard,3303.71
6403,Customer 6403,customer6403@example.com,IN,2024-10-31,Basic,787.46
6404,Customer 6404,customer6404@example.com,IN,2020-06-24,Premium,391.60
6405,Customer 6405,customer6405@example.com,CA,2022-05-31,Standard,9848.35
6406,Customer 6406,customer6406@example.com,UK,2019-09-26,Premium,7757.22
6407,Customer 6407,customer6407@example.com,FR,2019-09-09,Premium,4978.36
6408,Customer 6408,customer6408@example.com,FR,2023-03-28,Premium,2117.15
6409,Customer 6409,customer6409@example.com,US,2022-08-24,Basic,5111.70
6410,Customer 6410,customer6410@example.com,US,2022-06-20,Standard,9292.94
6411,Customer 6411,customer6411@example.com,CA,2023-05-13,Premium,9262.58
6412,Customer 6412,customer6412@example.com,FR,2018-01-15,Premium,5629.27
6413,Customer 6413,customer6413@example.com,US,2020-09-02,Standard,7995.95
6414,Customer 6414,customer6414@example.com,DE,2024-11-21,Standard,1777.71
6415,Customer 6415,customer6415@example.com,IN,2021-05-31,Premium,6338.73
6416,Customer 6416,customer6416@example.com,US,2018-06-03,Basic,4781.88
6417,Customer 6417,customer6417@example.com,CA,2021-05-03,Basic,631.09
6418,Customer 6418,customer6418@example.com,FR,2021-01-11,Premium,6786.44
6419,Customer 6419,customer6419@example.com,AU,2022-11-15,Standard,7836.86
6420,Customer 6420,customer6420@example.com,DE,2023-09-05,Premium,4337.47
6421,Customer 6421,customer6421@example.com,FR,2019-07-19,Standard,5734.83
6422,Customer 6422,customer6422@example.com,US,2022-10-27,Premium,236.55
6423,Customer 6423,customer6423@example.com,US,2020-09-30,Basic,4107.90
6424,Customer 6424,customer6424@example.com,AU,2023-09-14,Basic,9822.91
6425,Customer 6425,customer6425@example.com,CA,2022-07-11,Standard,9464.06
6426,Customer 6426,customer6426@example.com,CA,2018-10-18,Standard,5779.40
6427,Customer 6427,customer6427@example.com,DE,2021-07-14,Basic,4908.44
6428,Customer 6428,customer6428@example.com,IN,2020-05-05,Premium,5274.91
6429,Customer 6429,customer6429@example.com,UK,2024-08-01,Basic,7723.74
6430,Customer 6430,customer6430@example.com,CA,2023-06-08,Basic,5785.72
6431,Customer 6431,customer6431@example.com,IN,2021-02-11,Basic,7916.98
6432,Customer 6432,customer6432@example.com,DE,2024-09-18,Basic,5110.25
6433,Customer 6433,customer6433@example.com,US,2024-08-10,Basic,6240.19
6434,Customer 6434,customer6434@example.com,DE,2021-07-08,Premium,8681.08
6435,Customer 6435,customer6435@example.com,IN,2020-04-30,Premium,8253.11
6436,Customer 6436,customer6436@example.com,AU,2022-11-23,Standard,2243.13
6437,Customer 6437,customer6437@example.com,UK,2020-06-30,Basic,2646.87
6438,Customer 6438,customer6438@example.com,FR,2019-02-20,Premium,1098.36
6439,Customer 6439,customer6439@example.com,CA,2024-02-23,Basic,7068.50
6440,Customer 6440,customer6440@example.com,IN,2018-11-02,Basic,8683.54
6441,Customer 6441,customer6441@example.com,US,2021-09-11,Basic,2954.33
6442,Customer 6442,customer6442@example.com,DE,2020-07-22,Standard,261.21
6443,Customer 6443,customer6443@example.com,CA,2018-10-27,Premium,6882.05
6444,Customer 6444,customer6444@example.com,FR,2019-11-01,Premium,9105.23
6445,Customer 6445,customer6445@example.com,AU,2024-08-20,Basic,7061.67
6446,Customer 6446,customer6446@example.com,DE,2023-08-01,Standard,1808.99
6447,Customer 6447,customer6447@example.com,CA,2019-10-24,Standard,4037.15
6448,Customer 6448,customer6448@example.com,FR,2023-08-27,Basic,4967.78
6449,Customer 6449,customer6449@example.com,AU,2023-10-04,Basic,5310.92
6450,Customer 6450,customer6450@example.com,UK,2020-04-19,Standard,5306.01
6451,Customer 6451,customer6451@example.com,IN,2023-06-02,Premium,3365.30
6452,Customer 6452,customer6452@example.com,IN,2021-04-03,Premium,3940.54
6453,Customer 6453,customer6453@example.com,US,2022-04-24,Basic,862.65
6454,Customer 6454,customer6454@example.com,CA,2020-03-29,Basic,7261.03
6455,Customer 6455,customer6455@example.com,IN,2022-02-24,Standard,3128.88
6456,Customer 6456,customer6456@example.com,CA,2024-06-13,Basic,5411.15
6457,Customer 6457,customer6457@example.com,AU,2021-01-15,Standard,342.56
6458,Customer 6458,customer6458@example.com,CA,2021-08-22,Basic,4340.98
6459,Customer 6459,customer6459@example.com,FR,2024-12-28,Standard,5716.95
6460,Customer 6460,customer6460@example.com,AU,2022-05-04,Premium,8847.58
6461,Customer 6461,customer6461@example.com,IN,2020-09-15,Premium,8577.53
6462,Customer 6462,customer6462@example.com,AU,2022-12-27,Premium,2093.17
6463,Customer 6463,customer6463@example.com,AU,2019-05-04,Premium,8410.17
6464,Customer 6464,customer6464@example.com,US,2024-06-08,Premium,4230.09
6465,Customer 6465,customer6465@example.com,FR,2022-06-30,Premium,173.35
6466,Customer 6466,customer6466@example.com,FR,2021-08-14,Standard,9018.60
6467,Customer 6467,customer6467@example.com,CA,2023-01-16,Basic,5115.02
6468,Customer 6468,customer6468@example.com,DE,2021-09-15,Standard,6688.55
6469,Customer 6469,customer6469@example.com,IN,2022-06-21,Standard,3345.00
6470,Customer 6470,customer6470@example.com,AU,2022-01-08,Standard,3585.44
6471,Customer 6471,customer6471@example.com,UK,2020-11-09,Standard,4366.44
6472,Customer 6472,customer6472@example.com,US,2018-01-29,Premium,3925.51
6473,Customer 6473,customer6473@example.com,FR,2021-10-14,Basic,7890.28
6474,Customer 6474,customer6474@example.com,FR,2023-12-15,Premium,2982.58
6475,Customer 6475,customer6475@example.com,US,2022-01-03,Premium,4205.76
6476,Customer 6476,customer6476@example.com,DE,2020-11-11,Standard,1154.46
6477,Customer 6477,customer6477@example.com,UK,2020-11-17,Standard,2674.12
6478,Customer 6478,customer6478@example.com,AU,2023-09-30,Basic,6155.06
6479,Customer 6479,customer6479@example.com,DE,2018-01-21,Premium,8036.59
6480,Customer 6480,customer6480@example.com,AU,2020-04-06,Premium,5339.91
6481,Customer 6481,customer6481@example.com,IN,2022-10-11,Premium,5174.33
6482,Customer 6482,customer6482@example.com,UK,2021-07-27,Standard,8685.90
6483,Customer 6483,customer6483@example.com,CA,2018-09-18,Standard,296.81
6484,Customer 6484,customer6484@example.com,UK,2022-07-31,Premium,551.26
6485,Customer 6485,customer6485@example.com,IN,2021-05-06,Standard,1623.44
6486,Customer 6486,customer6486@example.com,UK,2023-10-01,Basic,4171.00
6487,Customer 6487,customer6487@example.com,UK,2018-07-05,Basic,3394.57
6488,Customer 6488,customer6488@example.com,US,2024-01-24,Basic,7385.26
6489,Customer 6489,customer6489@example.com,UK,2018-05-05,Basic,7790.90
6490,Customer 6490,customer6490@example.com,DE,2018-10-11,Premium,2764.24
6491,Customer 6491,customer6491@example.com,IN,2018-02-19,Basic,7724.56
6492,Customer 6492,customer6492@example.com,CA,2018-09-29,Basic,4808.74
6493,Customer 6493,customer6493@example.com,FR,2024-06-16,Standard,1435.80
6494,Customer 6494,customer6494@example.com,DE,2021-10-10,Premium,5596.86
6495,Customer 6495,customer6495@example.com,US,2020-05-09,Standard,3953.48
6496,Customer 6496,customer6496@example.com,DE,2023-11-28,Premium,3058.36
6497,Customer 6497,customer6497@example.com,US,2023-03-16,Premium,3603.98
6498,Customer 6498,customer6498@example.com,AU,2022-03-27,Basic,4972.22
6499,Customer 6499,customer6499@example.com,IN,2018-02-28,Basic,3286.49
6500,Customer 6500,customer6500@example.com,CA,2020-07-01,Basic,2587.03
6501,Customer 6501,customer6501@example.com,US,2021-10-11,Basic,8301.03
6502,Customer 6502,customer6502@example.com,AU,2024-02-25,Premium,1489.52
6503,Customer 6503,customer6503@example.com,FR,2018-01-05,Premium,7200.55
6504,Customer 6504,customer6504@example.com,DE,2021-01-12,Premium,6541.67
6505,Customer 6505,customer6505@example.com,AU,2018-07-01,Premium,9697.52
6506,Customer 6506,customer6506@example.com,DE,2023-12-13,Basic,9752.08
6507,Customer 6507,customer6507@example.com,UK,2021-09-22,Basic,2875.63
6508,Customer 6508,customer6508@example.com,AU,2018-03-13,Standard,1992.98
6509,Customer 6509,customer6509@example.com,DE,2019-09-22,Premium,2350.84
6510,Customer 6510,customer6510@example.com,IN,2022-12-08,Basic,4652.38
6511,Customer 6511,customer6511@example.com,DE,2023-12-22,Standard,4656.73
6512,Customer 6512,customer6512@example.com,IN,2022-02-05,Premium,6597.43
6513,Customer 6513,customer6513@example.com,US,2023-10-05,Standard,7404.36
6514,Customer 6514,customer6514@example.com,CA,2023-11-11,Basic,1673.77
6515,Customer 6515,customer6515@example.com,US,2023-08-14,Basic,7570.68
6516,Customer 6516,customer6516@example.com,UK,2024-10-19,Standard,7888.41
6517,Customer 6517,customer6517@example.com,IN,2022-06-12,Basic,5191.60
6518,Customer 6518,customer6518@example.com,DE,2019-03-11,Basic,4260.82
6519,Customer 6519,customer6519@example.com,UK,2020-06-19,Premium,9713.63
6520,Customer 6520,customer6520@example.com,FR,2018-05-08,Basic,6463.97
6521,Customer 6521,customer6521@example.com,CA,2024-02-26,Standard,7192.67
6522,Customer 6522,customer6522@example.com,AU,2021-02-20,Premium,4646.54
6523,Customer 6523,customer6523@example.com,AU,2023-05-23,Standard,9288.11
6524,Customer 6524,customer6524@example.com,UK,2019-02-09,Standard,2005.45
6525,Customer 6525,customer6525@example.com,US,2022-04-22,Standard,1899.75
6526,Customer 6526,customer6526@example.com,IN,2020-05-25,Basic,9669.40
6527,Customer 6527,customer6527@example.com,CA,2018-12-21,Standard,1013.50
6528,Customer 6528,customer6528@example.com,AU,2023-12-10,Premium,4740.52
6529,Customer 6529,customer6529@example.com,IN,2019-09-05,Standard,7811.50
6530,Customer 6530,customer6530@example.com,FR,2022-01-21,Standard,5674.95
6531,Customer 6531,customer6531@example.com,FR,2024-12-26,Basic,5977.83
6532,Customer 6532,customer6532@example.com,US,2022-09-18,Premium,2432.11
6533,Customer 6533,customer6533@example.com,FR,2019-08-15,Premium,6572.26
6534,Customer 6534,customer6534@example.com,US,2023-01-19,Basic,5075.61
6535,Customer 6535,customer6535@example.com,IN,2018-04-21,Premium,8850.64
6536,Customer 6536,customer6536@example.com,UK,2023-04-16,Basic,8292.49
6537,Customer 6537,customer6537@example.com,US,2018-05-28,Basic,8144.26
6538,Customer 6538,customer6538@example.com,AU,2022-10-21,Standard,8256.83
6539,Customer 6539,customer6539@example.com,AU,2024-01-30,Basic,6413.85
6540,Customer 6540,customer6540@example.com,US,2024-03-11,Standard,8118.21
6541,Customer 6541,customer6541@example.com,FR,2024-07-07,Standard,7062.34
6542,Customer 6542,customer6542@example.com,US,2022-12-29,Standard,5014.36
6543,Customer 6543,customer6543@example.com,DE,2020-04-09,Basic,5295.83
6544,Customer 6544,customer6544@example.com,AU,2024-02-09,Basic,6280.72
6545,Customer 6545,customer6545@example.com,US,2023-01-28,Basic,2180.30
6546,Customer 6546,customer6546@example.com,IN,2018-09-29,Standard,5873.54
6547,Customer 6547,customer6547@example.com,DE,2023-07-17,Basic,674.97
6548,Customer 6548,customer6548@example.com,IN,2021-05-24,Standard,5148.28
6549,Customer 6549,customer6549@example.com,IN,2022-05-19,Premium,4109.37
6550,Customer 6550,customer6550@example.com,IN,2020-05-10,Basic,2709.39
6551,Customer 6551,customer6551@example.com,IN,2022-12-21,Standard,2133.09
6552,Customer 6552,customer6552@example.com,US,2019-09-30,Premium,6883.95
6553,Customer 6553,customer6553@example.com,FR,2018-11-21,Premium,2454.17
6554,Customer 6554,customer6554@example.com,FR,2019-03-22,Premium,1233.71
6555,Customer 6555,customer6555@example.com,CA,2024-10-04,Premium,6357.14
6556,Customer 6556,customer6556@example.com,DE,2018-12-28,Basic,8797.09
6557,Customer 6557,customer6557@example.com,IN,2019-02-13,Premium,9291.14
6558,Customer 6558,customer6558@example.com,CA,2024-01-21,Basic,6471.40
6559,Customer 6559,customer6559@example.com,AU,2019-02-07,Basic,7693.46
6560,Customer 6560,customer6560@example.com,AU,2018-04-19,Basic,8292.45
6561,Customer 6561,customer6561@example.com,US,2022-07-04,Standard,7181.16
6562,Customer 6562,customer6562@example.com,AU,2024-09-07,Premium,8743.46
6563,Customer 6563,customer6563@example.com,US,2023-02-06,Basic,1406.36
6564,Customer 6564,customer6564@example.com,FR,2019-08-25,Basic,5592.89
6565,Customer 6565,customer6565@example.com,FR,2024-03-16,Basic,8945.31
6566,Customer 6566,customer6566@example.com,UK,2021-01-30,Basic,5162.67
6567,Customer 6567,customer6567@example.com,AU,2022-11-24,Basic,3107.50
6568,Customer 6568,customer6568@example.com,FR,2018-07-09,Premium,7167.10
6569,Customer 6569,customer6569@example.com,US,2022-09-20,Standard,3346.25
6570,Customer 6570,customer6570@example.com,IN,2024-11-20,Standard,8636.30
6571,Customer 6571,customer6571@example.com,AU,2020-07-11,Premium,3449.36
6572,Customer 6572,customer6572@example.com,CA,2023-01-02,Premium,8023.62
6573,Customer 6573,customer6573@example.com,FR,2020-08-25,Basic,1105.46
6574,Customer 6574,customer6574@example.com,UK,2020-06-12,Premium,3296.76
6575,Customer 6575,customer6575@example.com,DE,2018-06-24,Basic,8457.16
6576,Customer 6576,customer6576@example.com,DE,2022-12-08,Basic,9060.18
6577,Customer 6577,customer6577@example.com,DE,2019-06-05,Basic,1026.78
6578,Customer 6578,customer6578@example.com,FR,2024-12-05,Basic,6787.47
6579,Customer 6579,customer6579@example.com,CA,2020-06-30,Basic,2811.10
6580,Customer 6580,customer6580@example.com,AU,2021-02-21,Standard,542.65
6581,Customer 6581,customer6581@example.com,DE,2023-09-17,Basic,2171.44
6582,Customer 6582,customer6582@example.com,US,2021-06-29,Premium,3154.83
6583,Customer 6583,customer6583@example.com,FR,2018-07-30,Basic,9205.49
6584,Customer 6584,customer6584@example.com,US,2019-09-17,Premium,9779.99
6585,Customer 6585,customer6585@example.com,AU,2021-08-14,Premium,2064.68
6586,Customer 6586,customer6586@example.com,IN,2022-12-24,Premium,3310.56
6587,Customer 6587,customer6587@example.com,AU,2022-05-31,Basic,6057.23
6588,Customer 6588,customer6588@example.com,CA,2018-06-03,Basic,6424.81
6589,Customer 6589,customer6589@example.com,AU,2023-01-19,Basic,4519.45
6590,Customer 6590,customer6590@example.com,US,2019-08-06,Premium,6424.21
6591,Customer 6591,customer6591@example.com,DE,2020-12-29,Standard,4320.88
6592,Customer 6592,customer6592@example.com,DE,2020-12-14,Standard,9765.63
6593,Customer 6593,customer6593@example.com,IN,2021-04-16,Premium,9158.30
6594,Customer 6594,customer6594@example.com,UK,2022-09-30,Basic,8576.63
6595,Customer 6595,customer6595@example.com,DE,2018-03-30,Premium,4376.86
6596,Customer 6596,customer6596@example.com,UK,2024-11-16,Standard,4849.68
6597,Customer 6597,customer6597@example.com,AU,2023-08-05,Basic,6652.86
6598,Customer 6598,customer6598@example.com,AU,2019-05-03,Standard,5864.69
6599,Customer 6599,customer6599@example.com,FR,2022-02-08,Standard,7093.54
6600,Customer 6600,customer6600@example.com,UK,2024-09-29,Basic,6726.66
6601,Customer 6601,customer6601@example.com,CA,2022-12-04,Premium,1134.16
6602,Customer 6602,customer6602@example.com,FR,2024-04-10,Basic,2162.94
6603,Customer 6603,customer6603@example.com,US,2019-07-14,Basic,8315.68
6604,Customer 6604,customer6604@example.com,DE,2024-04-09,Standard,9225.49
6605,Customer 6605,customer6605@example.com,CA,2021-05-31,Basic,1720.41
6606,Customer 6606,customer6606@example.com,AU,2020-07-17,Premium,1833.00
6607,Customer 6607,customer6607@example.com,US,2022-03-20,Basic,3791.20
6608,Customer 6608,customer6608@example.com,IN,2021-11-22,Basic,7414.77
6609,Customer 6609,customer6609@example.com,IN,2020-10-10,Basic,4385.32
6610,Customer 6610,customer6610@example.com,FR,2018-04-09,Standard,9112.78
6611,Customer 6611,customer6611@example.com,DE,2021-04-09,Standard,8480.93
6612,Customer 6612,customer6612@example.com,CA,2020-11-08,Standard,1849.19
6613,Customer 6613,customer6613@example.com,US,2021-11-15,Basic,6358.68
6614,Customer 6614,customer6614@example.com,DE,2024-02-10,Standard,6537.99
6615,Customer 6615,customer6615@example.com,CA,2023-06-18,Standard,7433.16
6616,Customer 6616,customer6616@example.com,IN,2019-04-16,Standard,730.06
6617,Customer 6617,customer6617@example.com,US,2021-10-11,Premium,9488.22
6618,Customer 6618,customer6618@example.com,UK,2018-11-12,Basic,6677.60
6619,Customer 6619,,FR,2024-05-01,Basic,810.87
6620,Customer 6620,customer6620@example.com,AU,2021-03-20,Premium,2356.47
6621,Customer 6621,customer6621@example.com,AU,2021-05-13,Standard,6709.70
6622,Customer 6622,customer6622@example.com,FR,2018-08-28,Basic,5948.91
6623,Customer 6623,customer6623@example.com,AU,2024-04-22,Premium,6970.55
6624,Customer 6624,customer6624@example.com,AU,2023-01-17,Standard,355.72
6625,Customer 6625,customer6625@example.com,UK,2024-08-19,Basic,8608.34
6626,Customer 6626,customer6626@example.com,IN,2022-07-18,Standard,6677.94
6627,Customer 6627,customer6627@example.com,UK,2020-04-04,Premium,8137.89
6628,Customer 6628,customer6628@example.com,FR,2021-11-25,Basic,392.74
6629,Customer 6629,customer6629@example.com,CA,2024-07-24,Standard,7100.09
6630,Customer 6630,customer6630@example.com,UK,2019-04-23,Basic,8917.85
6631,Customer 6631,customer6631@example.com,FR,2022-03-25,Standard,4650.83
6632,Customer 6632,customer6632@example.com,IN,2022-03-27,Standard,4197.24
6633,Customer 6633,customer6633@example.com,US,2018-01-07,Premium,9974.08
6634,Customer 6634,customer6634@example.com,CA,2022-06-03,Premium,2851.06
6635,Customer 6635,customer6635@example.com,AU,2018-05-12,Premium,7954.99
6636,Customer 6636,customer6636@example.com,AU,2019-06-09,Premium,6832.49
6637,Customer 6637,customer6637@example.com,UK,2021-01-05,Basic,5924.99
6638,Customer 6638,customer6638@example.com,US,2018-10-24,Premium,7279.46
6639,Customer 6639,customer6639@example.com,FR,2024-03-18,Premium,8921.92
6640,Customer 6640,customer6640@example.com,FR,2022-01-06,Basic,7429.66
6641,Customer 6641,customer6641@example.com,US,2023-04-27,Standard,6181.26
6642,Customer 6642,customer6642@example.com,DE,2019-09-06,Basic,3113.85
6643,Customer 6643,customer6643@example.com,AU,2022-07-12,Premium,2816.04
6644,Customer 6644,customer6644@example.com,US,2024-12-01,Premium,2191.76
6645,Customer 6645,customer6645@example.com,AU,2021-12-06,Premium,4633.42
6646,Customer 6646,customer6646@example.com,AU,2022-06-08,Standard,4399.38
6647,Customer 6647,customer6647@example.com,DE,2019-07-28,Standard,8154.21
6648,Customer 6648,customer6648@example.com,US,2024-03-01,Standard,2538.70
6649,Customer 6649,customer6649@example.com,AU,2019-06-10,Standard,2260.03
6650,Customer 6650,customer6650@example.com,IN,2024-07-22,Standard,7377.13
6651,Customer 6651,customer6651@example.com,CA,2022-04-12,Basic,6373.69
6652,Customer 6652,customer6652@example.com,DE,2024-07-14,Premium,6429.65
6653,Customer 6653,customer6653@example.com,FR,2022-12-02,Standard,8523.00
6654,Customer 6654,customer6654@example.com,DE,2019-01-15,Standard,6117.77
6655,Customer 6655,customer6655@example.com,US,2020-06-05,Basic,3301.43
6656,Customer 6656,customer6656@example.com,UK,2021-10-02,Standard,729.10
6657,Customer 6657,customer6657@example.com,CA,2020-05-03,Standard,7816.93
6658,Customer 6658,customer6658@example.com,CA,2020-11-13,Basic,4053.37
6659,Customer 6659,customer6659@example.com,UK,2020-01-10,Basic,9114.99
6660,Customer 6660,customer6660@example.com,UK,2024-06-03,Premium,3076.83
6661,Customer 6661,customer6661@example.com,AU,2020-09-14,Premium,754.44
6662,Customer 6662,customer6662@example.com,DE,2021-02-04,Standard,7339.03
6663,Customer 6663,customer6663@example.com,CA,2018-12-09,Standard,6897.71
6664,Customer 6664,customer6664@example.com,DE,2024-07-04,Premium,1573.29
6665,Customer 6665,customer6665@example.com,US,2019-04-14,Standard,6997.15
6666,Customer 6666,customer6666@example.com,IN,2023-02-19,Basic,5218.88
6667,Customer 6667,customer6667@example.com,IN,2021-07-21,Premium,728.92
6668,Customer 6668,customer6668@example.com,AU,2018-02-03,Standard,238.24
6669,Customer 6669,customer6669@example.com,DE,2021-03-15,Premium,4464.04
6670,Customer 6670,customer6670@example.com,CA,2022-11-19,Standard,1038.11
6671,Customer 6671,customer6671@example.com,UK,2018-08-01,Basic,5330.53
6672,Customer 6672,customer6672@example.com,DE,2023-08-19,Premium,691.77
6673,Customer 6673,customer6673@example.com,CA,2024-01-05,Standard,9653.79
6674,Customer 6674,customer6674@example.com,US,2021-07-02,Premium,5864.74
6675,Customer 6675,customer6675@example.com,DE,2019-01-13,Premium,2576.69
6676,Customer 6676,customer6676@example.com,FR,2023-05-26,Basic,4184.27
6677,Customer 6677,customer6677@example.com,CA,2019-03-02,Premium,4910.26
6678,Customer 6678,customer6678@example.com,IN,2018-11-14,Basic,4615.47
6679,Customer 6679,customer6679@example.com,US,2024-11-24,Basic,4113.35
6680,Customer 6680,customer6680@example.com,IN,2021-08-04,Standard,3081.80
6681,Customer 6681,customer6681@example.com,DE,2023-02-04,Premium,4124.81
6682,Customer 6682,customer6682@example.com,IN,2018-01-10,Premium,8650.88
6683,Customer 6683,customer6683@example.com,AU,2024-06-26,Basic,2059.43
6684,Customer 6684,customer6684@example.com,AU,2018-10-23,Standard,9426.45
6685,Customer 6685,customer6685@example.com,UK,2020-03-14,Premium,4102.02
6686,Customer 6686,customer6686@example.com,US,2020-01-27,Premium,636.88
6687,Customer 6687,customer6687@example.com,IN,2022-11-04,Standard,9770.39
6688,Customer 6688,customer6688@example.com,CA,2021-10-04,Basic,286.78
6689,Customer 6689,customer6689@example.com,DE,2019-07-20,Premium,2954.24
6690,Customer 6690,customer6690@example.com,US,2019-01-28,Standard,7903.79
6691,Customer 6691,customer6691@example.com,US,2022-07-12,Standard,4855.96
6692,Customer 6692,customer6692@example.com,US,2021-07-14,Premium,2635.34
6693,Customer 6693,customer6693@example.com,CA,2024-08-08,Basic,1502.51
6694,Customer 6694,customer6694@example.com,US,2022-07-04,Standard,8939.08
6695,Customer 6695,customer6695@example.com,UK,2023-10-29,Premium,1374.38
6696,Customer 6696,customer6696@example.com,AU,2019-07-14,Standard,469.85
6697,Customer 6697,customer6697@example.com,DE,2020-08-08,Basic,1391.87
6698,Customer 6698,customer6698@example.com,CA,2019-12-23,Premium,3787.14
6699,Customer 6699,customer6699@example.com,UK,2018-04-23,Premium,9612.71
6700,Customer 6700,customer6700@example.com,CA,2024-11-19,Premium,8518.33
6701,Customer 6701,customer6701@example.com,US,2020-04-30,Standard,5388.43
6702,Customer 6702,customer6702@example.com,UK,2020-07-04,Basic,1100.18
6703,Customer 6703,customer6703@example.com,UK,2019-12-15,Standard,1897.20
6704,Customer 6704,customer6704@example.com,FR,2019-04-24,Premium,1667.41
6705,Customer 6705,customer6705@example.com,CA,2024-09-14,Standard,3421.80
6706,Customer 6706,customer6706@example.com,AU,2022-08-14,Basic,2904.75
6707,Customer 6707,customer6707@example.com,UK,2020-06-06,Standard,1938.14
6708,Customer 6708,customer6708@example.com,FR,2021-05-07,Standard,6133.18
6709,Customer 6709,customer6709@example.com,FR,2018-01-21,Premium,2710.72
6710,Customer 6710,customer6710@example.com,IN,2022-10-28,Standard,2013.93
6711,Customer 6711,customer6711@example.com,UK,2018-08-12,Basic,8121.37
6712,Customer 6712,customer6712@example.com,DE,2020-10-10,Standard,7528.51
6713,Customer 6713,customer6713@example.com,CA,2023-04-24,Basic,9058.62
6714,Customer 6714,customer6714@example.com,AU,2020-09-20,Standard,6652.52
6715,Customer 6715,customer6715@example.com,IN,2022-01-16,Premium,6256.12
6716,Customer 6716,customer6716@example.com,AU,2020-08-08,Standard,4107.18
6717,Customer 6717,customer6717@example.com,AU,2019-01-13,Standard,6914.74
6718,Customer 6718,customer6718@example.com,FR,2022-07-14,Standard,8159.33
6719,Customer 6719,customer6719@example.com,IN,2018-09-29,Standard,4930.46
6720,Customer 6720,customer6720@example.com,FR,2019-10-08,Standard,7896.59
6721,Customer 6721,customer6721@example.com,AU,2023-09-24,Premium,6233.93
6722,Customer 6722,customer6722@example.com,FR,2022-09-02,Standard,1141.74
6723,Customer 6723,customer6723@example.com,FR,2022-02-22,Premium,2567.21
6724,Customer 6724,customer6724@example.com,AU,2024-07-10,Basic,3771.61
6725,Customer 6725,customer6725@example.com,DE,2022-12-14,Standard,9245.66
6726,Customer 6726,customer6726@example.com,FR,2022-11-14,Basic,3246.03
6727,Customer 6727,customer6727@example.com,UK,2021-10-16,Premium,5655.81
6728,Customer 6728,customer6728@example.com,CA,2022-07-29,Premium,7642.70
6729,Customer 6729,customer6729@example.com,AU,2024-06-19,Basic,8893.44
6730,Customer 6730,customer6730@example.com,CA,2020-10-20,Premium,2967.40
6731,Customer 6731,customer6731@example.com,CA,2022-05-10,Standard,9245.41
6732,Customer 6732,customer6732@example.com,UK,2021-05-04,Premium,3453.67
6733,Customer 6733,customer6733@example.com,US,2019-10-04,Basic,4630.90
6734,Customer 6734,customer6734@example.com,CA,2022-09-10,Premium,7474.97
6735,Customer 6735,customer6735@example.com,IN,2020-07-08,Standard,2787.39
6736,Customer 6736,customer6736@example.com,CA,2021-03-19,Standard,5530.43
6737,Customer 6737,customer6737@example.com,IN,2022-10-24,Premium,6720.68
6738,Customer 6738,customer6738@example.com,US,2022-08-19,Premium,3993.63
6739,Customer 6739,customer6739@example.com,IN,2019-08-26,Standard,5698.52
6740,Customer 6740,customer6740@example.com,IN,2020-08-26,Basic,6123.34
6741,Customer 6741,customer6741@example.com,AU,2024-02-16,Basic,863.92
6742,Customer 6742,customer6742@example.com,US,2021-12-22,Premium,6770.73
6743,Customer 6743,customer6743@example.com,IN,2018-12-08,Premium,3997.15
6744,Customer 6744,customer6744@example.com,AU,2023-10-12,Basic,2047.67
6745,Customer 6745,customer6745@example.com,FR,2018-12-29,Premium,2523.95
6746,Customer 6746,customer6746@example.com,FR,2020-05-02,Standard,1394.91
6747,Customer 6747,customer6747@example.com,US,2023-04-16,Basic,1743.86
6748,Customer 6748,customer6748@example.com,AU,2018-01-17,Premium,2811.31
6749,Customer 6749,customer6749@example.com,IN,2022-10-02,Standard,9593.37
6750,Customer 6750,customer6750@example.com,CA,2018-03-20,Basic,8972.75
6751,Customer 6751,customer6751@example.com,FR,2021-01-31,Basic,2159.26
6752,Customer 6752,customer6752@example.com,UK,2019-05-17,Standard,4042.50
6753,Customer 6753,customer6753@example.com,UK,2024-08-22,Standard,7851.67
6754,Customer 6754,customer6754@example.com,FR,2022-06-14,Premium,3300.82
6755,Customer 6755,customer6755@example.com,DE,2019-08-14,Basic,5823.71
6756,Customer 6756,customer6756@example.com,AU,2019-11-05,Standard,8440.23
6757,Customer 6757,customer6757@example.com,DE,2021-11-11,Standard,2130.64
6758,Customer 6758,customer6758@example.com,AU,2020-02-23,Basic,1177.96
6759,Customer 6759,customer6759@example.com,UK,2024-07-24,Basic,6343.03
6760,Customer 6760,customer6760@example.com,DE,2018-02-16,Premium,4014.57
6761,Customer 6761,customer6761@example.com,IN,2020-12-10,Basic,8480.16
6762,Customer 6762,customer6762@example.com,US,2019-03-26,Premium,6456.11
6763,Customer 6763,customer6763@example.com,CA,2022-04-19,Basic,2992.10
6764,Customer 6764,customer6764@example.com,FR,2018-12-29,Basic,4158.98
6765,Customer 6765,customer6765@example.com,CA,2018-04-15,Standard,6851.09
6766,Customer 6766,customer6766@example.com,IN,2020-07-07,Premium,3353.50
6767,Customer 6767,customer6767@example.com,IN,2019-03-31,Premium,1138.30
6768,Customer 6768,customer6768@example.com,FR,2019-03-17,Premium,3564.05
6769,Customer 6769,customer6769@example.com,AU,2024-05-28,Premium,1224.53
6770,Customer 6770,customer6770@example.com,AU,2020-10-08,Basic,6056.16
6771,Customer 6771,customer6771@example.com,CA,2024-07-24,Premium,7638.04
6772,Customer 6772,customer6772@example.com,US,2020-03-08,Premium,2393.08
6773,Customer 6773,customer6773@example.com,DE,2020-06-01,Standard,9184.65
6774,Customer 6774,customer6774@example.com,FR,2023-05-29,Basic,8021.07
6775,Customer 6775,customer6775@example.com,CA,2021-01-25,Basic,7966.20
6776,Customer 6776,customer6776@example.com,DE,2018-07-06,Basic,5500.40
6777,Customer 6777,customer6777@example.com,CA,2020-12-22,Premium,7310.87
6778,Customer 6778,customer6778@example.com,US,2022-11-14,Standard,6044.90
6779,Customer 6779,customer6779@example.com,US,2018-10-30,Standard,9096.23
6780,Customer 6780,customer6780@example.com,US,2019-03-01,Standard,203.18
6781,Customer 6781,customer6781@example.com,DE,2024-06-26,Basic,7132.73
6782,Customer 6782,customer6782@example.com,CA,2018-12-07,Premium,570.85
6783,Customer 6783,customer6783@example.com,DE,2019-10-24,Premium,1590.17
6784,Customer 6784,customer6784@example.com,IN,2022-09-05,Standard,9265.71
6785,Customer 6785,customer6785@example.com,FR,2024-02-08,Premium,7505.10
6786,Customer 6786,customer6786@example.com,US,2024-12-17,Basic,491.60
6787,Customer 6787,customer6787@example.com,DE,2019-08-15,Premium,9552.25
6788,Customer 6788,customer6788@example.com,AU,2020-04-01,Standard,5069.25
6789,Customer 6789,customer6789@example.com,CA,2021-09-10,Standard,5579.82
6790,Customer 6790,customer6790@example.com,UK,2018-09-03,Premium,3260.59
6791,Customer 6791,customer6791@example.com,US,2022-10-09,Premium,6984.05
6792,Customer 6792,customer6792@example.com,IN,2019-01-29,Standard,8389.60
6793,Customer 6793,customer6793@example.com,IN,2019-02-13,Premium,9215.73
6794,Customer 6794,customer6794@example.com,FR,2018-08-29,Premium,3306.86
6795,Customer 6795,customer6795@example.com,FR,2019-02-10,Basic,8849.22
6796,Customer 6796,customer6796@example.com,AU,2023-07-23,Premium,2112.45
6797,Customer 6797,customer6797@example.com,UK,2019-02-05,Basic,6850.27
6798,Customer 6798,customer6798@example.com,AU,2018-03-08,Premium,3104.21
6799,Customer 6799,customer6799@example.com,FR,2018-01-18,Premium,9709.43
6800,Customer 6800,customer6800@example.com,IN,2024-03-25,Basic,973.82
6801,Customer 6801,customer6801@example.com,US,2019-05-04,Premium,8419.79
6802,Customer 6802,customer6802@example.com,FR,2021-05-10,Standard,1453.50
6803,Customer 6803,customer6803@example.com,FR,2018-11-04,Basic,2209.95
6804,Customer 6804,customer6804@example.com,FR,2023-05-06,Basic,3748.17
6805,Customer 6805,customer6805@example.com,FR,2021-04-21,Standard,1956.47
6806,Customer 6806,customer6806@example.com,US,2020-09-05,Basic,7907.32
6807,Customer 6807,customer6807@example.com,US,2018-06-03,Basic,5043.24
6808,Customer 6808,customer6808@example.com,IN,2019-04-01,Basic,9860.15
6809,Customer 6809,customer6809@example.com,US,2024-06-23,Standard,1776.26
6810,Customer 6810,customer6810@example.com,CA,2019-09-14,Premium,3548.68
6811,Customer 6811,customer6811@example.com,US,2018-11-08,Basic,2450.94
6812,Customer 6812,customer6812@example.com,DE,2020-06-11,Standard,608.85
6813,Customer 6813,customer6813@example.com,IN,2022-11-10,Basic,1936.91
6814,Customer 6814,customer6814@example.com,US,2022-07-24,Basic,2607.38
6815,Customer 6815,customer6815@example.com,DE,2021-10-12,Premium,9983.57
6816,Customer 6816,customer6816@example.com,UK,2023-07-29,Basic,3187.69
6817,Customer 6817,customer6817@example.com,US,2018-01-09,Premium,6366.67
6818,Customer 6818,customer6818@example.com,DE,2023-06-16,Basic,8106.39
6819,Customer 6819,customer6819@example.com,CA,2023-03-26,Basic,5473.75
6820,Customer 6820,customer6820@example.com,CA,2024-11-18,Standard,5253.90
6821,Customer 6821,customer6821@example.com,DE,2022-10-11,Standard,6084.64
6822,Customer 6822,customer6822@example.com,IN,2024-05-24,Basic,2286.97
6823,Customer 6823,customer6823@example.com,US,2018-05-06,Standard,1149.07
6824,Customer 6824,customer6824@example.com,CA,2021-10-27,Standard,4569.04
6825,Customer 6825,customer6825@example.com,CA,2022-07-05,Premium,3719.64
6826,Customer 6826,customer6826@example.com,AU,2023-08-30,Standard,8876.48
6827,Customer 6827,customer6827@example.com,AU,2020-01-25,Standard,6417.70
6828,Customer 6828,customer6828@example.com,US,2023-02-10,Premium,3958.19
6829,Customer 6829,customer6829@example.com,UK,2022-01-21,Standard,3732.89
6830,Customer 6830,customer6830@example.com,DE,2022-04-17,Premium,4816.47
6831,Customer 6831,customer6831@example.com,CA,2018-06-25,Premium,3011.20
6832,Customer 6832,customer6832@example.com,CA,2021-01-29,Premium,8404.44
6833,Customer 6833,customer6833@example.com,US,2022-03-29,Basic,6517.99
6834,Customer 6834,customer6834@example.com,FR,2020-01-08,Standard,501.20
6835,Customer 6835,customer6835@example.com,CA,2023-09-28,Standard,7802.49
6836,Customer 6836,customer6836@example.com,US,2018-01-22,Premium,9687.30
6837,Customer 6837,customer6837@example.com,AU,2022-08-14,Standard,5460.80
6838,Customer 6838,customer6838@example.com,US,2021-01-18,Premium,4910.03
6839,Customer 6839,customer6839@example.com,IN,2019-07-31,Premium,4769.95
6840,Customer 6840,customer6840@example.com,UK,2020-02-27,Basic,7229.14
6841,Customer 6841,customer6841@example.com,US,2021-12-09,Basic,1697.24
6842,Customer 6842,customer6842@example.com,UK,2019-08-09,Basic,1566.02
6843,Customer 6843,customer6843@example.com,UK,2024-03-27,Premium,2910.69
6844,Customer 6844,customer6844@example.com,IN,2021-02-11,Standard,3334.75
6845,Customer 6845,customer6845@example.com,UK,2023-11-25,Premium,3643.37
6846,Customer 6846,customer6846@example.com,IN,2024-08-17,Basic,3041.89
6847,Customer 6847,customer6847@example.com,US,2021-01-22,Premium,486.24
6848,Customer 6848,customer6848@example.com,AU,2024-03-20,Standard,4578.47
6849,Customer 6849,customer6849@example.com,AU,2019-04-20,Premium,3792.95
6850,Customer 6850,customer6850@example.com,AU,2019-02-21,Basic,1243.07
6851,Customer 6851,customer6851@example.com,UK,2021-11-22,Basic,394.04
6852,Customer 6852,customer6852@example.com,AU,2021-07-11,Premium,3254.98
6853,Customer 6853,customer6853@example.com,AU,2022-12-20,Premium,1730.85
6854,Customer 6854,customer6854@example.com,CA,2023-12-14,Basic,1399.39
6855,Customer 6855,customer6855@example.com,AU,2018-02-01,Standard,2963.76
6856,Customer 6856,customer6856@example.com,CA,2022-01-12,Standard,5609.59
6857,Customer 6857,customer6857@example.com,US,2024-09-18,Standard,5289.49
6858,Customer 6858,customer6858@example.com,US,2019-06-07,Basic,270.22
6859,Customer 6859,customer6859@example.com,US,2018-04-08,Standard,1113.03
6860,Customer 6860,customer6860@example.com,DE,2021-09-11,Premium,3082.69
6861,Customer 6861,customer6861@example.com,IN,2021-09-25,Premium,7887.77
6862,Customer 6862,customer6862@example.com,IN,2019-01-27,Basic,2700.11
6863,Customer 6863,customer6863@example.com,FR,2024-03-26,Standard,8018.69
6864,Customer 6864,customer6864@example.com,DE,2019-06-12,Basic,460.49
6865,Customer 6865,customer6865@example.com,US,2023-09-20,Basic,5599.11
6866,Customer 6866,customer6866@example.com,IN,2020-07-03,Premium,3916.71
6867,Customer 6867,customer6867@example.com,AU,2021-11-11,Standard,9815.25
6868,Customer 6868,customer6868@example.com,IN,2018-04-13,Basic,9954.33
6869,Customer 6869,customer6869@example.com,FR,2024-04-05,Basic,7753.78
6870,Customer 6870,customer6870@example.com,CA,2019-08-21,Premium,2296.99
6871,Customer 6871,customer6871@example.com,CA,2024-12-16,Basic,9058.52
6872,Customer 6872,customer6872@example.com,FR,2020-10-23,Premium,8237.99
6873,Customer 6873,customer6873@example.com,FR,2024-09-08,Basic,236.03
6874,Customer 6874,customer6874@example.com,AU,2021-09-21,Basic,3299.31
6875,Customer 6875,customer6875@example.com,DE,2023-07-13,Standard,5964.33
6876,Customer 6876,customer6876@example.com,DE,2018-03-27,Basic,7619.65
6877,Customer 6877,customer6877@example.com,UK,2024-06-16,Basic,106.56
6878,Customer 6878,customer6878@example.com,FR,2024-10-04,Standard,5707.74
6879,Customer 6879,customer6879@example.com,US,2021-05-05,Standard,8949.24
6880,Customer 6880,customer6880@example.com,IN,2024-10-25,Basic,4348.59
6881,Customer 6881,customer6881@example.com,FR,2018-10-01,Basic,579.86
6882,Customer 6882,customer6882@example.com,DE,2022-09-18,Standard,2481.87
6883,Customer 6883,customer6883@example.com,FR,2021-01-24,Standard,4496.12
6884,Customer 6884,customer6884@example.com,US,2018-12-06,Standard,3251.64
6885,Customer 6885,customer6885@example.com,FR,2022-08-25,Premium,9271.79
6886,Customer 6886,customer6886@example.com,FR,2024-04-13,Premium,3058.53
6887,Customer 6887,customer6887@example.com,IN,2018-08-28,Premium,3641.37
6888,Customer 6888,customer6888@example.com,CA,2018-03-25,Basic,2875.49
6889,Customer 6889,customer6889@example.com,FR,2022-06-21,Basic,6176.43
6890,Customer 6890,customer6890@example.com,CA,2024-11-15,Standard,3028.03
6891,Customer 6891,customer6891@example.com,DE,2023-02-27,Standard,8610.84
6892,Customer 6892,customer6892@example.com,UK,2021-08-16,Premium,5361.89
6893,Customer 6893,customer6893@example.com,CA,2020-01-25,Premium,7465.07
6894,Customer 6894,customer6894@example.com,DE,2019-12-15,Premium,3084.67
6895,Customer 6895,customer6895@example.com,US,2018-05-11,Standard,892.16
6896,Customer 6896,customer6896@example.com,CA,2019-06-01,Standard,1195.05
6897,Customer 6897,customer6897@example.com,DE,2021-11-01,Premium,9428.74
6898,Customer 6898,customer6898@example.com,FR,2024-09-25,Premium,3343.52
6899,Customer 6899,customer6899@example.com,DE,2021-07-15,Standard,2889.71
6900,Customer 6900,customer6900@example.com,IN,2018-04-28,Standard,1823.76
6901,Customer 6901,customer6901@example.com,FR,2024-04-25,Standard,247.97
6902,Customer 6902,customer6902@example.com,DE,2019-11-05,Standard,4576.57
6903,Customer 6903,customer6903@example.com,UK,2020-05-22,Premium,6605.87
6904,Customer 6904,customer6904@example.com,IN,2021-10-16,Basic,6037.86
6905,Customer 6905,customer6905@example.com,DE,2020-01-13,Premium,8498.40
6906,Customer 6906,customer6906@example.com,DE,2024-01-12,Premium,5301.07
6907,Customer 6907,customer6907@example.com,UK,2018-07-08,Standard,300.53
6908,Customer 6908,customer6908@example.com,AU,2019-07-27,Basic,4407.33
6909,Customer 6909,customer6909@example.com,UK,2024-12-03,Basic,997.39
6910,Customer 6910,customer6910@example.com,UK,2019-02-11,Standard,3025.36
6911,Customer 6911,customer6911@example.com,UK,2024-09-24,Premium,8309.28
6912,Customer 6912,customer6912@example.com,US,2021-05-22,Premium,4131.98
6913,Customer 6913,customer6913@example.com,IN,2019-12-26,Premium,3655.91
6914,Customer 6914,customer6914@example.com,UK,2024-08-15,Premium,9008.49
6915,Customer 6915,customer6915@example.com,FR,2024-10-10,Premium,4800.91
6916,Customer 6916,customer6916@example.com,AU,2018-01-21,Standard,2290.78
6917,Customer 6917,customer6917@example.com,UK,2021-12-24,Premium,9714.65
6918,Customer 6918,customer6918@example.com,US,2020-08-02,Basic,1653.23
6919,Customer 6919,customer6919@example.com,US,2021-05-22,Basic,7824.33
6920,Customer 6920,customer6920@example.com,AU,2022-01-07,Premium,1930.97
6921,Customer 6921,customer6921@example.com,US,2022-09-09,Premium,6747.10
6922,Customer 6922,customer6922@example.com,US,2019-03-12,Basic,2469.66
6923,Customer 6923,customer6923@example.com,UK,2020-05-16,Standard,6228.05
6924,Customer 6924,customer6924@example.com,FR,2024-10-10,Standard,939.05
6925,Customer 6925,customer6925@example.com,US,2018-01-09,Premium,6496.66
6926,Customer 6926,customer6926@example.com,UK,2024-07-10,Basic,3481.76
6927,Customer 6927,customer6927@example.com,US,2022-03-24,Premium,1923.64
6928,Customer 6928,customer6928@example.com,DE,2022-03-23,Basic,7207.62
6929,Customer 6929,customer6929@example.com,DE,2023-07-10,Premium,5189.82
6930,Customer 6930,customer6930@example.com,DE,2021-12-20,Basic,3160.13
6931,Customer 6931,customer6931@example.com,CA,2023-01-16,Basic,9975.26
6932,Customer 6932,customer6932@example.com,AU,2019-08-08,Premium,104.66
6933,Customer 6933,customer6933@example.com,AU,2021-11-10,Basic,8057.63
6934,Customer 6934,customer6934@example.com,UK,2019-07-14,Basic,2419.89
6935,Customer 6935,customer6935@example.com,FR,2023-04-04,Standard,9168.89
6936,Customer 6936,customer6936@example.com,IN,2018-11-06,Standard,3381.83
6937,Customer 6937,customer6937@example.com,DE,2022-12-12,Basic,2950.60
6938,Customer 6938,customer6938@example.com,UK,2022-12-24,Premium,7845.48
6939,Customer 6939,customer6939@example.com,US,2024-11-23,Standard,9455.31
6940,Customer 6940,customer6940@example.com,DE,2020-03-13,Basic,6181.36
6941,Customer 6941,customer6941@example.com,US,2018-11-25,Basic,4568.46
6942,Customer 6942,customer6942@example.com,FR,2022-10-19,Standard,7143.83
6943,Customer 6943,customer6943@example.com,DE,2018-08-28,Standard,1850.27
6944,Customer 6944,customer6944@example.com,FR,2022-09-09,Premium,1337.71
6945,Customer 6945,customer6945@example.com,AU,2024-06-15,Premium,5582.37
6946,Customer 6946,customer6946@example.com,AU,2021-08-08,Standard,5519.66
6947,Customer 6947,customer6947@example.com,FR,2018-10-31,Basic,6286.98
6948,Customer 6948,customer6948@example.com,UK,2019-06-25,Premium,785.55
6949,Customer 6949,customer6949@example.com,US,2022-05-20,Standard,6298.03
6950,Customer 6950,customer6950@example.com,CA,2022-12-15,Premium,3925.18
6951,Customer 6951,customer6951@example.com,AU,2023-05-12,Basic,4333.02
6952,Customer 6952,customer6952@example.com,DE,2020-10-04,Premium,1596.57
6953,Customer 6953,customer6953@example.com,CA,2023-06-15,Premium,5437.60
6954,Customer 6954,customer6954@example.com,IN,2019-09-29,Premium,8703.15
6955,Customer 6955,customer6955@example.com,FR,2023-10-18,Basic,2916.39
6956,Customer 6956,customer6956@example.com,IN,2022-02-14,Standard,2284.64
6957,Customer 6957,customer6957@example.com,FR,2018-12-10,Premium,2932.06
6958,Customer 6958,customer6958@example.com,UK,2024-10-19,Standard,2006.39
6959,Customer 6959,customer6959@example.com,US,2018-04-29,Basic,2523.93
6960,Customer 6960,customer6960@example.com,AU,2021-10-10,Premium,5741.00
6961,Customer 6961,customer6961@example.com,IN,2024-05-01,Basic,1570.18
6962,Customer 6962,customer6962@example.com,UK,2018-10-27,Premium,1517.69
6963,Customer 6963,customer6963@example.com,FR,2021-11-12,Basic,6621.19
6964,Customer 6964,customer6964@example.com,IN,2022-04-06,Standard,6164.80
6965,Customer 6965,customer6965@example.com,UK,2023-05-15,Basic,7164.70
6966,Customer 6966,customer6966@example.com,US,2023-07-04,Basic,5582.07
6967,Customer 6967,customer6967@example.com,AU,2023-07-29,Standard,3490.74
6968,Customer 6968,customer6968@example.com,US,2021-10-28,Premium,9201.56
6969,Customer 6969,customer6969@example.com,UK,2018-06-18,Premium,1073.78
6970,Customer 6970,customer6970@example.com,DE,2018-05-05,Standard,8057.90
6971,Customer 6971,customer6971@example.com,UK,2022-10-19,Standard,2999.09
6972,Customer 6972,customer6972@example.com,FR,2022-12-29,Premium,8727.89
6973,Customer 6973,customer6973@example.com,DE,2018-09-18,Premium,4929.73
6974,Customer 6974,customer6974@example.com,DE,2021-07-18,Standard,2284.01
6975,Customer 6975,customer6975@example.com,AU,2020-10-16,Standard,9506.80
6976,Customer 6976,customer6976@example.com,DE,2022-05-26,Standard,9310.49
6977,Customer 6977,customer6977@example.com,FR,2024-11-18,Standard,9776.54
6978,Customer 6978,customer6978@example.com,DE,2023-12-07,Standard,5161.96
6979,Customer 6979,customer6979@example.com,IN,2022-10-11,Premium,1730.40
6980,Customer 6980,,AU,2024-06-24,Standard,7110.76
6981,Customer 6981,customer6981@example.com,AU,2019-05-08,Premium,3137.59
6982,Customer 6982,customer6982@example.com,CA,2019-07-20,Standard,157.55
6983,Customer 6983,customer6983@example.com,FR,2024-06-27,Premium,9709.88
6984,Customer 6984,customer6984@example.com,FR,2021-09-01,Standard,5384.94
6985,Customer 6985,customer6985@example.com,DE,2019-03-26,Premium,8202.39
6986,Customer 6986,customer6986@example.com,US,2022-09-24,Premium,7531.87
6987,Customer 6987,customer6987@example.com,FR,2023-07-10,Premium,6013.04
6988,Customer 6988,customer6988@example.com,UK,2021-08-01,Basic,315.67
6989,Customer 6989,customer6989@example.com,FR,2024-07-21,Premium,2648.27
6990,Customer 6990,customer6990@example.com,DE,2019-07-22,Premium,1396.81
6991,Customer 6991,customer6991@example.com,US,2021-05-18,Standard,8699.90
6992,Customer 6992,customer6992@example.com,CA,2022-03-01,Premium,1941.86
6993,Customer 6993,customer6993@example.com,AU,2020-03-13,Standard,8940.50
6994,Customer 6994,customer6994@example.com,FR,2024-03-03,Basic,9355.69
6995,Customer 6995,customer6995@example.com,CA,2018-01-26,Standard,9116.01
6996,Customer 6996,customer6996@example.com,FR,2024-05-12,Standard,8593.90
6997,Customer 6997,customer6997@example.com,UK,2022-03-11,Premium,8653.79
6998,Customer 6998,customer6998@example.com,DE,2018-08-01,Standard,339.85
6999,Customer 6999,customer6999@example.com,UK,2024-11-07,Basic,1426.15
7000,Customer 7000,customer7000@example.com,DE,2023-01-29,Basic,6838.28
7001,Customer 7001,customer7001@example.com,UK,2020-09-22,Premium,4502.60
7002,Customer 7002,customer7002@example.com,CA,2019-10-02,Basic,655.39
7003,Customer 7003,customer7003@example.com,IN,2021-01-09,Standard,733.91
7004,Customer 7004,customer7004@example.com,FR,2023-06-23,Standard,7682.78
7005,Customer 7005,customer7005@example.com,FR,2018-02-18,Standard,2051.59
7006,Customer 7006,customer7006@example.com,CA,2020-06-18,Basic,1492.19
7007,Customer 7007,customer7007@example.com,AU,2023-11-01,Standard,2084.57
7008,Customer 7008,customer7008@example.com,US,2018-10-03,Premium,8844.48
7009,Customer 7009,customer7009@example.com,AU,2019-09-13,Premium,8234.89
7010,Customer 7010,customer7010@example.com,AU,2018-07-20,Basic,6791.30
7011,Customer 7011,customer7011@example.com,DE,2023-08-24,Standard,1352.35
7012,Customer 7012,customer7012@example.com,AU,2020-11-02,Basic,2115.05
7013,Customer 7013,customer7013@example.com,AU,2020-05-20,Standard,8506.24
7014,Customer 7014,customer7014@example.com,CA,2024-06-18,Standard,327.12
7015,Customer 7015,customer7015@example.com,AU,2023-09-18,Premium,9391.20
7016,Customer 7016,customer7016@example.com,CA,2024-01-22,Basic,4114.17
7017,Customer 7017,customer7017@example.com,CA,2018-12-18,Basic,2147.77
7018,Customer 7018,customer7018@example.com,US,2021-10-06,Basic,6804.07
7019,Customer 7019,customer7019@example.com,IN,2021-03-17,Standard,8779.41
7020,Customer 7020,customer7020@example.com,IN,2019-06-30,Premium,5666.68
7021,Customer 7021,customer7021@example.com,DE,2022-09-14,Standard,5725.77
7022,Customer 7022,customer7022@example.com,AU,2018-08-01,Premium,8684.16
7023,Customer 7023,customer7023@example.com,UK,2020-12-07,Basic,3758.95
7024,Customer 7024,customer7024@example.com,AU,2019-01-19,Basic,9312.23
7025,Customer 7025,customer7025@example.com,DE,2018-07-24,Basic,9694.32
7026,Customer 7026,customer7026@example.com,AU,2018-01-04,Premium,1171.98
7027,Customer 7027,customer7027@example.com,DE,2021-04-10,Standard,1186.27
7028,Customer 7028,customer7028@example.com,DE,2023-12-14,Basic,6940.14
7029,Customer 7029,customer7029@example.com,CA,2018-09-03,Basic,8789.97
7030,Customer 7030,customer7030@example.com,UK,2023-11-16,Basic,5144.75
7031,Customer 7031,customer7031@example.com,CA,2018-05-27,Standard,2627.28
7032,Customer 7032,customer7032@example.com,US,2018-09-08,Standard,708.21
7033,Customer 7033,customer7033@example.com,UK,2018-09-19,Standard,4116.10
7034,Customer 7034,customer7034@example.com,IN,2021-10-24,Premium,6902.33
7035,Customer 7035,customer7035@example.com,AU,2021-09-14,Premium,5272.16
7036,Customer 7036,customer7036@example.com,CA,2019-02-27,Standard,5199.01
7037,Customer 7037,customer7037@example.com,UK,2023-05-10,Standard,4635.01
7038,Customer 7038,customer7038@example.com,DE,2023-09-03,Premium,2051.14
7039,Customer 7039,customer7039@example.com,IN,2018-02-19,Premium,9229.53
7040,Customer 7040,customer7040@example.com,IN,2021-07-25,Standard,2890.14
7041,Customer 7041,customer7041@example.com,US,2023-06-18,Standard,5534.26
7042,Customer 7042,customer7042@example.com,US,2019-01-09,Basic,468.30
7043,Customer 7043,customer7043@example.com,FR,2019-02-25,Standard,8984.83
7044,Customer 7044,customer7044@example.com,IN,2024-04-07,Basic,7062.51
7045,Customer 7045,customer7045@example.com,FR,2019-02-26,Standard,1024.75
7046,Customer 7046,customer7046@example.com,DE,2023-10-15,Standard,4300.50
7047,Customer 7047,customer7047@example.com,AU,2023-10-21,Standard,1216.95
7048,Customer 7048,customer7048@example.com,IN,2024-05-28,Standard,8283.36
7049,Customer 7049,customer7049@example.com,FR,2022-12-02,Standard,5833.51
7050,Customer 7050,customer7050@example.com,CA,2023-11-06,Premium,6673.56
7051,Customer 7051,customer7051@example.com,UK,2022-08-23,Premium,4817.25
7052,Customer 7052,customer7052@example.com,US,2021-08-07,Premium,3395.11
7053,Customer 7053,customer7053@example.com,IN,2020-04-29,Standard,1976.95
7054,Customer 7054,customer7054@example.com,DE,2024-01-18,Premium,5921.82
7055,Customer 7055,customer7055@example.com,FR,2021-09-02,Standard,7085.33
7056,Customer 7056,customer7056@example.com,IN,2022-02-22,Premium,3710.99
7057,Customer 7057,customer7057@example.com,UK,2020-10-10,Basic,6595.72
7058,Customer 7058,customer7058@example.com,AU,2023-09-17,Premium,2894.66
7059,Customer 7059,customer7059@example.com,FR,2022-06-28,Basic,1506.06
7060,Customer 7060,customer7060@example.com,FR,2023-05-29,Standard,5639.62
7061,Customer 7061,customer7061@example.com,US,2021-09-14,Basic,8162.40
7062,Customer 7062,customer7062@example.com,FR,2022-10-19,Basic,4900.29
7063,Customer 7063,customer7063@example.com,AU,2020-05-02,Premium,8166.39
7064,Customer 7064,customer7064@example.com,AU,2020-04-09,Premium,1601.09
7065,Customer 7065,customer7065@example.com,IN,2021-10-28,Premium,1660.14
7066,Customer 7066,customer7066@example.com,AU,2023-03-08,Premium,4842.00
7067,Customer 7067,customer7067@example.com,FR,2022-10-28,Basic,5645.74
7068,Customer 7068,customer7068@example.com,CA,2020-06-28,Standard,3234.89
7069,Customer 7069,customer7069@example.com,CA,2022-02-28,Basic,7130.19
7070,Customer 7070,customer7070@example.com,UK,2021-08-03,Premium,8760.40
7071,Customer 7071,customer7071@example.com,DE,2021-05-13,Standard,1154.30
7072,Customer 7072,customer7072@example.com,UK,2018-01-19,Basic,4724.45
7073,Customer 7073,customer7073@example.com,UK,2018-02-01,Basic,9169.37
7074,Customer 7074,customer7074@example.com,FR,2019-05-28,Basic,8439.46
7075,Customer 7075,customer7075@example.com,CA,2023-02-14,Premium,5600.14
7076,Customer 7076,customer7076@example.com,CA,2019-11-15,Standard,7954.25
7077,Customer 7077,customer7077@example.com,FR,2023-02-11,Basic,9506.25
7078,Customer 7078,customer7078@example.com,US,2019-05-11,Basic,2995.65
7079,Customer 7079,customer7079@example.com,DE,2019-06-10,Basic,7351.63
7080,Customer 7080,customer7080@example.com,CA,2023-08-27,Standard,2064.35
7081,Customer 7081,customer7081@example.com,AU,2024-10-04,Premium,185.34
7082,Customer 7082,customer7082@example.com,US,2019-08-23,Premium,575.69
7083,Customer 7083,customer7083@example.com,UK,2021-02-15,Premium,2015.27
7084,Customer 7084,customer7084@example.com,CA,2021-04-03,Standard,2244.40
7085,Customer 7085,customer7085@example.com,CA,2018-08-01,Standard,7414.71
7086,Customer 7086,customer7086@example.com,FR,2023-01-06,Standard,1029.96
7087,Customer 7087,customer7087@example.com,IN,2022-10-16,Premium,6810.77
7088,Customer 7088,customer7088@example.com,IN,2023-04-29,Premium,3824.36
7089,Customer 7089,customer7089@example.com,CA,2024-11-03,Standard,3563.68
7090,Customer 7090,customer7090@example.com,FR,2022-07-08,Standard,4126.52
7091,Customer 7091,customer7091@example.com,US,2024-10-23,Basic,7261.95
7092,Customer 7092,customer7092@example.com,FR,2023-11-17,Premium,2028.24
7093,Customer 7093,customer7093@example.com,AU,2020-12-25,Premium,272.91
7094,Customer 7094,customer7094@example.com,CA,2022-02-10,Premium,1698.62
7095,Customer 7095,customer7095@example.com,AU,2021-02-27,Premium,9865.49
7096,Customer 7096,customer7096@example.com,FR,2022-02-02,Premium,7825.28
7097,Customer 7097,customer7097@example.com,IN,2020-03-31,Basic,1904.76
7098,Customer 7098,customer7098@example.com,AU,2018-12-28,Basic,851.79
7099,Customer 7099,customer7099@example.com,DE,2020-09-25,Basic,7063.86
7100,Customer 7100,customer7100@example.com,FR,2018-03-29,Standard,6963.47
7101,Customer 7101,customer7101@example.com,FR,2020-09-23,Standard,595.68
7102,Customer 7102,customer7102@example.com,US,2021-10-02,Standard,7907.05
7103,Customer 7103,customer7103@example.com,IN,2019-04-14,Premium,9087.94
7104,Customer 7104,customer7104@example.com,DE,2018-06-02,Basic,7050.78
7105,Customer 7105,customer7105@example.com,US,2018-10-11,Standard,7117.51
7106,Customer 7106,customer7106@example.com,UK,2022-09-13,Premium,404.23
7107,Customer 7107,customer7107@example.com,US,2019-07-06,Standard,3551.63
7108,Customer 7108,customer7108@example.com,IN,2020-05-05,Basic,2690.38
7109,Customer 7109,customer7109@example.com,FR,2021-10-09,Basic,4611.57
7110,Customer 7110,customer7110@example.com,IN,2020-04-12,Premium,3254.58
7111,Customer 7111,customer7111@example.com,IN,2023-08-12,Basic,2149.46
7112,Customer 7112,customer7112@example.com,FR,2019-01-01,Basic,1950.22
7113,Customer 7113,customer7113@example.com,DE,2024-05-25,Standard,4772.74
7114,Customer 7114,customer7114@example.com,US,2020-10-29,Standard,2500.41
7115,Customer 7115,customer7115@example.com,CA,2023-09-01,Standard,9851.02
7116,Customer 7116,customer7116@example.com,FR,2021-03-07,Basic,8334.37
7117,Customer 7117,customer7117@example.com,AU,2019-10-01,Premium,8778.30
7118,Customer 7118,customer7118@example.com,US,2023-07-20,Basic,1473.22
7119,Customer 7119,customer7119@example.com,CA,2022-07-28,Standard,3712.18
7120,Customer 7120,customer7120@example.com,AU,2023-10-25,Premium,3172.74
7121,Customer 7121,customer7121@example.com,IN,2021-09-26,Standard,8597.28
7122,Customer 7122,customer7122@example.com,IN,2019-11-13,Basic,5030.79
7123,Customer 7123,customer7123@example.com,UK,2021-04-03,Premium,490.04
7124,Customer 7124,customer7124@example.com,US,2019-08-02,Premium,5506.43
7125,Customer 7125,customer7125@example.com,CA,2018-07-23,Premium,3111.52
7126,Customer 7126,customer7126@example.com,CA,2022-03-25,Premium,3264.33
7127,Customer 7127,customer7127@example.com,IN,2018-04-09,Basic,7680.33
7128,Customer 7128,customer7128@example.com,DE,2020-05-03,Premium,5005.52
7129,Customer 7129,customer7129@example.com,US,2022-06-30,Basic,2108.89
7130,Customer 7130,customer7130@example.com,US,2020-03-22,Premium,3270.66
7131,Customer 7131,customer7131@example.com,FR,2020-06-08,Standard,6022.90
7132,Customer 7132,customer7132@example.com,AU,2020-04-02,Premium,985.15
7133,Customer 7133,customer7133@example.com,US,2018-08-21,Basic,473.39
7134,Customer 7134,customer7134@example.com,US,2023-11-26,Basic,5927.58
7135,Customer 7135,customer7135@example.com,US,2024-03-15,Standard,5258.31
7136,Customer 7136,customer7136@example.com,CA,2018-01-15,Standard,8550.72
7137,Customer 7137,customer7137@example.com,IN,2018-07-03,Premium,5314.60
7138,Customer 7138,customer7138@example.com,UK,2021-10-07,Basic,9523.21
7139,Customer 7139,customer7139@example.com,US,2021-10-04,Basic,8819.73
7140,Customer 7140,customer7140@example.com,IN,2020-01-07,Basic,6861.13
7141,Customer 7141,customer7141@example.com,IN,2020-07-31,Premium,9242.28
7142,Customer 7142,customer7142@example.com,CA,2020-06-22,Basic,4490.47
7143,Customer 7143,customer7143@example.com,FR,2018-12-29,Premium,7726.11
7144,Customer 7144,customer7144@example.com,FR,2019-11-29,Basic,9170.28
7145,Customer 7145,customer7145@example.com,US,2023-09-28,Premium,1489.27
7146,Customer 7146,customer7146@example.com,UK,2022-10-24,Basic,761.12
7147,Customer 7147,customer7147@example.com,AU,2024-06-01,Standard,7820.12
7148,Customer 7148,customer7148@example.com,CA,2020-11-16,Standard,8483.36
7149,Customer 7149,customer7149@example.com,AU,2021-11-24,Basic,2280.85
7150,Customer 7150,customer7150@example.com,AU,2018-12-28,Premium,9796.83
7151,Customer 7151,customer7151@example.com,CA,2024-02-25,Premium,6776.00
7152,Customer 7152,customer7152@example.com,CA,2020-09-28,Premium,8633.98
7153,Customer 7153,customer7153@example.com,FR,2023-07-30,Premium,6086.14
7154,Customer 7154,customer7154@example.com,IN,2023-08-26,Standard,9789.45
7155,Customer 7155,customer7155@example.com,US,2024-04-03,Basic,9875.61
7156,Customer 7156,customer7156@example.com,CA,2021-06-17,Premium,6705.93
7157,Customer 7157,customer7157@example.com,IN,2020-08-11,Standard,9987.11
7158,Customer 7158,customer7158@example.com,CA,2021-12-29,Basic,384.94
7159,Customer 7159,customer7159@example.com,CA,2019-03-02,Standard,8141.72
7160,Customer 7160,customer7160@example.com,FR,2023-05-16,Basic,8681.06
7161,Customer 7161,customer7161@example.com,IN,2023-07-22,Standard,4041.47
7162,Customer 7162,customer7162@example.com,UK,2023-12-15,Basic,8123.86
7163,Customer 7163,customer7163@example.com,UK,2022-08-03,Premium,4381.18
7164,Customer 7164,customer7164@example.com,IN,2022-01-04,Premium,969.04
7165,Customer 7165,customer7165@example.com,CA,2022-06-13,Basic,1698.50
7166,Customer 7166,customer7166@example.com,FR,2019-12-06,Basic,1673.26
7167,Customer 7167,customer7167@example.com,FR,2022-11-06,Standard,4494.15
7168,Customer 7168,customer7168@example.com,AU,2023-10-10,Premium,5741.77
7169,Customer 7169,customer7169@example.com,CA,2020-03-08,Standard,6471.46
7170,Customer 7170,customer7170@example.com,US,2022-06-07,Standard,1773.18
7171,Customer 7171,customer7171@example.com,IN,2024-10-02,Basic,8930.71
7172,Customer 7172,customer7172@example.com,IN,2024-10-31,Premium,4691.62
7173,Customer 7173,customer7173@example.com,IN,2024-07-18,Premium,8103.39
7174,Customer 7174,customer7174@example.com,IN,2024-01-03,Premium,1442.23
7175,Customer 7175,customer7175@example.com,DE,2024-12-24,Standard,4854.70
7176,Customer 7176,customer7176@example.com,UK,2022-11-12,Standard,9747.86
7177,Customer 7177,customer7177@example.com,AU,2023-07-25,Standard,3034.22
7178,Customer 7178,customer7178@example.com,IN,2020-02-09,Basic,3756.64
7179,Customer 7179,customer7179@example.com,CA,2023-12-20,Premium,3239.17
7180,Customer 7180,customer7180@example.com,US,2021-04-06,Premium,7754.75
7181,Customer 7181,customer7181@example.com,US,2022-05-07,Standard,4880.17
7182,Customer 7182,customer7182@example.com,IN,2020-02-11,Basic,792.71
7183,Customer 7183,customer7183@example.com,AU,2019-07-24,Basic,9576.93
7184,Customer 7184,customer7184@example.com,AU,2021-12-14,Standard,3574.10
7185,Customer 7185,customer7185@example.com,US,2023-12-29,Basic,4469.87
7186,Customer 7186,customer7186@example.com,CA,2019-04-13,Standard,5303.26
7187,Customer 7187,customer7187@example.com,US,2018-08-18,Basic,3674.50
7188,Customer 7188,customer7188@example.com,US,2018-01-18,Basic,6074.34
7189,Customer 7189,customer7189@example.com,DE,2021-01-09,Basic,7069.66
7190,Customer 7190,customer7190@example.com,UK,2023-11-12,Standard,5655.66
7191,Customer 7191,customer7191@example.com,FR,2021-12-02,Basic,4684.25
7192,Customer 7192,customer7192@example.com,US,2020-08-12,Basic,264.94
7193,Customer 7193,customer7193@example.com,UK,2024-08-12,Premium,278.38
7194,Customer 7194,customer7194@example.com,US,2019-09-07,Standard,6372.84
7195,Customer 7195,customer7195@example.com,US,2023-09-09,Standard,8372.57
7196,Customer 7196,customer7196@example.com,US,2023-07-14,Standard,1792.06
7197,Customer 7197,customer7197@example.com,AU,2018-04-05,Standard,6649.52
7198,Customer 7198,customer7198@example.com,IN,2021-11-12,Premium,9955.09
7199,Customer 7199,customer7199@example.com,UK,2020-07-19,Premium,4139.94
7200,Customer 7200,customer7200@example.com,UK,2019-05-03,Basic,5651.86
7201,Customer 7201,customer7201@example.com,FR,2019-11-20,Premium,235.04
7202,Customer 7202,customer7202@example.com,FR,2020-03-12,Premium,9410.16
7203,Customer 7203,customer7203@example.com,AU,2020-12-07,Premium,9056.52
7204,Customer 7204,customer7204@example.com,CA,2022-10-01,Premium,2669.67
7205,Customer 7205,customer7205@example.com,AU,2024-06-09,Standard,3698.45
7206,Customer 7206,customer7206@example.com,FR,2021-03-26,Premium,7003.13
7207,Customer 7207,customer7207@example.com,DE,2023-07-20,Basic,1011.01
7208,Customer 7208,customer7208@example.com,CA,2021-02-08,Standard,3971.18
7209,Customer 7209,customer7209@example.com,CA,2024-09-13,Standard,9022.79
7210,Customer 7210,customer7210@example.com,CA,2023-07-25,Standard,592.03
7211,Customer 7211,customer7211@example.com,FR,2024-02-02,Standard,7910.96
7212,Customer 7212,customer7212@example.com,DE,2021-05-29,Standard,9403.47
7213,Customer 7213,customer7213@example.com,UK,2020-11-07,Standard,7273.08
7214,Customer 7214,customer7214@example.com,DE,2022-04-09,Basic,4348.46
7215,Customer 7215,customer7215@example.com,IN,2024-01-07,Basic,8244.94
7216,Customer 7216,customer7216@example.com,DE,2023-10-07,Premium,6695.95
7217,Customer 7217,customer7217@example.com,AU,2021-01-01,Basic,2063.16
7218,Customer 7218,customer7218@example.com,DE,2024-04-19,Basic,8575.88
7219,Customer 7219,customer7219@example.com,CA,2021-12-17,Basic,5515.62
7220,Customer 7220,customer7220@example.com,FR,2019-10-18,Standard,8338.04
7221,Customer 7221,customer7221@example.com,UK,2022-11-14,Standard,8315.72
7222,Customer 7222,customer7222@example.com,IN,2021-07-06,Premium,1627.15
7223,Customer 7223,customer7223@example.com,AU,2023-03-03,Standard,3712.69
7224,Customer 7224,customer7224@example.com,FR,2018-01-19,Basic,9020.81
7225,Customer 7225,customer7225@example.com,DE,2020-09-25,Premium,7754.08
7226,Customer 7226,customer7226@example.com,CA,2022-08-01,Basic,5652.44
7227,Customer 7227,customer7227@example.com,CA,2020-10-28,Standard,2514.17
7228,Customer 7228,customer7228@example.com,CA,2022-10-30,Basic,6936.04
7229,Customer 7229,customer7229@example.com,AU,2024-01-03,Premium,3624.71
7230,Customer 7230,customer7230@example.com,AU,2021-06-05,Standard,8017.13
7231,Customer 7231,customer7231@example.com,DE,2018-05-11,Basic,1831.20
7232,Customer 7232,customer7232@example.com,DE,2022-07-01,Standard,1735.33
7233,Customer 7233,customer7233@example.com,AU,2018-02-03,Premium,4633.07
7234,Customer 7234,customer7234@example.com,DE,2019-12-07,Basic,7609.02
7235,Customer 7235,customer7235@example.com,IN,2018-07-07,Basic,4727.66
7236,Customer 7236,customer7236@example.com,UK,2023-07-01,Premium,8460.91
7237,Customer 7237,customer7237@example.com,IN,2021-07-13,Standard,6385.87
7238,Customer 7238,customer7238@example.com,DE,2018-01-20,Premium,5666.06
7239,Customer 7239,customer7239@example.com,US,2018-09-17,Standard,1463.30
7240,Customer 7240,customer7240@example.com,IN,2021-12-09,Premium,3608.04
7241,Customer 7241,customer7241@example.com,CA,2019-06-28,Basic,7002.30
7242,Customer 7242,customer7242@example.com,US,2021-05-13,Standard,329.28
7243,Customer 7243,customer7243@example.com,UK,2024-04-22,Premium,3185.35
7244,Customer 7244,customer7244@example.com,DE,2020-07-18,Premium,1478.76
7245,Customer 7245,customer7245@example.com,FR,2024-09-09,Standard,7740.61
7246,Customer 7246,customer7246@example.com,CA,2020-08-10,Premium,7530.91
7247,Customer 7247,,IN,2021-09-16,Premium,878.83
7248,Customer 7248,customer7248@example.com,CA,2019-02-16,Premium,1508.14
7249,Customer 7249,customer7249@example.com,CA,2021-12-15,Basic,389.01
7250,Customer 7250,customer7250@example.com,AU,2019-11-15,Standard,3643.90
7251,Customer 7251,customer7251@example.com,FR,2020-12-18,Premium,5558.47
7252,Customer 7252,customer7252@example.com,AU,2022-04-07,Premium,8080.63
7253,Customer 7253,customer7253@example.com,DE,2019-03-31,Basic,606.01
7254,Customer 7254,customer7254@example.com,DE,2023-07-25,Premium,5332.44
7255,Customer 7255,customer7255@example.com,IN,2021-12-04,Standard,2996.30
7256,Customer 7256,customer7256@example.com,US,2020-11-29,Basic,7590.33
7257,Customer 7257,customer7257@example.com,US,2024-10-08,Basic,900.13
7258,Customer 7258,customer7258@example.com,UK,2021-08-20,Premium,876.09
7259,Customer 7259,customer7259@example.com,CA,2021-05-31,Standard,8305.09
7260,Customer 7260,customer7260@example.com,DE,2020-06-19,Basic,4592.18
7261,Customer 7261,customer7261@example.com,US,2022-09-08,Premium,4791.67
7262,Customer 7262,customer7262@example.com,IN,2019-03-17,Standard,4610.71
7263,Customer 7263,customer7263@example.com,UK,2022-12-17,Standard,3914.19
7264,Customer 7264,customer7264@example.com,AU,2019-07-30,Premium,6711.23
7265,Customer 7265,customer7265@example.com,AU,2023-05-03,Standard,9636.89
7266,Customer 7266,customer7266@example.com,CA,2019-11-15,Standard,2647.55
7267,Customer 7267,customer7267@example.com,US,2019-12-13,Standard,384.60
7268,Customer 7268,customer7268@example.com,DE,2023-11-24,Premium,5160.52
7269,Customer 7269,customer7269@example.com,AU,2022-12-16,Standard,1681.86
7270,Customer 7270,customer7270@example.com,IN,2024-12-20,Premium,4296.57
7271,Customer 7271,customer7271@example.com,UK,2018-12-10,Basic,8339.35
7272,Customer 7272,customer7272@example.com,UK,2018-03-24,Premium,9237.18
7273,Customer 7273,customer7273@example.com,IN,2021-10-08,Premium,4414.68
7274,Customer 7274,customer7274@example.com,FR,2018-08-31,Standard,3422.31
7275,Customer 7275,customer7275@example.com,CA,2021-09-13,Basic,6193.90
7276,Customer 7276,customer7276@example.com,IN,2024-01-21,Premium,9185.08
7277,Customer 7277,customer7277@example.com,UK,2022-09-12,Standard,2352.88
7278,Customer 7278,customer7278@example.com,AU,2019-02-14,Premium,9527.46
7279,Customer 7279,customer7279@example.com,UK,2021-02-22,Premium,8295.07
7280,Customer 7280,customer7280@example.com,IN,2024-03-27,Basic,9576.97
7281,Customer 7281,customer7281@example.com,DE,2023-08-19,Standard,8517.07
7282,Customer 7282,customer7282@example.com,US,2021-04-10,Basic,1607.31
7283,Customer 7283,customer7283@example.com,UK,2022-02-21,Basic,8177.51
7284,Customer 7284,customer7284@example.com,FR,2021-05-04,Standard,557.36
7285,Customer 7285,customer7285@example.com,CA,2019-08-16,Basic,1839.47
7286,Customer 7286,customer7286@example.com,CA,2020-08-30,Premium,2538.53
7287,Customer 7287,customer7287@example.com,UK,2023-04-15,Standard,7694.38
7288,Customer 7288,customer7288@example.com,FR,2022-03-31,Standard,1929.57
7289,Customer 7289,customer7289@example.com,IN,2018-09-19,Premium,7211.52
7290,Customer 7290,customer7290@example.com,DE,2024-08-15,Premium,7510.02
7291,Customer 7291,customer7291@example.com,CA,2020-11-25,Premium,8963.47
7292,Customer 7292,customer7292@example.com,IN,2020-04-11,Basic,3061.63
7293,Customer 7293,customer7293@example.com,FR,2024-11-24,Standard,2327.74
7294,Customer 7294,customer7294@example.com,AU,2018-12-13,Premium,6888.19
7295,Customer 7295,customer7295@example.com,AU,2019-10-05,Basic,9815.09
7296,Customer 7296,customer7296@example.com,FR,2023-06-05,Premium,6814.22
7297,Customer 7297,customer7297@example.com,US,2021-08-06,Premium,4139.20
7298,Customer 7298,customer7298@example.com,CA,2024-07-22,Premium,9492.37
7299,Customer 7299,customer7299@example.com,FR,2024-10-13,Premium,3959.29
7300,Customer 7300,customer7300@example.com,AU,2021-10-23,Premium,9106.05
7301,Customer 7301,customer7301@example.com,UK,2019-10-25,Basic,1204.27
7302,Customer 7302,customer7302@example.com,FR,2019-08-02,Basic,6182.40
7303,Customer 7303,customer7303@example.com,CA,2018-08-08,Basic,5083.86
7304,Customer 7304,customer7304@example.com,UK,2024-12-08,Premium,1651.64
7305,Customer 7305,customer7305@example.com,IN,2024-03-02,Premium,4031.00
7306,Customer 7306,customer7306@example.com,US,2021-08-12,Standard,2256.53
7307,Customer 7307,customer7307@example.com,FR,2022-11-18,Standard,1227.69
7308,Customer 7308,customer7308@example.com,US,2022-01-10,Premium,5692.31
7309,Customer 7309,customer7309@example.com,CA,2023-01-23,Standard,109.69
7310,Customer 7310,customer7310@example.com,CA,2021-04-11,Standard,8519.38
7311,Customer 7311,customer7311@example.com,CA,2024-12-09,Basic,901.65
7312,Customer 7312,customer7312@example.com,AU,2020-03-15,Premium,2617.53
7313,Customer 7313,customer7313@example.com,DE,2018-07-29,Premium,8107.76
7314,Customer 7314,customer7314@example.com,UK,2018-01-25,Premium,7783.53
7315,Customer 7315,customer7315@example.com,FR,2023-11-03,Premium,5648.57
7316,Customer 7316,customer7316@example.com,IN,2024-11-15,Premium,8881.84
7317,Customer 7317,customer7317@example.com,CA,2021-06-22,Basic,3527.58
7318,Customer 7318,customer7318@example.com,US,2019-11-28,Basic,3230.46
7319,Customer 7319,customer7319@example.com,FR,2023-01-28,Standard,567.59
7320,Customer 7320,customer7320@example.com,CA,2018-07-14,Standard,184.24
7321,Customer 7321,customer7321@example.com,AU,2020-04-22,Standard,4140.06
7322,Customer 7322,customer7322@example.com,CA,2023-02-25,Basic,3545.06
7323,Customer 7323,customer7323@example.com,CA,2018-10-09,Basic,7138.74
7324,Customer 7324,customer7324@example.com,UK,2020-09-10,Standard,5462.86
7325,Customer 7325,customer7325@example.com,US,2018-07-02,Premium,8897.79
7326,Customer 7326,customer7326@example.com,AU,2024-02-29,Basic,1408.41
7327,Customer 7327,customer7327@example.com,UK,2018-10-21,Premium,8726.34
7328,Customer 7328,customer7328@example.com,DE,2019-02-15,Premium,2521.22
7329,Customer 7329,customer7329@example.com,FR,2018-09-04,Premium,5500.37
7330,Customer 7330,customer7330@example.com,UK,2019-09-02,Premium,1075.55
7331,Customer 7331,customer7331@example.com,IN,2024-02-19,Premium,3680.45
7332,Customer 7332,customer7332@example.com,UK,2019-12-13,Premium,7732.39
7333,Customer 7333,customer7333@example.com,CA,2020-03-17,Basic,7338.92
7334,Customer 7334,customer7334@example.com,AU,2022-05-04,Basic,1303.43
7335,Customer 7335,customer7335@example.com,AU,2022-08-11,Premium,4211.83
7336,Customer 7336,customer7336@example.com,US,2020-08-31,Basic,5696.87
7337,Customer 7337,customer7337@example.com,CA,2018-12-19,Basic,9390.27
7338,Customer 7338,customer7338@example.com,FR,2020-10-02,Basic,3865.72
7339,Customer 7339,customer7339@example.com,US,2023-03-24,Basic,5151.78
7340,Customer 7340,customer7340@example.com,CA,2021-06-08,Basic,4912.31
7341,Customer 7341,customer7341@example.com,FR,2020-01-25,Premium,523.14
7342,Customer 7342,customer7342@example.com,DE,2019-06-15,Premium,2644.09
7343,Customer 7343,customer7343@example.com,CA,2019-02-13,Premium,9668.58
7344,Customer 7344,customer7344@example.com,US,2023-02-14,Premium,4393.65
7345,Customer 7345,customer7345@example.com,DE,2024-04-15,Standard,8726.48
7346,Customer 7346,customer7346@example.com,US,2023-12-24,Basic,3274.35
7347,Customer 7347,customer7347@example.com,UK,2020-06-06,Standard,163.56
7348,Customer 7348,customer7348@example.com,DE,2018-11-28,Premium,8833.31
7349,Customer 7349,customer7349@example.com,IN,2018-11-26,Basic,2721.83
7350,Customer 7350,customer7350@example.com,CA,2021-05-29,Standard,2669.46
7351,Customer 7351,customer7351@example.com,DE,2022-09-18,Basic,4778.85
7352,Customer 7352,customer7352@example.com,IN,2022-06-08,Standard,3450.47
7353,Customer 7353,customer7353@example.com,AU,2019-04-16,Basic,1942.04
7354,Customer 7354,customer7354@example.com,FR,2023-08-04,Premium,2439.64
7355,Customer 7355,customer7355@example.com,FR,2019-04-22,Basic,7576.96
7356,Customer 7356,customer7356@example.com,IN,2023-08-12,Standard,7525.83
7357,Customer 7357,customer7357@example.com,AU,2022-10-10,Premium,5888.08
7358,Customer 7358,customer7358@example.com,FR,2019-03-13,Premium,7447.63
7359,Customer 7359,customer7359@example.com,AU,2022-04-13,Standard,5484.64
7360,Customer 7360,customer7360@example.com,US,2022-03-05,Standard,4994.75
7361,Customer 7361,customer7361@example.com,FR,2019-02-08,Premium,5490.26
7362,Customer 7362,customer7362@example.com,AU,2023-11-20,Standard,7499.65
7363,Customer 7363,customer7363@example.com,AU,2018-07-10,Premium,7321.44
7364,Customer 7364,customer7364@example.com,UK,2021-03-28,Basic,3869.73
7365,Customer 7365,customer7365@example.com,US,2021-05-21,Standard,7895.84
7366,Customer 7366,customer7366@example.com,FR,2019-12-22,Standard,4300.20
7367,Customer 7367,customer7367@example.com,CA,2020-06-13,Premium,3038.88
7368,Customer 7368,customer7368@example.com,CA,2019-03-29,Premium,8074.81
7369,Customer 7369,customer7369@example.com,FR,2019-02-01,Basic,3052.08
7370,Customer 7370,customer7370@example.com,CA,2019-02-23,Standard,1937.13
7371,Customer 7371,customer7371@example.com,IN,2020-07-17,Premium,6049.56
7372,Customer 7372,customer7372@example.com,IN,2022-09-23,Premium,8883.03
7373,Customer 7373,customer7373@example.com,FR,2020-12-08,Standard,369.41
7374,Customer 7374,customer7374@example.com,DE,2022-05-10,Standard,3833.37
7375,Customer 7375,customer7375@example.com,IN,2022-05-07,Basic,5154.09
7376,Customer 7376,customer7376@example.com,FR,2018-03-31,Premium,3836.30
7377,Customer 7377,customer7377@example.com,IN,2020-08-05,Premium,380.24
7378,Customer 7378,customer7378@example.com,IN,2020-06-19,Standard,6860.82
7379,Customer 7379,customer7379@example.com,CA,2020-07-22,Standard,7316.47
7380,Customer 7380,customer7380@example.com,CA,2018-11-19,Standard,5808.87
7381,Customer 7381,customer7381@example.com,UK,2019-08-17,Basic,9879.53
7382,Customer 7382,customer7382@example.com,IN,2019-04-11,Basic,6474.11
7383,Customer 7383,customer7383@example.com,FR,2018-08-25,Standard,3365.32
7384,Customer 7384,customer7384@example.com,UK,2021-02-21,Premium,532.44
7385,Customer 7385,customer7385@example.com,DE,2018-07-24,Standard,7453.99
7386,Customer 7386,customer7386@example.com,CA,2019-08-18,Basic,1032.46
7387,Customer 7387,customer7387@example.com,IN,2023-01-25,Premium,1370.00
7388,Customer 7388,customer7388@example.com,UK,2021-02-24,Standard,1328.36
7389,Customer 7389,customer7389@example.com,UK,2018-03-25,Premium,5411.09
7390,Customer 7390,customer7390@example.com,FR,2024-07-17,Standard,6554.84
7391,Customer 7391,customer7391@example.com,AU,2023-05-22,Standard,6803.74
7392,Customer 7392,customer7392@example.com,IN,2024-11-15,Basic,7921.58
7393,Customer 7393,customer7393@example.com,CA,2023-11-03,Basic,2595.24
7394,Customer 7394,customer7394@example.com,IN,2023-05-09,Standard,5858.19
7395,Customer 7395,customer7395@example.com,FR,2024-09-24,Premium,3225.67
7396,Customer 7396,customer7396@example.com,AU,2019-07-07,Premium,4954.29
7397,Customer 7397,customer7397@example.com,US,2021-02-17,Basic,8551.31
7398,Customer 7398,customer7398@example.com,AU,2021-10-07,Standard,3623.87
7399,Customer 7399,customer7399@example.com,CA,2019-01-24,Basic,6236.13
7400,Customer 7400,customer7400@example.com,CA,2019-02-22,Premium,4383.42
7401,Customer 7401,customer7401@example.com,FR,2020-05-15,Basic,8027.81
7402,Customer 7402,customer7402@example.com,AU,2021-07-07,Standard,8629.55
7403,Customer 7403,customer7403@example.com,US,2022-07-29,Premium,8308.00
7404,Customer 7404,customer7404@example.com,UK,2024-09-08,Standard,9812.59
7405,Customer 7405,customer7405@example.com,DE,2021-12-14,Standard,8197.96
7406,Customer 7406,customer7406@example.com,CA,2022-08-25,Premium,4243.67
7407,Customer 7407,customer7407@example.com,DE,2024-10-29,Standard,2257.39
7408,Customer 7408,customer7408@example.com,IN,2023-09-09,Premium,977.93
7409,Customer 7409,customer7409@example.com,AU,2020-05-15,Basic,8544.16
7410,Customer 7410,customer7410@example.com,CA,2024-08-13,Basic,5849.54
7411,Customer 7411,customer7411@example.com,IN,2018-08-08,Standard,5350.97
7412,Customer 7412,customer7412@example.com,UK,2018-07-13,Premium,7659.74
7413,Customer 7413,customer7413@example.com,CA,2018-02-23,Standard,860.91
7414,Customer 7414,customer7414@example.com,FR,2021-11-26,Premium,7973.91
7415,Customer 7415,customer7415@example.com,CA,2019-12-05,Premium,3951.27
7416,Customer 7416,customer7416@example.com,AU,2020-03-07,Standard,9217.14
7417,Customer 7417,customer7417@example.com,AU,2020-09-18,Premium,4755.04
7418,Customer 7418,customer7418@example.com,AU,2023-11-29,Standard,2750.83
7419,Customer 7419,customer7419@example.com,US,2018-07-05,Standard,6923.55
7420,Customer 7420,customer7420@example.com,AU,2018-08-19,Premium,4814.59
7421,Customer 7421,customer7421@example.com,UK,2024-09-29,Standard,7522.38
7422,Customer 7422,customer7422@example.com,DE,2023-10-15,Standard,5084.87
7423,Customer 7423,customer7423@example.com,DE,2022-09-21,Premium,6832.82
7424,Customer 7424,customer7424@example.com,IN,2024-02-24,Premium,1616.17
7425,Customer 7425,customer7425@example.com,AU,2021-02-14,Basic,2256.49
7426,Customer 7426,customer7426@example.com,CA,2019-09-24,Premium,9116.68
7427,Customer 7427,customer7427@example.com,AU,2021-11-01,Premium,4435.66
7428,Customer 7428,customer7428@example.com,DE,2018-10-13,Basic,7035.58
7429,Customer 7429,customer7429@example.com,UK,2021-08-14,Basic,8817.79
7430,Customer 7430,customer7430@example.com,US,2020-11-06,Standard,8689.70
7431,Customer 7431,customer7431@example.com,UK,2019-03-12,Basic,9915.43
7432,Customer 7432,customer7432@example.com,CA,2020-02-09,Standard,8129.87
7433,Customer 7433,customer7433@example.com,US,2024-01-30,Standard,2409.38
7434,Customer 7434,customer7434@example.com,IN,2020-12-05,Standard,2656.26
7435,Customer 7435,customer7435@example.com,AU,2020-05-01,Basic,7748.35
7436,Customer 7436,customer7436@example.com,DE,2021-07-27,Premium,1028.78
7437,Customer 7437,customer7437@example.com,FR,2020-06-10,Premium,6070.77
7438,Customer 7438,customer7438@example.com,US,2023-04-11,Basic,4059.43
7439,Customer 7439,customer7439@example.com,CA,2021-10-15,Basic,556.80
7440,Customer 7440,customer7440@example.com,IN,2022-10-22,Basic,6649.86
7441,Customer 7441,customer7441@example.com,DE,2024-06-30,Basic,4701.66
7442,Customer 7442,customer7442@example.com,CA,2021-02-10,Basic,417.89
7443,Customer 7443,customer7443@example.com,CA,2024-11-08,Basic,8675.81
7444,Customer 7444,customer7444@example.com,CA,2019-03-17,Standard,4886.21
7445,Customer 7445,customer7445@example.com,AU,2020-02-10,Standard,6543.42
7446,Customer 7446,customer7446@example.com,AU,2019-01-16,Standard,4064.55
7447,Customer 7447,customer7447@example.com,US,2018-09-30,Premium,2236.35
7448,Customer 7448,customer7448@example.com,IN,2023-04-12,Premium,9349.62
7449,Customer 7449,customer7449@example.com,FR,2018-04-28,Standard,6954.86
7450,Customer 7450,customer7450@example.com,US,2023-05-16,Basic,2340.99
7451,Customer 7451,customer7451@example.com,DE,2018-02-15,Basic,9206.83
7452,Customer 7452,customer7452@example.com,DE,2019-06-28,Basic,1799.34
7453,Customer 7453,customer7453@example.com,UK,2021-01-12,Premium,6914.62
7454,Customer 7454,customer7454@example.com,IN,2020-07-29,Premium,4176.77
7455,Customer 7455,customer7455@example.com,UK,2020-01-28,Basic,2423.42
7456,Customer 7456,customer7456@example.com,DE,2021-06-17,Premium,1032.03
7457,Customer 7457,customer7457@example.com,IN,2019-02-14,Basic,7929.94
7458,Customer 7458,customer7458@example.com,DE,2021-01-04,Premium,3035.66
7459,Customer 7459,customer7459@example.com,IN,2021-01-13,Premium,6727.08
7460,Customer 7460,customer7460@example.com,CA,2018-05-07,Premium,6961.96
7461,Customer 7461,customer7461@example.com,UK,2022-02-15,Premium,7007.30
7462,Customer 7462,customer7462@example.com,DE,2022-12-05,Standard,3575.27
7463,Customer 7463,customer7463@example.com,US,2019-04-29,Basic,7384.80
7464,Customer 7464,customer7464@example.com,FR,2018-09-24,Standard,4223.63
7465,Customer 7465,customer7465@example.com,DE,2018-02-03,Basic,8046.80
7466,Customer 7466,customer7466@example.com,DE,2019-02-27,Standard,5000.43
7467,Customer 7467,customer7467@example.com,UK,2024-12-18,Basic,6238.41
7468,Customer 7468,customer7468@example.com,US,2020-02-28,Standard,485.42
7469,Customer 7469,customer7469@example.com,DE,2019-07-04,Standard,8403.83
7470,Customer 7470,customer7470@example.com,US,2024-12-29,Premium,5134.85
7471,Customer 7471,customer7471@example.com,AU,2020-01-04,Standard,8614.77
7472,Customer 7472,customer7472@example.com,CA,2018-10-17,Premium,6465.74
7473,Customer 7473,customer7473@example.com,DE,2022-04-20,Standard,6203.38
7474,Customer 7474,customer7474@example.com,UK,2024-06-25,Basic,9901.76
7475,Customer 7475,customer7475@example.com,US,2019-12-16,Premium,4854.82
7476,Customer 7476,customer7476@example.com,CA,2022-04-13,Standard,5872.55
7477,Customer 7477,customer7477@example.com,FR,2024-09-23,Premium,7776.14
7478,Customer 7478,customer7478@example.com,IN,2021-11-22,Premium,2393.96
7479,Customer 7479,customer7479@example.com,FR,2019-01-18,Basic,2575.48
7480,Customer 7480,customer7480@example.com,AU,2018-09-25,Basic,8244.93
7481,Customer 7481,customer7481@example.com,AU,2020-02-25,Basic,6800.39
7482,Customer 7482,customer7482@example.com,AU,2024-12-19,Premium,7856.07
7483,Customer 7483,customer7483@example.com,DE,2019-06-04,Standard,6571.68
7484,Customer 7484,customer7484@example.com,AU,2019-09-02,Standard,121.79
7485,Customer 7485,customer7485@example.com,FR,2019-12-29,Basic,7472.33
7486,Customer 7486,customer7486@example.com,DE,2022-08-07,Premium,2095.56
7487,Customer 7487,customer7487@example.com,DE,2023-10-21,Basic,6084.63
7488,Customer 7488,customer7488@example.com,UK,2020-11-20,Premium,4779.13
7489,Customer 7489,customer7489@example.com,US,2023-11-28,Standard,4418.18
7490,Customer 7490,customer7490@example.com,IN,2020-11-08,Basic,469.10
7491,Customer 7491,customer7491@example.com,FR,2022-01-22,Standard,1839.71
7492,Customer 7492,customer7492@example.com,UK,2024-04-21,Premium,3898.82
7493,Customer 7493,customer7493@example.com,IN,2019-07-02,Basic,3364.72
7494,Customer 7494,customer7494@example.com,US,2023-01-17,Standard,2121.60
7495,Customer 7495,customer7495@example.com,AU,2018-03-30,Basic,8633.49
7496,Customer 7496,customer7496@example.com,UK,2024-04-10,Basic,9043.86
7497,Customer 7497,customer7497@example.com,IN,2024-12-20,Standard,6126.91
7498,Customer 7498,customer7498@example.com,FR,2018-02-03,Premium,5736.25
7499,Customer 7499,customer7499@example.com,AU,2024-10-14,Standard,2905.45
7500,Customer 7500,customer7500@example.com,UK,2021-08-14,Basic,1051.65
7501,Customer 7501,customer7501@example.com,AU,2023-04-11,Standard,3348.56
7502,Customer 7502,customer7502@example.com,DE,2023-02-19,Premium,8045.42
7503,Customer 7503,customer7503@example.com,IN,2020-04-04,Premium,472.59
7504,Customer 7504,customer7504@example.com,IN,2024-08-08,Standard,2812.29
7505,Customer 7505,customer7505@example.com,IN,2023-09-15,Standard,2201.44
7506,Customer 7506,customer7506@example.com,DE,2021-03-12,Basic,7324.29
7507,Customer 7507,customer7507@example.com,CA,2022-07-05,Basic,3835.18
7508,Customer 7508,customer7508@example.com,FR,2022-10-27,Standard,5931.52
7509,Customer 7509,customer7509@example.com,IN,2024-07-01,Standard,4624.15
7510,Customer 7510,customer7510@example.com,FR,2019-03-13,Standard,7032.77
7511,Customer 7511,customer7511@example.com,AU,2018-04-02,Standard,5884.00
7512,Customer 7512,customer7512@example.com,US,2020-12-04,Basic,4459.12
7513,Customer 7513,customer7513@example.com,US,2018-11-27,Premium,9637.40
7514,Customer 7514,customer7514@example.com,UK,2023-11-15,Standard,7981.57
7515,Customer 7515,customer7515@example.com,CA,2023-01-10,Premium,3433.55
7516,Customer 7516,customer7516@example.com,FR,2022-01-08,Standard,4378.14
7517,Customer 7517,customer7517@example.com,DE,2018-01-01,Basic,3453.19
7518,Customer 7518,customer7518@example.com,IN,2023-09-01,Standard,9442.46
7519,Customer 7519,customer7519@example.com,CA,2019-01-28,Standard,4964.81
7520,Customer 7520,customer7520@example.com,DE,2020-12-04,Basic,8879.50
7521,Customer 7521,customer7521@example.com,CA,2020-01-11,Premium,2912.46
7522,Customer 7522,customer7522@example.com,UK,2022-02-16,Basic,8887.16
7523,Customer 7523,customer7523@example.com,FR,2024-06-15,Basic,3343.90
7524,Customer 7524,customer7524@example.com,DE,2021-08-20,Premium,6492.56
7525,Customer 7525,customer7525@example.com,AU,2022-08-03,Standard,8583.03
7526,Customer 7526,customer7526@example.com,IN,2020-07-28,Standard,3497.24
7527,Customer 7527,customer7527@example.com,US,2019-07-10,Basic,7518.96
7528,Customer 7528,customer7528@example.com,DE,2019-12-30,Basic,4402.87
7529,Customer 7529,customer7529@example.com,FR,2024-01-09,Basic,1761.40
7530,Customer 7530,customer7530@example.com,DE,2022-12-31,Premium,3076.56
7531,Customer 7531,customer7531@example.com,US,2019-06-17,Standard,651.40
7532,Customer 7532,customer7532@example.com,AU,2020-09-12,Basic,3304.89
7533,Customer 7533,customer7533@example.com,CA,2023-07-03,Standard,7471.22
7534,Customer 7534,customer7534@example.com,AU,2022-03-22,Standard,5190.21
7535,Customer 7535,customer7535@example.com,AU,2018-10-20,Basic,4171.59
7536,Customer 7536,customer7536@example.com,AU,2020-10-18,Basic,6503.57
7537,Customer 7537,customer7537@example.com,IN,2020-09-28,Basic,4131.32
7538,Customer 7538,customer7538@example.com,IN,2018-08-01,Basic,3915.09
7539,Customer 7539,customer7539@example.com,DE,2023-09-29,Standard,2285.27
7540,Customer 7540,customer7540@example.com,CA,2018-12-13,Premium,7720.83
7541,Customer 7541,customer7541@example.com,AU,2019-08-02,Standard,5537.79
7542,Customer 7542,customer7542@example.com,FR,2024-09-28,Standard,932.19
7543,Customer 7543,customer7543@example.com,AU,2024-11-05,Basic,2163.12
7544,Customer 7544,customer7544@example.com,AU,2021-04-19,Basic,9214.54
7545,Customer 7545,customer7545@example.com,AU,2022-02-19,Premium,9074.86
7546,Customer 7546,customer7546@example.com,CA,2023-06-29,Standard,3567.75
7547,Customer 7547,customer7547@example.com,FR,2023-04-29,Premium,8926.18
7548,Customer 7548,customer7548@example.com,FR,2021-09-03,Standard,1552.14
7549,Customer 7549,customer7549@example.com,UK,2022-09-27,Premium,2611.92
7550,Customer 7550,customer7550@example.com,CA,2021-02-26,Premium,6325.79
7551,Customer 7551,customer7551@example.com,DE,2022-07-09,Basic,7830.74
7552,Customer 7552,customer7552@example.com,FR,2020-09-28,Premium,1139.02
7553,Customer 7553,customer7553@example.com,US,2019-09-09,Premium,2301.27
7554,Customer 7554,customer7554@example.com,FR,2022-09-24,Premium,4820.10
7555,Customer 7555,customer7555@example.com,AU,2018-07-15,Standard,8839.67
7556,Customer 7556,customer7556@example.com,AU,2019-05-24,Standard,3084.39
7557,Customer 7557,customer7557@example.com,AU,2022-01-03,Standard,4669.35
7558,Customer 7558,customer7558@example.com,FR,2019-12-10,Basic,4193.42
7559,Customer 7559,customer7559@example.com,UK,2022-05-09,Premium,9437.69
7560,Customer 7560,customer7560@example.com,FR,2024-01-14,Standard,6996.54
7561,Customer 7561,customer7561@example.com,IN,2024-11-20,Basic,9156.82
7562,Customer 7562,customer7562@example.com,IN,2023-06-24,Standard,2723.16
7563,Customer 7563,customer7563@example.com,FR,2022-03-14,Basic,2798.89
7564,Customer 7564,customer7564@example.com,DE,2020-09-07,Standard,8409.18
7565,Customer 7565,customer7565@example.com,CA,2021-10-01,Premium,5915.59
7566,Customer 7566,customer7566@example.com,AU,2020-02-19,Standard,7524.06
7567,Customer 7567,customer7567@example.com,AU,2020-11-05,Premium,9626.80
7568,Customer 7568,customer7568@example.com,AU,2020-09-10,Standard,3954.00
7569,Customer 7569,customer7569@example.com,FR,2024-04-02,Standard,2885.79
7570,Customer 7570,customer7570@example.com,DE,2019-09-08,Premium,9587.15
7571,Customer 7571,customer7571@example.com,FR,2022-09-22,Standard,3611.45
7572,Customer 7572,customer7572@example.com,DE,2024-09-10,Standard,3572.25
7573,Customer 7573,customer7573@example.com,DE,2018-12-28,Premium,3239.19
7574,Customer 7574,customer7574@example.com,FR,2020-04-30,Basic,7791.86
7575,Customer 7575,customer7575@example.com,US,2024-12-22,Basic,676.07
7576,Customer 7576,customer7576@example.com,US,2018-07-10,Basic,8525.95
7577,Customer 7577,customer7577@example.com,CA,2018-05-18,Standard,3788.75
7578,Customer 7578,customer7578@example.com,DE,2023-09-05,Premium,2497.46
7579,Customer 7579,customer7579@example.com,DE,2020-12-14,Standard,2517.25
7580,Customer 7580,customer7580@example.com,AU,2021-09-28,Basic,6606.53
7581,Customer 7581,customer7581@example.com,DE,2020-10-04,Standard,9542.93
7582,Customer 7582,customer7582@example.com,UK,2019-06-18,Standard,4355.39
7583,Customer 7583,customer7583@example.com,US,2018-02-25,Premium,2676.26
7584,Customer 7584,customer7584@example.com,US,2024-05-26,Basic,878.95
7585,Customer 7585,customer7585@example.com,US,2020-10-02,Standard,5890.65
7586,Customer 7586,customer7586@example.com,AU,2022-01-21,Standard,870.19
7587,Customer 7587,customer7587@example.com,IN,2024-09-14,Basic,5720.20
7588,Customer 7588,customer7588@example.com,CA,2022-06-23,Standard,9936.82
7589,Customer 7589,customer7589@example.com,US,2024-02-22,Premium,6860.19
7590,Customer 7590,customer7590@example.com,DE,2023-08-20,Premium,7513.87
7591,Customer 7591,customer7591@example.com,FR,2021-02-07,Standard,4321.21
7592,Customer 7592,customer7592@example.com,DE,2021-06-09,Standard,4541.91
7593,Customer 7593,customer7593@example.com,US,2023-09-23,Basic,7664.74
7594,Customer 7594,customer7594@example.com,FR,2023-09-25,Standard,6722.40
7595,Customer 7595,customer7595@example.com,DE,2023-03-06,Basic,5877.15
7596,Customer 7596,customer7596@example.com,FR,2022-04-20,Basic,8865.84
7597,Customer 7597,customer7597@example.com,CA,2024-11-20,Premium,7429.70
7598,Customer 7598,,CA,2019-06-30,Standard,4100.75
7599,Customer 7599,customer7599@example.com,IN,2024-07-28,Standard,266.08
7600,Customer 7600,customer7600@example.com,CA,2024-12-09,Premium,2834.64
7601,Customer 7601,customer7601@example.com,UK,2020-08-11,Basic,2392.42
7602,Customer 7602,customer7602@example.com,CA,2020-01-10,Basic,7073.28
7603,Customer 7603,,FR,2022-09-28,Standard,8568.12
7604,Customer 7604,customer7604@example.com,DE,2021-02-13,Standard,6836.05
7605,Customer 7605,customer7605@example.com,IN,2024-01-01,Standard,1829.88
7606,Customer 7606,customer7606@example.com,UK,2018-10-02,Standard,642.47
7607,Customer 7607,customer7607@example.com,US,2020-06-04,Premium,5366.15
7608,Customer 7608,customer7608@example.com,FR,2018-05-13,Standard,4897.08
7609,Customer 7609,customer7609@example.com,FR,2020-09-24,Premium,5562.46
7610,Customer 7610,customer7610@example.com,AU,2019-01-05,Standard,4592.45
7611,Customer 7611,customer7611@example.com,CA,2023-08-12,Standard,1759.83
7612,Customer 7612,customer7612@example.com,FR,2021-05-10,Standard,8293.38
7613,Customer 7613,customer7613@example.com,US,2020-02-09,Standard,6096.51
7614,Customer 7614,customer7614@example.com,DE,2019-02-27,Premium,9307.23
7615,Customer 7615,customer7615@example.com,CA,2019-11-13,Basic,2336.71
7616,Customer 7616,customer7616@example.com,IN,2023-05-24,Basic,2334.04
7617,Customer 7617,customer7617@example.com,DE,2018-12-03,Basic,9166.19
7618,Customer 7618,customer7618@example.com,CA,2022-07-23,Standard,3169.93
7619,Customer 7619,customer7619@example.com,AU,2023-07-29,Standard,3094.22
7620,Customer 7620,customer7620@example.com,UK,2019-01-05,Premium,9194.87
7621,Customer 7621,customer7621@example.com,US,2023-09-02,Basic,1960.20
7622,Customer 7622,customer7622@example.com,UK,2021-12-26,Basic,3801.49
7623,Customer 7623,customer7623@example.com,DE,2022-09-10,Standard,5391.67
7624,Customer 7624,customer7624@example.com,US,2021-12-01,Premium,9513.58
7625,Customer 7625,customer7625@example.com,IN,2024-01-13,Standard,6413.19
7626,Customer 7626,customer7626@example.com,CA,2019-05-03,Standard,5548.74
7627,Customer 7627,customer7627@example.com,DE,2021-11-08,Basic,8086.64
7628,Customer 7628,customer7628@example.com,US,2024-06-22,Basic,3105.53
7629,Customer 7629,customer7629@example.com,CA,2018-11-08,Premium,9714.14
7630,Customer 7630,customer7630@example.com,IN,2022-03-17,Standard,3673.96
7631,Customer 7631,customer7631@example.com,IN,2019-03-30,Standard,4661.08
7632,Customer 7632,customer7632@example.com,AU,2024-12-17,Premium,2229.81
7633,Customer 7633,customer7633@example.com,UK,2019-02-02,Basic,2281.36
7634,Customer 7634,customer7634@example.com,IN,2024-05-31,Premium,5522.54
7635,Customer 7635,customer7635@example.com,CA,2018-06-18,Basic,649.32
7636,Customer 7636,customer7636@example.com,UK,2023-12-23,Premium,8209.33
7637,Customer 7637,customer7637@example.com,AU,2022-04-27,Premium,2665.25
7638,Customer 7638,customer7638@example.com,CA,2024-10-21,Premium,3186.39
7639,Customer 7639,customer7639@example.com,UK,2019-02-26,Basic,6121.84
7640,Customer 7640,customer7640@example.com,DE,2024-06-10,Standard,7471.17
7641,Customer 7641,customer7641@example.com,UK,2018-08-02,Basic,7381.50
7642,Customer 7642,customer7642@example.com,US,2019-12-12,Premium,5198.60
7643,Customer 7643,customer7643@example.com,UK,2023-04-19,Premium,3022.40
7644,Customer 7644,customer7644@example.com,US,2021-04-26,Basic,4075.62
7645,Customer 7645,customer7645@example.com,UK,2020-10-18,Premium,3390.17
7646,Customer 7646,customer7646@example.com,CA,2021-12-30,Standard,2038.19
7647,Customer 7647,customer7647@example.com,US,2018-09-15,Standard,2312.22
7648,Customer 7648,customer7648@example.com,UK,2018-08-30,Standard,3038.64
7649,Customer 7649,customer7649@example.com,FR,2022-12-12,Basic,970.71
7650,Customer 7650,customer7650@example.com,CA,2019-02-13,Premium,6204.73
7651,Customer 7651,customer7651@example.com,CA,2022-07-27,Standard,6177.72
7652,Customer 7652,customer7652@example.com,DE,2021-07-05,Standard,4620.52
7653,Customer 7653,customer7653@example.com,CA,2022-11-06,Premium,7518.19
7654,Customer 7654,,DE,2021-08-26,Standard,1284.83
7655,Customer 7655,customer7655@example.com,IN,2020-01-23,Basic,5951.02
7656,Customer 7656,customer7656@example.com,UK,2022-07-24,Basic,8591.10
7657,Customer 7657,customer7657@example.com,IN,2020-12-29,Standard,1611.74
7658,Customer 7658,customer7658@example.com,FR,2021-06-10,Basic,912.14
7659,Customer 7659,customer7659@example.com,IN,2019-02-26,Premium,4251.58
7660,Customer 7660,customer7660@example.com,US,2022-04-16,Basic,3867.30
7661,Customer 7661,customer7661@example.com,IN,2019-01-18,Premium,682.85
7662,Customer 7662,customer7662@example.com,AU,2023-11-27,Basic,1410.91
7663,Customer 7663,customer7663@example.com,CA,2020-10-21,Premium,8020.61
7664,Customer 7664,customer7664@example.com,US,2022-07-15,Basic,1499.81
7665,Customer 7665,customer7665@example.com,AU,2023-08-25,Premium,1604.26
7666,Customer 7666,customer7666@example.com,US,2023-08-07,Standard,9285.92
7667,Customer 7667,customer7667@example.com,FR,2019-11-30,Basic,7843.42
7668,Customer 7668,customer7668@example.com,AU,2024-12-07,Basic,7813.06
7669,Customer 7669,customer7669@example.com,UK,2018-05-05,Basic,2016.17
7670,Customer 7670,customer7670@example.com,DE,2023-07-27,Basic,8016.35
7671,Customer 7671,customer7671@example.com,CA,2018-12-20,Basic,138.43
7672,Customer 7672,customer7672@example.com,DE,2024-05-18,Premium,1477.61
7673,Customer 7673,customer7673@example.com,AU,2021-12-11,Standard,1382.11
7674,Customer 7674,customer7674@example.com,UK,2024-03-07,Basic,4613.06
7675,Customer 7675,customer7675@example.com,CA,2020-04-04,Premium,1543.10
7676,Customer 7676,customer7676@example.com,US,2023-03-13,Standard,5632.68
7677,Customer 7677,customer7677@example.com,IN,2023-07-14,Basic,1375.30
7678,Customer 7678,customer7678@example.com,AU,2020-02-23,Basic,4684.50
7679,Customer 7679,customer7679@example.com,US,2019-08-16,Basic,3561.52
7680,Customer 7680,customer7680@example.com,DE,2021-10-02,Premium,9019.58
7681,Customer 7681,customer7681@example.com,AU,2018-07-03,Standard,6801.23
7682,Customer 7682,customer7682@example.com,IN,2018-04-05,Basic,9304.50
7683,Customer 7683,customer7683@example.com,CA,2023-10-15,Standard,257.76
7684,Customer 7684,customer7684@example.com,FR,2018-06-29,Standard,5568.94
7685,Customer 7685,customer7685@example.com,UK,2020-01-16,Standard,226.66
7686,Customer 7686,customer7686@example.com,AU,2022-01-08,Standard,8875.45
7687,Customer 7687,customer7687@example.com,DE,2023-01-22,Standard,6956.64
7688,Customer 7688,customer7688@example.com,IN,2021-10-29,Premium,7208.37
7689,Customer 7689,customer7689@example.com,US,2020-11-19,Premium,6382.19
7690,Customer 7690,customer7690@example.com,CA,2024-07-21,Basic,3371.77
7691,Customer 7691,customer7691@example.com,FR,2020-11-29,Premium,449.24
7692,Customer 7692,customer7692@example.com,FR,2021-09-10,Basic,8425.88
7693,Customer 7693,customer7693@example.com,FR,2019-07-06,Premium,5196.75
7694,Customer 7694,customer7694@example.com,FR,2023-12-15,Basic,9274.79
7695,Customer 7695,customer7695@example.com,FR,2022-04-10,Standard,4313.12
7696,Customer 7696,customer7696@example.com,IN,2024-12-28,Premium,833.28
7697,Customer 7697,customer7697@example.com,FR,2018-08-03,Standard,6506.83
7698,Customer 7698,customer7698@example.com,UK,2024-08-20,Premium,8858.74
7699,Customer 7699,customer7699@example.com,US,2020-03-03,Basic,3883.69
7700,Customer 7700,customer7700@example.com,DE,2023-05-29,Basic,2843.23
7701,Customer 7701,customer7701@example.com,AU,2023-01-06,Premium,7561.29
7702,Customer 7702,customer7702@example.com,IN,2018-03-05,Premium,5138.50
7703,Customer 7703,customer7703@example.com,UK,2021-09-10,Premium,7623.29
7704,Customer 7704,customer7704@example.com,CA,2020-11-16,Basic,5909.95
7705,Customer 7705,customer7705@example.com,AU,2021-08-14,Basic,2534.33
7706,Customer 7706,customer7706@example.com,UK,2024-05-21,Standard,3149.59
7707,Customer 7707,customer7707@example.com,IN,2019-05-15,Standard,4650.05
7708,Customer 7708,customer7708@example.com,IN,2018-07-15,Standard,2410.25
7709,Customer 7709,customer7709@example.com,FR,2019-06-09,Basic,2469.75
7710,Customer 7710,customer7710@example.com,DE,2019-01-16,Basic,4147.51
7711,Customer 7711,customer7711@example.com,UK,2018-08-19,Basic,3380.67
7712,Customer 7712,customer7712@example.com,UK,2019-06-01,Basic,7328.52
7713,Customer 7713,customer7713@example.com,FR,2018-02-02,Basic,2632.89
7714,Customer 7714,customer7714@example.com,IN,2023-10-19,Standard,8165.46
7715,Customer 7715,customer7715@example.com,IN,2022-08-23,Standard,3861.98
7716,Customer 7716,customer7716@example.com,CA,2019-09-04,Basic,8920.10
7717,Customer 7717,customer7717@example.com,DE,2023-12-31,Basic,1937.16
7718,Customer 7718,customer7718@example.com,UK,2023-11-23,Premium,7197.35
7719,Customer 7719,customer7719@example.com,US,2019-03-30,Basic,2261.50
7720,Customer 7720,customer7720@example.com,UK,2022-03-10,Premium,513.17
7721,Customer 7721,customer7721@example.com,IN,2023-10-08,Standard,4328.23
7722,Customer 7722,customer7722@example.com,CA,2021-05-05,Basic,9427.01
7723,Customer 7723,customer7723@example.com,FR,2023-06-10,Standard,6427.47
7724,Customer 7724,customer7724@example.com,IN,2018-03-17,Basic,9495.99
7725,Customer 7725,customer7725@example.com,DE,2021-08-19,Basic,2266.23
7726,Customer 7726,customer7726@example.com,DE,2021-02-23,Basic,3321.99
7727,Customer 7727,customer7727@example.com,IN,2023-04-30,Standard,1550.94
7728,Customer 7728,customer7728@example.com,UK,2022-01-03,Basic,2086.59
7729,Customer 7729,customer7729@example.com,FR,2021-08-13,Standard,6868.42
7730,Customer 7730,customer7730@example.com,CA,2021-09-12,Basic,6322.23
7731,Customer 7731,customer7731@example.com,IN,2024-12-25,Standard,2817.93
7732,Customer 7732,customer7732@example.com,CA,2023-02-17,Standard,961.16
7733,Customer 7733,customer7733@example.com,CA,2018-09-21,Basic,6397.52
7734,Customer 7734,customer7734@example.com,IN,2022-04-30,Basic,8884.49
7735,Customer 7735,customer7735@example.com,UK,2022-10-22,Standard,3299.98
7736,Customer 7736,customer7736@example.com,US,2019-04-28,Basic,6226.30
7737,Customer 7737,customer7737@example.com,FR,2020-11-19,Standard,2317.80
7738,Customer 7738,customer7738@example.com,IN,2022-07-23,Standard,7892.59
7739,Customer 7739,customer7739@example.com,US,2022-01-07,Basic,4414.72
7740,Customer 7740,customer7740@example.com,US,2024-11-09,Standard,4461.94
7741,Customer 7741,customer7741@example.com,IN,2022-10-15,Premium,9360.12
7742,Customer 7742,customer7742@example.com,US,2018-07-24,Basic,9558.59
7743,Customer 7743,customer7743@example.com,DE,2023-08-28,Premium,704.15
7744,Customer 7744,customer7744@example.com,US,2022-06-11,Premium,8387.52
7745,Customer 7745,customer7745@example.com,US,2021-09-02,Basic,4806.46
7746,Customer 7746,customer7746@example.com,CA,2019-09-28,Premium,9227.45
7747,Customer 7747,customer7747@example.com,UK,2019-06-02,Basic,2879.57
7748,Customer 7748,customer7748@example.com,IN,2020-05-30,Standard,7745.70
7749,Customer 7749,customer7749@example.com,IN,2019-11-17,Standard,3877.55
7750,Customer 7750,customer7750@example.com,IN,2018-07-19,Basic,6321.45
7751,Customer 7751,customer7751@example.com,AU,2020-11-06,Standard,6583.58
7752,Customer 7752,customer7752@example.com,US,2018-12-06,Basic,8755.02
7753,Customer 7753,customer7753@example.com,US,2021-01-29,Premium,7956.98
7754,Customer 7754,customer7754@example.com,UK,2021-05-13,Basic,149.58
7755,Customer 7755,customer7755@example.com,AU,2021-09-28,Premium,4442.47
7756,Customer 7756,customer7756@example.com,UK,2022-03-15,Basic,4051.41
7757,Customer 7757,customer7757@example.com,CA,2023-06-14,Premium,9292.58
7758,Customer 7758,customer7758@example.com,DE,2020-12-05,Standard,4226.61
7759,Customer 7759,customer7759@example.com,US,2021-11-14,Premium,5899.13
7760,Customer 7760,customer7760@example.com,FR,2018-06-17,Basic,8916.26
7761,Customer 7761,customer7761@example.com,FR,2020-12-30,Basic,8264.48
7762,Customer 7762,customer7762@example.com,FR,2019-07-19,Standard,1446.73
7763,Customer 7763,customer7763@example.com,CA,2021-09-24,Basic,2141.48
7764,Customer 7764,customer7764@example.com,CA,2021-05-09,Basic,5776.52
7765,Customer 7765,customer7765@example.com,US,2024-09-20,Basic,1616.25
7766,Customer 7766,customer7766@example.com,IN,2021-11-30,Standard,4500.03
7767,Customer 7767,customer7767@example.com,CA,2019-09-21,Basic,3707.86
7768,Customer 7768,customer7768@example.com,US,2019-12-01,Premium,8806.84
7769,Customer 7769,customer7769@example.com,DE,2021-08-07,Basic,8872.06
7770,Customer 7770,customer7770@example.com,AU,2020-06-09,Basic,2534.41
7771,Customer 7771,customer7771@example.com,US,2023-07-30,Standard,3467.82
7772,Customer 7772,customer7772@example.com,DE,2024-02-27,Premium,984.47
7773,Customer 7773,customer7773@example.com,UK,2022-05-02,Premium,4226.17
7774,Customer 7774,customer7774@example.com,UK,2024-10-23,Standard,4036.88
7775,Customer 7775,customer7775@example.com,CA,2023-09-29,Standard,2956.86
7776,Customer 7776,customer7776@example.com,FR,2018-01-11,Standard,5655.67
7777,Customer 7777,,AU,2018-04-02,Standard,8318.35
7778,Customer 7778,customer7778@example.com,US,2024-04-23,Basic,5738.23
7779,Customer 7779,customer7779@example.com,US,2024-10-22,Basic,740.27
7780,Customer 7780,customer7780@example.com,FR,2022-03-15,Standard,778.36
7781,Customer 7781,customer7781@example.com,IN,2021-02-09,Standard,1050.18
7782,Customer 7782,customer7782@example.com,DE,2024-10-10,Premium,3456.63
7783,Customer 7783,customer7783@example.com,CA,2019-02-15,Standard,9184.76
7784,Customer 7784,customer7784@example.com,IN,2024-01-27,Premium,5248.13
7785,Customer 7785,customer7785@example.com,CA,2020-09-28,Basic,7828.17
7786,Customer 7786,customer7786@example.com,DE,2024-05-25,Standard,2793.92
7787,Customer 7787,customer7787@example.com,FR,2022-11-15,Standard,3854.43
7788,Customer 7788,customer7788@example.com,DE,2024-07-13,Premium,4865.95
7789,Customer 7789,customer7789@example.com,DE,2021-08-28,Standard,7280.31
7790,Customer 7790,customer7790@example.com,DE,2020-05-11,Basic,8369.91
7791,Customer 7791,customer7791@example.com,UK,2022-11-05,Basic,4760.43
7792,Customer 7792,customer7792@example.com,FR,2019-02-22,Standard,8612.25
7793,Customer 7793,customer7793@example.com,AU,2024-04-27,Premium,9512.42
7794,Customer 7794,customer7794@example.com,CA,2018-01-11,Basic,2729.75
7795,Customer 7795,customer7795@example.com,IN,2018-08-09,Standard,4108.66
7796,Customer 7796,customer7796@example.com,CA,2020-09-14,Standard,8664.78
7797,Customer 7797,customer7797@example.com,DE,2020-05-12,Standard,5978.05
7798,Customer 7798,customer7798@example.com,FR,2019-05-27,Premium,6673.50
7799,Customer 7799,customer7799@example.com,US,2019-05-20,Standard,6470.15
7800,Customer 7800,customer7800@example.com,FR,2023-02-07,Premium,7688.35
7801,Customer 7801,customer7801@example.com,IN,2020-12-12,Premium,6665.80
7802,Customer 7802,customer7802@example.com,AU,2020-12-10,Basic,5411.94
7803,Customer 7803,customer7803@example.com,UK,2019-12-10,Standard,9431.58
7804,Customer 7804,customer7804@example.com,FR,2023-08-12,Standard,4072.78
7805,Customer 7805,customer7805@example.com,US,2020-07-03,Standard,2776.60
7806,Customer 7806,customer7806@example.com,CA,2023-06-22,Standard,1042.78
7807,Customer 7807,customer7807@example.com,IN,2021-09-08,Basic,3803.52
7808,Customer 7808,customer7808@example.com,UK,2024-12-12,Basic,3209.33
7809,Customer 7809,customer7809@example.com,UK,2019-08-16,Basic,3730.51
7810,Customer 7810,customer7810@example.com,DE,2021-12-02,Basic,274.76
7811,Customer 7811,customer7811@example.com,AU,2024-07-12,Standard,4911.25
7812,Customer 7812,customer7812@example.com,IN,2021-05-19,Standard,3685.04
7813,Customer 7813,customer7813@example.com,IN,2019-02-05,Basic,4146.96
7814,Customer 7814,customer7814@example.com,US,2019-09-29,Basic,7756.78
7815,Customer 7815,customer7815@example.com,DE,2019-04-27,Premium,4164.39
7816,Customer 7816,customer7816@example.com,UK,2020-05-24,Basic,7387.01
7817,Customer 7817,customer7817@example.com,AU,2021-05-21,Standard,118.62
7818,Customer 7818,customer7818@example.com,US,2023-03-20,Premium,2591.06
7819,Customer 7819,customer7819@example.com,AU,2024-08-25,Standard,6372.63
7820,Customer 7820,customer7820@example.com,US,2020-11-08,Basic,9792.82
7821,Customer 7821,customer7821@example.com,CA,2024-08-13,Standard,7231.61
7822,Customer 7822,customer7822@example.com,AU,2020-10-02,Standard,1332.41
7823,Customer 7823,customer7823@example.com,DE,2021-08-01,Basic,3466.45
7824,Customer 7824,customer7824@example.com,US,2023-10-24,Basic,2245.85
7825,Customer 7825,customer7825@example.com,DE,2022-03-08,Basic,7689.17
7826,Customer 7826,customer7826@example.com,US,2019-05-18,Standard,351.44
7827,Customer 7827,customer7827@example.com,IN,2022-05-10,Premium,291.02
7828,Customer 7828,customer7828@example.com,FR,2021-11-26,Basic,6810.26
7829,Customer 7829,customer7829@example.com,CA,2018-06-11,Premium,4439.46
7830,Customer 7830,customer7830@example.com,US,2022-04-19,Standard,5770.51
7831,Customer 7831,customer7831@example.com,CA,2021-01-09,Basic,431.09
7832,Customer 7832,customer7832@example.com,IN,2022-11-07,Basic,6014.09
7833,Customer 7833,customer7833@example.com,IN,2021-07-04,Standard,6831.05
7834,Customer 7834,customer7834@example.com,FR,2019-10-02,Premium,7517.69
7835,Customer 7835,customer7835@example.com,DE,2024-06-26,Premium,6679.37
7836,Customer 7836,customer7836@example.com,AU,2024-07-25,Standard,4507.18
7837,Customer 7837,customer7837@example.com,CA,2020-10-20,Standard,9982.32
7838,Customer 7838,customer7838@example.com,AU,2022-10-21,Standard,9998.59
7839,Customer 7839,customer7839@example.com,DE,2021-12-29,Basic,5319.16
7840,Customer 7840,customer7840@example.com,FR,2018-07-06,Standard,672.15
7841,Customer 7841,customer7841@example.com,UK,2019-06-29,Basic,5429.48
7842,Customer 7842,customer7842@example.com,DE,2018-12-16,Premium,2381.79
7843,Customer 7843,customer7843@example.com,DE,2019-03-13,Premium,6159.71
7844,Customer 7844,customer7844@example.com,US,2021-01-19,Premium,566.57
7845,Customer 7845,customer7845@example.com,FR,2021-06-23,Premium,4975.74
7846,Customer 7846,customer7846@example.com,DE,2024-11-21,Premium,4378.91
7847,Customer 7847,customer7847@example.com,AU,2020-07-10,Standard,4849.86
7848,Customer 7848,customer7848@example.com,AU,2024-05-14,Standard,4472.13
7849,Customer 7849,customer7849@example.com,AU,2018-09-14,Basic,2753.50
7850,Customer 7850,customer7850@example.com,US,2020-03-13,Basic,7699.67
7851,Customer 7851,customer7851@example.com,CA,2018-02-15,Basic,610.34
7852,Customer 7852,customer7852@example.com,FR,2020-07-24,Standard,7764.38
7853,Customer 7853,customer7853@example.com,FR,2022-02-03,Basic,8156.22
7854,Customer 7854,customer7854@example.com,FR,2018-04-14,Basic,1823.65
7855,Customer 7855,customer7855@example.com,AU,2021-11-04,Premium,9490.98
7856,Customer 7856,customer7856@example.com,CA,2022-08-28,Premium,8979.57
7857,Customer 7857,customer7857@example.com,FR,2024-08-18,Standard,7104.67
7858,Customer 7858,customer7858@example.com,AU,2018-10-07,Premium,8874.92
7859,Customer 7859,customer7859@example.com,AU,2023-11-13,Standard,4348.73
7860,Customer 7860,customer7860@example.com,IN,2019-03-01,Premium,8121.45
7861,Customer 7861,customer7861@example.com,CA,2019-06-11,Premium,7987.96
7862,Customer 7862,customer7862@example.com,UK,2018-11-06,Standard,6303.57
7863,Customer 7863,customer7863@example.com,UK,2021-08-13,Premium,8070.53
7864,Customer 7864,customer7864@example.com,US,2019-03-20,Basic,4943.40
7865,Customer 7865,customer7865@example.com,CA,2024-02-17,Basic,8079.68
7866,Customer 7866,customer7866@example.com,UK,2021-09-26,Basic,8664.95
7867,Customer 7867,customer7867@example.com,FR,2021-07-28,Standard,9641.23
7868,Customer 7868,customer7868@example.com,CA,2021-01-22,Standard,9155.66
7869,Customer 7869,customer7869@example.com,CA,2020-05-29,Premium,3810.37
7870,Customer 7870,customer7870@example.com,AU,2021-07-22,Standard,2935.46
7871,Customer 7871,customer7871@example.com,US,2019-03-25,Basic,1065.80
7872,Customer 7872,customer7872@example.com,AU,2023-12-21,Basic,8515.02
7873,Customer 7873,customer7873@example.com,CA,2021-11-04,Premium,2216.91
7874,Customer 7874,customer7874@example.com,FR,2020-02-08,Basic,9667.07
7875,Customer 7875,customer7875@example.com,CA,2021-10-16,Premium,673.59
7876,Customer 7876,customer7876@example.com,IN,2024-01-21,Premium,6931.17
7877,Customer 7877,customer7877@example.com,UK,2022-12-26,Basic,4345.51
7878,Customer 7878,customer7878@example.com,DE,2019-02-13,Basic,7808.08
7879,Customer 7879,customer7879@example.com,DE,2023-07-28,Premium,2675.69
7880,Customer 7880,customer7880@example.com,CA,2019-07-06,Premium,376.22
7881,Customer 7881,customer7881@example.com,US,2020-12-05,Basic,5270.05
7882,Customer 7882,customer7882@example.com,UK,2020-09-22,Standard,2742.93
7883,Customer 7883,customer7883@example.com,US,2019-02-04,Premium,1927.38
7884,Customer 7884,customer7884@example.com,UK,2024-01-28,Premium,9123.04
7885,Customer 7885,customer7885@example.com,US,2020-03-12,Premium,5130.77
7886,Customer 7886,customer7886@example.com,AU,2022-06-06,Standard,4740.26
7887,Customer 7887,customer7887@example.com,FR,2018-07-09,Basic,5772.80
7888,Customer 7888,customer7888@example.com,FR,2023-06-03,Standard,1173.23
7889,Customer 7889,customer7889@example.com,IN,2020-08-29,Standard,3834.44
7890,Customer 7890,customer7890@example.com,CA,2024-10-08,Standard,125.58
7891,Customer 7891,customer7891@example.com,FR,2023-06-01,Basic,8399.54
7892,Customer 7892,customer7892@example.com,CA,2022-09-01,Premium,9588.77
7893,Customer 7893,customer7893@example.com,FR,2019-08-27,Premium,2891.20
7894,Customer 7894,customer7894@example.com,IN,2023-10-16,Standard,5653.05
7895,Customer 7895,customer7895@example.com,CA,2021-05-12,Premium,5059.94
7896,Customer 7896,customer7896@example.com,AU,2024-06-10,Premium,542.69
7897,Customer 7897,customer7897@example.com,AU,2019-10-25,Standard,8465.01
7898,Customer 7898,customer7898@example.com,CA,2021-09-07,Standard,2641.36
7899,Customer 7899,customer7899@example.com,FR,2023-03-29,Standard,1180.96
7900,Customer 7900,customer7900@example.com,IN,2018-12-08,Standard,466.35
7901,Customer 7901,customer7901@example.com,CA,2020-08-02,Basic,6849.13
7902,Customer 7902,customer7902@example.com,FR,2020-10-21,Basic,428.58
7903,Customer 7903,customer7903@example.com,IN,2023-06-16,Basic,253.11
7904,Customer 7904,customer7904@example.com,DE,2019-06-20,Standard,8162.07
7905,Customer 7905,customer7905@example.com,US,2024-09-07,Standard,6858.50
7906,Customer 7906,customer7906@example.com,US,2024-03-12,Premium,7400.19
7907,Customer 7907,customer7907@example.com,DE,2024-04-07,Basic,1088.43
7908,Customer 7908,customer7908@example.com,FR,2024-02-10,Premium,5837.81
7909,Customer 7909,customer7909@example.com,FR,2018-02-14,Standard,2844.99
7910,Customer 7910,customer7910@example.com,US,2021-09-22,Premium,763.15
7911,Customer 7911,customer7911@example.com,UK,2022-06-19,Basic,1471.62
7912,Customer 7912,customer7912@example.com,AU,2021-10-28,Premium,4075.14
7913,Customer 7913,customer7913@example.com,US,2019-07-30,Premium,1219.51
7914,Customer 7914,customer7914@example.com,IN,2018-04-13,Basic,7107.61
7915,Customer 7915,customer7915@example.com,FR,2022-02-11,Standard,5192.55
7916,Customer 7916,customer7916@example.com,UK,2024-10-07,Premium,2069.97
7917,Customer 7917,customer7917@example.com,DE,2024-02-12,Premium,7584.45
7918,Customer 7918,customer7918@example.com,AU,2021-05-05,Premium,6856.19
7919,Customer 7919,customer7919@example.com,IN,2018-12-05,Premium,4141.71
7920,Customer 7920,customer7920@example.com,FR,2020-09-07,Standard,8527.70
7921,Customer 7921,customer7921@example.com,FR,2021-06-29,Standard,9190.94
7922,Customer 7922,customer7922@example.com,FR,2024-06-08,Premium,7737.73
7923,Customer 7923,customer7923@example.com,CA,2021-11-14,Premium,357.38
7924,Customer 7924,customer7924@example.com,UK,2018-11-30,Standard,566.14
7925,Customer 7925,customer7925@example.com,AU,2018-12-29,Premium,9117.73
7926,Customer 7926,customer7926@example.com,UK,2020-02-15,Premium,5756.43
7927,Customer 7927,customer7927@example.com,DE,2023-10-04,Basic,5870.78
7928,Customer 7928,customer7928@example.com,FR,2024-05-08,Basic,218.15
7929,Customer 7929,customer7929@example.com,UK,2021-10-20,Basic,4592.58
7930,Customer 7930,customer7930@example.com,FR,2023-07-13,Premium,8584.50
7931,Customer 7931,customer7931@example.com,CA,2018-04-20,Premium,423.32
7932,Customer 7932,customer7932@example.com,FR,2023-08-12,Standard,9084.79
7933,Customer 7933,customer7933@example.com,IN,2021-05-27,Premium,1382.74
7934,Customer 7934,customer7934@example.com,CA,2022-04-14,Premium,3366.60
7935,Customer 7935,customer7935@example.com,FR,2020-11-03,Basic,8110.60
7936,Customer 7936,customer7936@example.com,AU,2024-03-24,Basic,3275.53
7937,Customer 7937,customer7937@example.com,UK,2023-01-10,Standard,5630.29
7938,Customer 7938,customer7938@example.com,US,2024-04-01,Standard,7663.24
7939,Customer 7939,customer7939@example.com,FR,2023-02-17,Standard,8670.13
7940,Customer 7940,customer7940@example.com,FR,2018-09-06,Premium,3938.96
7941,Customer 7941,customer7941@example.com,UK,2021-06-24,Standard,9423.25
7942,Customer 7942,customer7942@example.com,CA,2024-08-01,Basic,4604.96
7943,Customer 7943,customer7943@example.com,CA,2020-08-13,Premium,6426.62
7944,Customer 7944,customer7944@example.com,FR,2020-08-26,Premium,2353.70
7945,Customer 7945,customer7945@example.com,UK,2020-12-18,Basic,7933.33
7946,Customer 7946,customer7946@example.com,CA,2023-01-23,Standard,9132.85
7947,Customer 7947,customer7947@example.com,FR,2020-12-17,Standard,1251.47
7948,Customer 7948,customer7948@example.com,US,2021-05-22,Basic,2880.97
7949,Customer 7949,customer7949@example.com,IN,2018-06-26,Basic,3104.36
7950,Customer 7950,customer7950@example.com,AU,2022-12-03,Basic,8039.73
7951,Customer 7951,customer7951@example.com,AU,2019-04-25,Basic,1018.02
7952,Customer 7952,customer7952@example.com,DE,2022-05-05,Premium,8578.81
7953,Customer 7953,customer7953@example.com,AU,2021-03-31,Premium,4888.12
7954,Customer 7954,customer7954@example.com,FR,2024-08-31,Basic,8920.90
7955,Customer 7955,customer7955@example.com,DE,2024-07-02,Basic,8908.74
7956,Customer 7956,customer7956@example.com,AU,2023-05-10,Standard,8336.36
7957,Customer 7957,customer7957@example.com,US,2019-03-17,Premium,4892.76
7958,Customer 7958,customer7958@example.com,IN,2023-04-21,Standard,3136.07
7959,Customer 7959,customer7959@example.com,FR,2022-01-22,Standard,6768.75
7960,Customer 7960,customer7960@example.com,DE,2022-09-10,Standard,4667.21
7961,Customer 7961,customer7961@example.com,IN,2024-05-04,Standard,1601.84
7962,Customer 7962,customer7962@example.com,FR,2024-06-19,Premium,3030.83
7963,Customer 7963,customer7963@example.com,DE,2021-01-04,Basic,344.82
7964,Customer 7964,customer7964@example.com,UK,2024-07-03,Premium,6127.67
7965,Customer 7965,customer7965@example.com,DE,2022-04-07,Basic,8596.89
7966,Customer 7966,customer7966@example.com,CA,2022-09-04,Premium,8444.22
7967,Customer 7967,customer7967@example.com,FR,2024-08-14,Basic,6014.85
7968,Customer 7968,customer7968@example.com,AU,2022-07-29,Premium,2262.99
7969,Customer 7969,customer7969@example.com,UK,2022-08-06,Basic,4815.94
7970,Customer 7970,customer7970@example.com,IN,2022-12-19,Standard,8914.67
7971,Customer 7971,customer7971@example.com,FR,2024-09-07,Standard,4737.04
7972,Customer 7972,customer7972@example.com,AU,2020-04-20,Basic,5693.51
7973,Customer 7973,customer7973@example.com,AU,2022-07-23,Premium,3824.86
7974,Customer 7974,customer7974@example.com,FR,2023-04-03,Basic,1919.00
7975,Customer 7975,customer7975@example.com,CA,2022-12-24,Premium,6733.79
7976,Customer 7976,customer7976@example.com,US,2018-08-14,Standard,7616.96
7977,Customer 7977,customer7977@example.com,DE,2019-05-20,Premium,5583.60
7978,Customer 7978,customer7978@example.com,FR,2019-12-08,Premium,6640.82
7979,Customer 7979,customer7979@example.com,US,2022-07-25,Basic,9671.67
7980,Customer 7980,customer7980@example.com,CA,2019-11-19,Standard,2096.99
7981,Customer 7981,customer7981@example.com,UK,2020-02-28,Basic,9422.24
7982,Customer 7982,customer7982@example.com,UK,2018-08-01,Premium,2235.18
7983,Customer 7983,customer7983@example.com,IN,2020-07-30,Standard,2871.24
7984,Customer 7984,customer7984@example.com,US,2022-07-02,Basic,8907.01
7985,Customer 7985,customer7985@example.com,AU,2022-03-28,Basic,9850.62
7986,Customer 7986,customer7986@example.com,DE,2020-07-17,Basic,9179.59
7987,Customer 7987,customer7987@example.com,FR,2024-11-11,Standard,6578.22
7988,Customer 7988,customer7988@example.com,UK,2021-10-28,Standard,5423.09
7989,Customer 7989,customer7989@example.com,FR,2021-08-16,Premium,6027.98
7990,Customer 7990,customer7990@example.com,US,2019-07-14,Basic,3501.98
7991,Customer 7991,customer7991@example.com,FR,2018-07-18,Premium,7876.15
7992,Customer 7992,customer7992@example.com,AU,2020-12-21,Standard,5357.52
7993,Customer 7993,customer7993@example.com,AU,2024-03-26,Standard,2943.96
7994,Customer 7994,customer7994@example.com,FR,2021-10-27,Premium,1155.67
7995,Customer 7995,customer7995@example.com,IN,2023-11-02,Premium,2633.66
7996,Customer 7996,customer7996@example.com,DE,2021-12-04,Standard,9054.69
7997,Customer 7997,customer7997@example.com,IN,2018-01-27,Standard,2551.05
7998,Customer 7998,customer7998@example.com,FR,2022-08-08,Standard,9709.17
7999,Customer 7999,customer7999@example.com,DE,2021-09-26,Premium,4848.75
8000,Customer 8000,customer8000@example.com,AU,2022-10-04,Basic,5347.34
8001,Customer 8001,customer8001@example.com,FR,2024-02-08,Standard,371.39
8002,Customer 8002,customer8002@example.com,UK,2018-06-22,Premium,7248.86
8003,Customer 8003,customer8003@example.com,UK,2019-11-23,Premium,2566.15
8004,Customer 8004,customer8004@example.com,US,2023-05-23,Premium,9029.45
8005,Customer 8005,customer8005@example.com,US,2024-12-20,Basic,9045.31
8006,Customer 8006,customer8006@example.com,IN,2022-07-02,Standard,9232.79
8007,Customer 8007,customer8007@example.com,IN,2024-06-20,Basic,1404.01
8008,Customer 8008,customer8008@example.com,AU,2023-04-18,Basic,5292.39
8009,Customer 8009,customer8009@example.com,FR,2019-10-16,Basic,5020.92
8010,Customer 8010,customer8010@example.com,AU,2018-11-09,Standard,8034.24
8011,Customer 8011,customer8011@example.com,AU,2021-06-22,Basic,3686.70
8012,Customer 8012,customer8012@example.com,FR,2019-12-13,Basic,8192.60
8013,Customer 8013,customer8013@example.com,FR,2024-06-23,Standard,3166.12
8014,Customer 8014,customer8014@example.com,US,2022-10-16,Premium,2421.10
8015,Customer 8015,customer8015@example.com,AU,2020-01-19,Basic,5611.41
8016,Customer 8016,customer8016@example.com,US,2023-04-14,Premium,291.92
8017,Customer 8017,customer8017@example.com,US,2018-06-19,Premium,5318.00
8018,Customer 8018,customer8018@example.com,DE,2021-10-18,Basic,884.95
8019,Customer 8019,customer8019@example.com,US,2019-08-26,Basic,1676.19
8020,Customer 8020,customer8020@example.com,CA,2018-01-15,Premium,7259.27
8021,Customer 8021,customer8021@example.com,FR,2022-01-18,Standard,3729.08
8022,Customer 8022,customer8022@example.com,DE,2018-10-01,Standard,2826.73
8023,Customer 8023,customer8023@example.com,FR,2024-12-12,Premium,6619.63
8024,Customer 8024,customer8024@example.com,CA,2018-10-07,Premium,8697.59
8025,Customer 8025,customer8025@example.com,DE,2022-07-21,Standard,1402.92
8026,Customer 8026,customer8026@example.com,FR,2021-08-01,Basic,7423.24
8027,Customer 8027,customer8027@example.com,AU,2019-02-05,Standard,1794.06
8028,Customer 8028,customer8028@example.com,CA,2024-05-28,Standard,2603.34
8029,Customer 8029,customer8029@example.com,UK,2018-07-28,Premium,8690.44
8030,Customer 8030,customer8030@example.com,FR,2018-08-15,Standard,5392.08
8031,Customer 8031,customer8031@example.com,AU,2021-10-31,Standard,7375.95
8032,Customer 8032,customer8032@example.com,AU,2020-02-12,Premium,232.63
8033,Customer 8033,customer8033@example.com,DE,2023-09-11,Standard,1503.41
8034,Customer 8034,customer8034@example.com,UK,2024-03-24,Premium,4039.17
8035,Customer 8035,customer8035@example.com,CA,2018-02-12,Standard,584.85
8036,Customer 8036,customer8036@example.com,US,2020-11-29,Standard,4509.80
8037,Customer 8037,customer8037@example.com,IN,2019-09-21,Premium,1432.36
8038,Customer 8038,customer8038@example.com,FR,2018-11-06,Standard,7441.11
8039,Customer 8039,customer8039@example.com,IN,2021-11-02,Basic,7066.58
8040,Customer 8040,customer8040@example.com,IN,2023-03-01,Premium,1046.97
8041,Customer 8041,customer8041@example.com,US,2019-03-14,Basic,4379.63
8042,Customer 8042,customer8042@example.com,IN,2023-06-03,Basic,1409.12
8043,Customer 8043,customer8043@example.com,IN,2019-06-13,Standard,828.78
8044,Customer 8044,customer8044@example.com,UK,2018-07-09,Premium,8499.02
8045,Customer 8045,customer8045@example.com,UK,2024-03-01,Basic,7236.62
8046,Customer 8046,customer8046@example.com,UK,2020-09-02,Premium,7079.82
8047,Customer 8047,customer8047@example.com,IN,2023-01-18,Premium,8330.27
8048,Customer 8048,customer8048@example.com,IN,2020-03-20,Standard,5896.36
8049,Customer 8049,customer8049@example.com,IN,2019-10-24,Basic,9103.96
8050,Customer 8050,customer8050@example.com,DE,2024-01-03,Basic,9094.69
8051,Customer 8051,customer8051@example.com,DE,2019-05-27,Premium,4350.63
8052,Customer 8052,customer8052@example.com,UK,2024-10-11,Basic,4491.95
8053,Customer 8053,customer8053@example.com,DE,2024-09-29,Premium,9738.60
8054,Customer 8054,customer8054@example.com,AU,2023-03-27,Standard,8321.85
8055,Customer 8055,customer8055@example.com,FR,2021-05-24,Basic,8606.19
8056,Customer 8056,customer8056@example.com,AU,2021-06-22,Premium,3060.36
8057,Customer 8057,customer8057@example.com,AU,2023-03-31,Premium,5869.96
8058,Customer 8058,customer8058@example.com,UK,2022-04-28,Premium,3523.69
8059,Customer 8059,customer8059@example.com,US,2023-10-20,Basic,2453.57
8060,Customer 8060,customer8060@example.com,US,2019-12-30,Standard,6566.04
8061,Customer 8061,customer8061@example.com,AU,2023-04-09,Basic,4550.36
8062,Customer 8062,customer8062@example.com,AU,2022-11-14,Basic,7915.10
8063,Customer 8063,customer8063@example.com,FR,2019-12-05,Standard,3040.96
8064,Customer 8064,customer8064@example.com,CA,2021-06-06,Premium,6333.68
8065,Customer 8065,customer8065@example.com,DE,2021-05-31,Basic,8977.68
8066,Customer 8066,customer8066@example.com,IN,2023-07-23,Premium,6075.65
8067,Customer 8067,customer8067@example.com,AU,2022-03-22,Standard,4817.87
8068,Customer 8068,customer8068@example.com,DE,2022-07-22,Basic,8528.96
8069,Customer 8069,customer8069@example.com,UK,2023-10-25,Basic,6511.14
8070,Customer 8070,customer8070@example.com,AU,2019-10-04,Basic,9166.32
8071,Customer 8071,customer8071@example.com,US,2020-07-16,Standard,9288.15
8072,Customer 8072,customer8072@example.com,CA,2018-03-18,Basic,3038.61
8073,Customer 8073,customer8073@example.com,DE,2023-04-13,Basic,8655.03
8074,Customer 8074,customer8074@example.com,US,2018-05-06,Basic,593.41
8075,Customer 8075,customer8075@example.com,DE,2018-02-08,Basic,751.57
8076,Customer 8076,customer8076@example.com,CA,2021-12-22,Standard,2357.74
8077,Customer 8077,customer8077@example.com,FR,2019-06-07,Standard,8801.91
8078,Customer 8078,customer8078@example.com,FR,2022-04-14,Basic,7814.14
8079,Customer 8079,customer8079@example.com,CA,2019-07-21,Premium,3723.08
8080,Customer 8080,customer8080@example.com,IN,2019-09-22,Premium,2286.16
8081,Customer 8081,customer8081@example.com,AU,2024-09-21,Premium,625.21
8082,Customer 8082,customer8082@example.com,AU,2018-12-13,Basic,9578.90
8083,Customer 8083,customer8083@example.com,AU,2018-08-29,Premium,6819.82
8084,Customer 8084,customer8084@example.com,UK,2023-03-27,Premium,1176.46
8085,Customer 8085,customer8085@example.com,CA,2019-04-11,Standard,1925.03
8086,Customer 8086,customer8086@example.com,UK,2022-06-11,Standard,9123.28
8087,Customer 8087,customer8087@example.com,DE,2023-07-06,Standard,4268.93
8088,Customer 8088,customer8088@example.com,AU,2018-02-22,Premium,6377.93
8089,Customer 8089,customer8089@example.com,IN,2020-12-25,Premium,9192.22
8090,Customer 8090,customer8090@example.com,AU,2020-07-01,Premium,9791.03
8091,Customer 8091,customer8091@example.com,IN,2023-12-01,Basic,2801.68
8092,Customer 8092,customer8092@example.com,AU,2021-06-08,Premium,1663.35
8093,Customer 8093,customer8093@example.com,IN,2020-09-19,Basic,7643.54
8094,Customer 8094,customer8094@example.com,IN,2022-09-06,Basic,4212.84
8095,Customer 8095,customer8095@example.com,CA,2023-05-26,Standard,7992.78
8096,Customer 8096,customer8096@example.com,US,2021-12-16,Premium,8644.14
8097,Customer 8097,customer8097@example.com,US,2019-11-23,Premium,4369.63
8098,Customer 8098,customer8098@example.com,UK,2021-05-18,Standard,7313.08
8099,Customer 8099,customer8099@example.com,UK,2022-07-08,Standard,204.92
8100,Customer 8100,customer8100@example.com,CA,2020-04-10,Premium,6090.63
8101,Customer 8101,customer8101@example.com,US,2024-06-11,Premium,7061.39
8102,Customer 8102,customer8102@example.com,CA,2018-08-16,Standard,3076.08
8103,Customer 8103,customer8103@example.com,FR,2022-07-24,Premium,8660.19
8104,Customer 8104,customer8104@example.com,CA,2021-06-30,Standard,1541.92
8105,Customer 8105,customer8105@example.com,IN,2023-06-26,Premium,8436.14
8106,Customer 8106,customer8106@example.com,CA,2021-08-23,Standard,2672.10
8107,Customer 8107,customer8107@example.com,US,2021-03-09,Premium,6448.85
8108,Customer 8108,customer8108@example.com,US,2022-06-29,Basic,4977.82
8109,Customer 8109,customer8109@example.com,UK,2018-09-08,Basic,4385.39
8110,Customer 8110,customer8110@example.com,DE,2021-01-01,Basic,2323.88
8111,Customer 8111,customer8111@example.com,UK,2021-06-06,Premium,6870.71
8112,Customer 8112,customer8112@example.com,FR,2024-08-03,Premium,2844.05
8113,Customer 8113,customer8113@example.com,AU,2020-05-18,Basic,7800.94
8114,Customer 8114,customer8114@example.com,IN,2020-01-21,Basic,3532.92
8115,Customer 8115,customer8115@example.com,IN,2023-04-05,Basic,6969.74
8116,Customer 8116,customer8116@example.com,DE,2023-02-14,Premium,2556.39
8117,Customer 8117,customer8117@example.com,AU,2023-09-24,Premium,8930.17
8118,Customer 8118,customer8118@example.com,UK,2018-03-22,Standard,2401.19
8119,Customer 8119,customer8119@example.com,DE,2020-10-15,Basic,8991.65
8120,Customer 8120,customer8120@example.com,CA,2020-05-02,Premium,1889.81
8121,Customer 8121,customer8121@example.com,UK,2022-09-30,Standard,1104.56
8122,Customer 8122,customer8122@example.com,UK,2019-09-17,Standard,7605.71
8123,Customer 8123,customer8123@example.com,DE,2018-03-30,Basic,5743.56
8124,Customer 8124,customer8124@example.com,DE,2020-02-21,Basic,8207.42
8125,Customer 8125,customer8125@example.com,UK,2018-08-14,Premium,2378.50
8126,Customer 8126,customer8126@example.com,US,2021-08-20,Premium,4057.64
8127,Customer 8127,customer8127@example.com,UK,2020-10-15,Premium,3333.87
8128,Customer 8128,customer8128@example.com,AU,2018-04-27,Standard,7116.15
8129,Customer 8129,customer8129@example.com,DE,2021-12-31,Standard,5389.78
8130,Customer 8130,customer8130@example.com,FR,2018-08-10,Basic,9564.62
8131,Customer 8131,customer8131@example.com,DE,2018-08-03,Standard,1603.67
8132,Customer 8132,customer8132@example.com,CA,2021-05-10,Standard,3993.38
8133,Customer 8133,customer8133@example.com,US,2018-11-19,Basic,6244.43
8134,Customer 8134,customer8134@example.com,DE,2022-03-05,Premium,1402.80
8135,Customer 8135,customer8135@example.com,UK,2023-09-23,Premium,9419.67
8136,Customer 8136,customer8136@example.com,AU,2023-10-19,Premium,5905.19
8137,Customer 8137,customer8137@example.com,AU,2020-10-18,Basic,9739.80
8138,Customer 8138,customer8138@example.com,DE,2018-03-29,Standard,7183.42
8139,Customer 8139,customer8139@example.com,UK,2021-06-24,Basic,9613.88
8140,Customer 8140,customer8140@example.com,AU,2018-10-08,Basic,7158.21
8141,Customer 8141,customer8141@example.com,FR,2019-03-27,Standard,6950.86
8142,Customer 8142,customer8142@example.com,AU,2021-07-10,Standard,5012.16
8143,Customer 8143,customer8143@example.com,US,2022-05-26,Standard,7995.66
8144,Customer 8144,customer8144@example.com,UK,2023-10-11,Basic,6530.99
8145,Customer 8145,customer8145@example.com,DE,2022-08-05,Premium,272.75
8146,Customer 8146,customer8146@example.com,AU,2022-10-30,Premium,7475.31
8147,Customer 8147,customer8147@example.com,UK,2018-11-01,Basic,6729.19
8148,Customer 8148,customer8148@example.com,IN,2022-02-02,Basic,4382.50
8149,Customer 8149,customer8149@example.com,DE,2019-06-23,Premium,8752.61
8150,Customer 8150,customer8150@example.com,US,2023-02-20,Standard,9401.52
8151,Customer 8151,customer8151@example.com,DE,2018-06-20,Standard,1623.04
8152,Customer 8152,customer8152@example.com,DE,2024-10-22,Basic,6629.35
8153,Customer 8153,customer8153@example.com,IN,2022-01-08,Basic,6556.10
8154,Customer 8154,customer8154@example.com,IN,2022-12-30,Standard,8784.92
8155,Customer 8155,customer8155@example.com,DE,2020-02-17,Basic,2236.14
8156,Customer 8156,customer8156@example.com,FR,2018-04-09,Basic,516.13
8157,Customer 8157,customer8157@example.com,AU,2024-08-25,Premium,1182.11
8158,Customer 8158,customer8158@example.com,US,2021-03-11,Standard,7354.07
8159,Customer 8159,customer8159@example.com,AU,2018-07-25,Basic,2243.84
8160,Customer 8160,customer8160@example.com,UK,2023-06-12,Basic,5292.01
8161,Customer 8161,customer8161@example.com,IN,2019-02-07,Basic,5979.58
8162,Customer 8162,customer8162@example.com,US,2021-02-25,Standard,6598.79
8163,Customer 8163,customer8163@example.com,FR,2020-09-22,Basic,5277.73
8164,Customer 8164,customer8164@example.com,FR,2023-09-13,Standard,7106.44
8165,Customer 8165,customer8165@example.com,CA,2021-12-14,Premium,5321.68
8166,Customer 8166,customer8166@example.com,CA,2021-12-17,Standard,9316.54
8167,Customer 8167,customer8167@example.com,US,2021-12-06,Basic,448.33
8168,Customer 8168,customer8168@example.com,IN,2022-04-13,Standard,9933.28
8169,Customer 8169,customer8169@example.com,AU,2024-03-30,Basic,7610.77
8170,Customer 8170,customer8170@example.com,FR,2023-05-15,Premium,5287.65
8171,Customer 8171,customer8171@example.com,US,2023-05-17,Premium,7173.90
8172,Customer 8172,customer8172@example.com,UK,2018-01-08,Basic,6419.35
8173,Customer 8173,customer8173@example.com,IN,2019-04-05,Basic,6720.77
8174,Customer 8174,customer8174@example.com,AU,2021-04-04,Standard,1627.94
8175,Customer 8175,customer8175@example.com,UK,2023-02-20,Premium,3581.88
8176,Customer 8176,customer8176@example.com,DE,2018-03-14,Standard,5206.07
8177,Customer 8177,customer8177@example.com,CA,2018-04-28,Basic,2297.26
8178,Customer 8178,customer8178@example.com,AU,2022-06-28,Basic,4490.10
8179,Customer 8179,customer8179@example.com,IN,2024-09-17,Basic,6325.23
8180,Customer 8180,customer8180@example.com,IN,2022-03-01,Premium,6451.28
8181,Customer 8181,customer8181@example.com,DE,2021-03-09,Basic,5531.38
8182,Customer 8182,customer8182@example.com,FR,2023-03-06,Premium,2676.10
8183,Customer 8183,customer8183@example.com,FR,2020-12-15,Basic,449.65
8184,Customer 8184,customer8184@example.com,FR,2022-04-02,Basic,5199.51
8185,Customer 8185,customer8185@example.com,FR,2023-01-15,Standard,776.94
8186,Customer 8186,customer8186@example.com,IN,2021-10-14,Standard,8942.83
8187,Customer 8187,customer8187@example.com,US,2022-10-07,Standard,3607.80
8188,Customer 8188,customer8188@example.com,US,2021-12-09,Basic,6115.44
8189,Customer 8189,customer8189@example.com,DE,2022-07-06,Premium,9969.43
8190,Customer 8190,customer8190@example.com,UK,2019-01-02,Basic,583.26
8191,Customer 8191,customer8191@example.com,CA,2022-12-03,Premium,5926.86
8192,Customer 8192,customer8192@example.com,UK,2018-03-08,Basic,420.49
8193,Customer 8193,customer8193@example.com,DE,2023-12-08,Standard,4342.37
8194,Customer 8194,customer8194@example.com,AU,2020-05-26,Premium,7728.25
8195,Customer 8195,customer8195@example.com,CA,2023-05-08,Standard,7966.56
8196,Customer 8196,,US,2020-03-30,Premium,3847.43
8197,Customer 8197,customer8197@example.com,CA,2024-04-01,Standard,1171.83
8198,Customer 8198,customer8198@example.com,AU,2019-10-21,Standard,1166.54
8199,Customer 8199,customer8199@example.com,DE,2024-02-21,Standard,6765.65
8200,Customer 8200,customer8200@example.com,US,2019-02-28,Premium,2699.95
8201,Customer 8201,customer8201@example.com,US,2019-07-22,Standard,9557.52
8202,Customer 8202,customer8202@example.com,DE,2021-10-12,Standard,335.37
8203,Customer 8203,customer8203@example.com,US,2021-11-02,Standard,5939.55
8204,Customer 8204,customer8204@example.com,US,2023-09-09,Basic,7227.22
8205,Customer 8205,customer8205@example.com,CA,2024-04-27,Basic,9192.19
8206,Customer 8206,customer8206@example.com,AU,2020-05-05,Basic,8481.70
8207,Customer 8207,customer8207@example.com,FR,2023-02-20,Premium,5252.24
8208,Customer 8208,customer8208@example.com,FR,2019-07-08,Standard,3837.31
8209,Customer 8209,customer8209@example.com,FR,2020-05-28,Premium,2101.76
8210,Customer 8210,customer8210@example.com,AU,2021-03-01,Premium,5308.90
8211,Customer 8211,customer8211@example.com,AU,2018-09-01,Premium,396.10
8212,Customer 8212,customer8212@example.com,US,2021-04-07,Premium,3197.43
8213,Customer 8213,customer8213@example.com,IN,2021-06-12,Basic,9374.70
8214,Customer 8214,customer8214@example.com,US,2023-07-08,Basic,9739.22
8215,Customer 8215,customer8215@example.com,DE,2019-03-12,Standard,9916.74
8216,Customer 8216,customer8216@example.com,IN,2022-08-18,Standard,9904.66
8217,Customer 8217,customer8217@example.com,FR,2022-05-07,Premium,5168.65
8218,Customer 8218,customer8218@example.com,FR,2020-03-08,Standard,1087.78
8219,Customer 8219,customer8219@example.com,IN,2022-03-27,Premium,1538.19
8220,Customer 8220,customer8220@example.com,UK,2023-01-27,Standard,6355.18
8221,Customer 8221,customer8221@example.com,US,2018-01-18,Premium,1361.21
8222,Customer 8222,customer8222@example.com,US,2019-06-16,Premium,8976.73
8223,Customer 8223,customer8223@example.com,DE,2018-06-09,Standard,3884.19
8224,Customer 8224,customer8224@example.com,FR,2023-01-24,Premium,1926.08
8225,Customer 8225,customer8225@example.com,US,2022-02-20,Basic,5682.23
8226,Customer 8226,customer8226@example.com,US,2020-12-10,Premium,9237.97
8227,Customer 8227,customer8227@example.com,AU,2019-11-11,Basic,8837.36
8228,Customer 8228,customer8228@example.com,US,2021-10-11,Premium,4186.90
8229,Customer 8229,customer8229@example.com,FR,2018-06-27,Basic,5468.42
8230,Customer 8230,customer8230@example.com,US,2020-01-07,Premium,5833.24
8231,Customer 8231,customer8231@example.com,FR,2023-11-30,Basic,3009.74
8232,Customer 8232,customer8232@example.com,DE,2023-06-14,Basic,6180.69
8233,Customer 8233,customer8233@example.com,IN,2024-03-30,Standard,8016.61
8234,Customer 8234,customer8234@example.com,FR,2018-12-06,Standard,1491.30
8235,Customer 8235,customer8235@example.com,FR,2024-11-09,Standard,8308.37
8236,Customer 8236,customer8236@example.com,AU,2021-02-28,Standard,3099.02
8237,Customer 8237,customer8237@example.com,US,2019-08-16,Premium,8012.52
8238,Customer 8238,customer8238@example.com,DE,2024-03-24,Premium,2585.51
8239,Customer 8239,customer8239@example.com,IN,2022-05-29,Premium,7269.45
8240,Customer 8240,customer8240@example.com,UK,2023-03-06,Premium,4674.03
8241,Customer 8241,customer8241@example.com,DE,2022-02-12,Premium,2341.00
8242,Customer 8242,customer8242@example.com,US,2019-03-27,Basic,412.51
8243,Customer 8243,customer8243@example.com,UK,2022-04-07,Basic,3868.42
8244,Customer 8244,customer8244@example.com,IN,2019-05-14,Standard,7901.06
8245,Customer 8245,customer8245@example.com,IN,2020-10-15,Basic,5780.16
8246,Customer 8246,customer8246@example.com,US,2022-04-19,Premium,342.62
8247,Customer 8247,customer8247@example.com,FR,2019-01-14,Basic,5721.82
8248,Customer 8248,customer8248@example.com,CA,2019-05-24,Premium,8164.37
8249,Customer 8249,customer8249@example.com,AU,2024-11-26,Premium,7363.01
8250,Customer 8250,customer8250@example.com,AU,2022-03-30,Basic,6797.76
8251,Customer 8251,customer8251@example.com,UK,2021-05-29,Basic,4913.40
8252,Customer 8252,customer8252@example.com,IN,2024-03-11,Basic,7792.92
8253,Customer 8253,customer8253@example.com,DE,2018-09-17,Premium,2282.40
8254,Customer 8254,customer8254@example.com,US,2021-02-24,Premium,2060.24
8255,Customer 8255,customer8255@example.com,US,2023-10-14,Premium,1197.56
8256,Customer 8256,customer8256@example.com,AU,2024-04-22,Basic,1125.33
8257,Customer 8257,customer8257@example.com,US,2021-11-01,Premium,7004.34
8258,Customer 8258,customer8258@example.com,UK,2019-10-04,Standard,6398.19
8259,Customer 8259,customer8259@example.com,FR,2024-08-02,Basic,122.04
8260,Customer 8260,customer8260@example.com,DE,2023-01-19,Premium,5073.05
8261,Customer 8261,customer8261@example.com,FR,2018-01-06,Basic,7473.92
8262,Customer 8262,customer8262@example.com,AU,2018-07-15,Standard,4587.03
8263,Customer 8263,customer8263@example.com,DE,2023-08-24,Standard,5313.01
8264,Customer 8264,customer8264@example.com,US,2018-03-31,Premium,1135.21
8265,Customer 8265,customer8265@example.com,AU,2021-12-19,Standard,2790.49
8266,Customer 8266,customer8266@example.com,FR,2019-05-28,Premium,4631.47
8267,Customer 8267,customer8267@example.com,CA,2023-04-19,Basic,2761.05
8268,Customer 8268,customer8268@example.com,US,2023-02-07,Basic,2750.52
8269,Customer 8269,customer8269@example.com,UK,2020-05-29,Standard,2728.69
8270,Customer 8270,customer8270@example.com,IN,2024-07-06,Basic,9218.96
8271,Customer 8271,customer8271@example.com,IN,2023-01-17,Premium,6082.26
8272,Customer 8272,customer8272@example.com,UK,2020-10-08,Basic,1154.77
8273,Customer 8273,customer8273@example.com,UK,2022-05-30,Basic,9699.74
8274,Customer 8274,customer8274@example.com,IN,2021-03-29,Premium,1939.64
8275,Customer 8275,customer8275@example.com,CA,2022-07-15,Standard,801.00
8276,Customer 8276,customer8276@example.com,AU,2022-04-28,Premium,2319.06
8277,Customer 8277,customer8277@example.com,FR,2023-01-21,Standard,2414.05
8278,Customer 8278,customer8278@example.com,US,2024-03-29,Premium,3542.06
8279,Customer 8279,customer8279@example.com,FR,2020-09-15,Premium,6885.91
8280,Customer 8280,customer8280@example.com,US,2018-11-29,Premium,9964.86
8281,Customer 8281,customer8281@example.com,IN,2022-07-22,Basic,3389.64
8282,Customer 8282,customer8282@example.com,FR,2019-01-23,Premium,3288.98
8283,Customer 8283,customer8283@example.com,FR,2018-06-03,Standard,9317.11
8284,Customer 8284,customer8284@example.com,US,2018-09-09,Standard,4464.04
8285,Customer 8285,customer8285@example.com,IN,2022-06-27,Standard,6034.53
8286,Customer 8286,customer8286@example.com,IN,2022-03-31,Basic,6397.88
8287,Customer 8287,customer8287@example.com,AU,2023-10-27,Basic,2789.08
8288,Customer 8288,customer8288@example.com,DE,2023-10-18,Premium,4726.24
8289,Customer 8289,customer8289@example.com,CA,2020-10-06,Standard,8100.42
8290,Customer 8290,customer8290@example.com,US,2018-08-08,Standard,7999.53
8291,Customer 8291,customer8291@example.com,US,2018-10-22,Standard,4914.24
8292,Customer 8292,customer8292@example.com,AU,2020-06-27,Basic,4856.67
8293,Customer 8293,customer8293@example.com,IN,2021-06-23,Basic,2052.98
8294,Customer 8294,customer8294@example.com,UK,2018-06-01,Standard,5325.27
8295,Customer 8295,customer8295@example.com,US,2018-10-30,Standard,1155.51
8296,Customer 8296,customer8296@example.com,CA,2022-09-30,Premium,9927.73
8297,Customer 8297,customer8297@example.com,DE,2024-11-28,Premium,1785.19
8298,Customer 8298,customer8298@example.com,US,2021-01-02,Standard,3007.87
8299,Customer 8299,customer8299@example.com,AU,2021-12-31,Standard,8507.16
8300,Customer 8300,customer8300@example.com,FR,2023-01-08,Standard,2351.75
8301,Customer 8301,customer8301@example.com,UK,2023-10-27,Standard,6669.56
8302,Customer 8302,customer8302@example.com,CA,2022-07-26,Basic,9263.62
8303,Customer 8303,customer8303@example.com,DE,2019-10-25,Premium,5718.71
8304,Customer 8304,customer8304@example.com,US,2023-05-21,Basic,362.49
8305,Customer 8305,customer8305@example.com,UK,2020-08-17,Standard,2513.65
8306,Customer 8306,customer8306@example.com,US,2018-08-15,Standard,6210.17
8307,Customer 8307,customer8307@example.com,AU,2024-07-26,Basic,1883.11
8308,Customer 8308,customer8308@example.com,CA,2022-07-14,Standard,2222.98
8309,Customer 8309,customer8309@example.com,FR,2019-04-03,Basic,6172.89
8310,Customer 8310,customer8310@example.com,CA,2023-02-13,Premium,1127.28
8311,Customer 8311,customer8311@example.com,FR,2020-06-05,Basic,8703.63
8312,Customer 8312,customer8312@example.com,AU,2022-10-18,Basic,9139.08
8313,Customer 8313,customer8313@example.com,DE,2023-09-06,Standard,7204.80
8314,Customer 8314,customer8314@example.com,UK,2020-03-14,Basic,8136.69
8315,Customer 8315,customer8315@example.com,AU,2021-11-30,Basic,3823.55
8316,Customer 8316,customer8316@example.com,DE,2020-09-24,Basic,1619.00
8317,Customer 8317,customer8317@example.com,FR,2022-05-09,Basic,4587.03
8318,Customer 8318,customer8318@example.com,US,2020-12-04,Basic,874.58
8319,Customer 8319,customer8319@example.com,UK,2021-01-25,Basic,2087.51
8320,Customer 8320,customer8320@example.com,US,2023-05-27,Basic,3966.12
8321,Customer 8321,customer8321@example.com,US,2022-10-30,Premium,3716.38
8322,Customer 8322,customer8322@example.com,IN,2019-02-19,Standard,8739.86
8323,Customer 8323,customer8323@example.com,AU,2021-08-01,Standard,6114.50
8324,Customer 8324,customer8324@example.com,US,2019-05-13,Standard,1448.85
8325,Customer 8325,customer8325@example.com,US,2022-05-30,Basic,8133.52
8326,Customer 8326,customer8326@example.com,IN,2024-11-13,Premium,9351.18
8327,Customer 8327,customer8327@example.com,DE,2020-12-13,Standard,3092.37
8328,Customer 8328,customer8328@example.com,UK,2024-08-24,Basic,6970.22
8329,Customer 8329,customer8329@example.com,FR,2018-03-05,Premium,9392.85
8330,Customer 8330,customer8330@example.com,CA,2021-09-04,Standard,4911.38
8331,Customer 8331,customer8331@example.com,AU,2020-08-03,Basic,7201.74
8332,Customer 8332,customer8332@example.com,DE,2019-06-26,Standard,6986.54
8333,Customer 8333,customer8333@example.com,US,2024-01-25,Standard,4035.57
8334,Customer 8334,customer8334@example.com,CA,2024-07-16,Premium,3684.95
8335,Customer 8335,customer8335@example.com,UK,2024-10-11,Basic,642.13
8336,Customer 8336,customer8336@example.com,US,2024-12-19,Premium,3955.36
8337,Customer 8337,customer8337@example.com,US,2018-01-30,Premium,6701.41
8338,Customer 8338,customer8338@example.com,AU,2019-04-01,Basic,7730.11
8339,Customer 8339,customer8339@example.com,US,2018-12-07,Standard,4298.91
8340,Customer 8340,customer8340@example.com,FR,2018-10-16,Basic,4650.76
8341,Customer 8341,customer8341@example.com,IN,2020-11-22,Standard,9682.63
8342,Customer 8342,customer8342@example.com,CA,2024-12-28,Basic,5191.27
8343,Customer 8343,customer8343@example.com,UK,2018-12-26,Premium,111.95
8344,Customer 8344,customer8344@example.com,CA,2024-03-27,Basic,1485.32
8345,Customer 8345,customer8345@example.com,AU,2020-03-02,Basic,8551.57
8346,Customer 8346,customer8346@example.com,CA,2022-03-18,Basic,6282.49
8347,Customer 8347,customer8347@example.com,AU,2024-04-15,Standard,4832.91
8348,Customer 8348,customer8348@example.com,UK,2020-06-12,Premium,707.48
8349,Customer 8349,customer8349@example.com,CA,2020-12-10,Basic,1336.20
8350,Customer 8350,customer8350@example.com,CA,2023-03-25,Basic,2525.62
8351,Customer 8351,customer8351@example.com,FR,2022-01-26,Standard,7273.93
8352,Customer 8352,customer8352@example.com,US,2024-10-17,Premium,1351.81
8353,Customer 8353,customer8353@example.com,US,2023-12-13,Basic,1448.51
8354,Customer 8354,customer8354@example.com,UK,2018-03-27,Standard,2211.90
8355,Customer 8355,customer8355@example.com,US,2023-11-26,Basic,9842.09
8356,Customer 8356,customer8356@example.com,AU,2021-03-23,Premium,4858.85
8357,Customer 8357,customer8357@example.com,US,2020-07-03,Premium,1639.85
8358,Customer 8358,,FR,2020-12-08,Premium,6933.75
8359,Customer 8359,customer8359@example.com,FR,2024-10-24,Premium,4293.25
8360,Customer 8360,customer8360@example.com,UK,2021-07-21,Basic,6133.94
8361,Customer 8361,customer8361@example.com,US,2022-08-23,Standard,4402.00
8362,Customer 8362,customer8362@example.com,US,2020-09-25,Premium,2330.75
8363,Customer 8363,customer8363@example.com,IN,2018-10-05,Basic,5758.50
8364,Customer 8364,customer8364@example.com,UK,2020-01-06,Standard,1485.13
8365,Customer 8365,customer8365@example.com,IN,2019-09-04,Basic,8069.91
8366,Customer 8366,customer8366@example.com,AU,2023-02-04,Premium,1830.57
8367,Customer 8367,customer8367@example.com,IN,2020-09-11,Standard,5873.42
8368,Customer 8368,customer8368@example.com,IN,2024-05-14,Standard,8472.03
8369,Customer 8369,customer8369@example.com,UK,2020-02-03,Standard,1931.59
8370,Customer 8370,customer8370@example.com,IN,2022-08-25,Standard,2655.57
8371,Customer 8371,customer8371@example.com,CA,2023-11-01,Standard,7625.19
8372,Customer 8372,customer8372@example.com,UK,2022-10-25,Basic,7323.50
8373,Customer 8373,customer8373@example.com,FR,2023-09-09,Premium,8733.87
8374,Customer 8374,customer8374@example.com,US,2018-11-01,Standard,7853.22
8375,Customer 8375,customer8375@example.com,UK,2020-06-23,Premium,4318.25
8376,Customer 8376,customer8376@example.com,US,2024-10-14,Basic,5245.40
8377,Customer 8377,customer8377@example.com,DE,2024-04-20,Standard,4841.14
8378,Customer 8378,customer8378@example.com,AU,2021-09-29,Standard,7054.56
8379,Customer 8379,customer8379@example.com,IN,2018-08-17,Basic,9107.48
8380,Customer 8380,customer8380@example.com,CA,2019-11-15,Standard,5353.40
8381,Customer 8381,customer8381@example.com,IN,2018-08-02,Premium,9230.71
8382,Customer 8382,customer8382@example.com,IN,2019-02-06,Basic,1604.25
8383,Customer 8383,,CA,2020-12-27,Standard,9541.79
8384,Customer 8384,customer8384@example.com,FR,2019-11-21,Premium,4183.32
8385,Customer 8385,customer8385@example.com,CA,2022-06-14,Standard,7275.97
8386,Customer 8386,customer8386@example.com,UK,2019-08-21,Premium,3307.61
8387,Customer 8387,customer8387@example.com,DE,2018-10-24,Basic,7983.41
8388,Customer 8388,customer8388@example.com,UK,2024-12-24,Standard,3512.54
8389,Customer 8389,customer8389@example.com,IN,2024-08-11,Basic,9518.74
8390,Customer 8390,customer8390@example.com,FR,2020-07-20,Basic,4608.19
8391,Customer 8391,customer8391@example.com,AU,2024-05-28,Premium,6056.28
8392,Customer 8392,customer8392@example.com,DE,2023-06-26,Basic,3226.89
8393,Customer 8393,customer8393@example.com,DE,2018-10-04,Basic,9620.54
8394,Customer 8394,customer8394@example.com,AU,2019-08-22,Standard,7226.14
8395,Customer 8395,customer8395@example.com,DE,2018-12-16,Premium,737.47
8396,Customer 8396,customer8396@example.com,CA,2020-06-06,Standard,9635.44
8397,Customer 8397,customer8397@example.com,FR,2018-02-18,Premium,7133.79
8398,Customer 8398,customer8398@example.com,FR,2019-08-31,Standard,3990.15
8399,Customer 8399,customer8399@example.com,CA,2023-03-12,Standard,1130.32
8400,Customer 8400,customer8400@example.com,UK,2022-02-03,Basic,2987.47
8401,Customer 8401,customer8401@example.com,AU,2019-10-19,Premium,2159.14
8402,Customer 8402,customer8402@example.com,AU,2018-03-01,Basic,525.32
8403,Customer 8403,customer8403@example.com,FR,2020-10-17,Premium,7456.84
8404,Customer 8404,customer8404@example.com,IN,2019-08-22,Basic,9643.67
8405,Customer 8405,customer8405@example.com,CA,2020-11-01,Basic,5630.33
8406,Customer 8406,customer8406@example.com,IN,2023-03-26,Premium,9619.33
8407,Customer 8407,customer8407@example.com,AU,2019-12-03,Premium,489.22
8408,Customer 8408,customer8408@example.com,FR,2023-11-07,Basic,2106.96
8409,Customer 8409,customer8409@example.com,UK,2022-12-13,Premium,7191.06
8410,Customer 8410,customer8410@example.com,DE,2021-04-05,Basic,3554.46
8411,Customer 8411,customer8411@example.com,UK,2018-01-11,Standard,1423.97
8412,Customer 8412,,US,2024-12-02,Standard,8465.04
8413,Customer 8413,customer8413@example.com,IN,2021-04-23,Premium,5493.22
8414,Customer 8414,customer8414@example.com,DE,2018-10-12,Standard,6850.60
8415,Customer 8415,customer8415@example.com,UK,2023-07-01,Basic,7012.05
8416,Customer 8416,customer8416@example.com,AU,2020-05-07,Basic,4016.04
8417,Customer 8417,customer8417@example.com,US,2019-10-06,Basic,7340.55
8418,Customer 8418,customer8418@example.com,DE,2021-12-18,Standard,1004.61
8419,Customer 8419,customer8419@example.com,CA,2018-03-21,Premium,9574.25
8420,Customer 8420,customer8420@example.com,US,2018-05-13,Basic,1236.75
8421,Customer 8421,customer8421@example.com,DE,2024-01-12,Standard,7129.05
8422,Customer 8422,customer8422@example.com,UK,2022-10-25,Premium,2159.11
8423,Customer 8423,customer8423@example.com,US,2018-02-22,Premium,4241.58
8424,Customer 8424,customer8424@example.com,FR,2019-07-06,Premium,2482.21
8425,Customer 8425,customer8425@example.com,US,2019-09-21,Basic,6576.52
8426,Customer 8426,customer8426@example.com,UK,2018-01-12,Basic,9053.70
8427,Customer 8427,customer8427@example.com,CA,2021-01-17,Basic,1509.22
8428,Customer 8428,customer8428@example.com,AU,2021-01-29,Premium,9958.07
8429,Customer 8429,customer8429@example.com,DE,2020-04-18,Basic,1235.81
8430,Customer 8430,customer8430@example.com,FR,2024-06-05,Premium,8509.26
8431,Customer 8431,customer8431@example.com,IN,2018-05-04,Basic,1207.39
8432,Customer 8432,customer8432@example.com,FR,2022-06-12,Premium,1327.28
8433,Customer 8433,customer8433@example.com,AU,2022-10-13,Basic,3916.52
8434,Customer 8434,customer8434@example.com,IN,2023-04-15,Basic,6793.01
8435,Customer 8435,customer8435@example.com,US,2020-10-15,Premium,8595.47
8436,Customer 8436,customer8436@example.com,DE,2022-03-12,Standard,9107.83
8437,Customer 8437,customer8437@example.com,US,2018-03-19,Standard,1085.94
8438,Customer 8438,customer8438@example.com,FR,2020-12-16,Basic,4696.65
8439,Customer 8439,customer8439@example.com,US,2024-02-17,Standard,2972.48
8440,Customer 8440,customer8440@example.com,CA,2021-09-18,Basic,371.95
8441,Customer 8441,customer8441@example.com,DE,2019-01-25,Standard,4131.45
8442,Customer 8442,customer8442@example.com,UK,2024-07-04,Standard,8318.34
8443,Customer 8443,customer8443@example.com,UK,2023-10-14,Premium,5904.85
8444,Customer 8444,customer8444@example.com,DE,2019-01-28,Premium,3650.78
8445,Customer 8445,customer8445@example.com,DE,2018-03-16,Basic,6137.41
8446,Customer 8446,customer8446@example.com,AU,2022-07-29,Basic,5774.14
8447,Customer 8447,customer8447@example.com,CA,2022-08-30,Premium,7335.00
8448,Customer 8448,customer8448@example.com,AU,2020-03-10,Premium,3365.97
8449,Customer 8449,customer8449@example.com,UK,2021-09-19,Standard,1681.99
8450,Customer 8450,customer8450@example.com,UK,2019-10-29,Premium,6640.52
8451,Customer 8451,customer8451@example.com,IN,2018-07-16,Standard,5081.82
8452,Customer 8452,customer8452@example.com,IN,2020-03-01,Standard,6514.42
8453,Customer 8453,customer8453@example.com,CA,2021-05-30,Premium,3563.43
8454,Customer 8454,customer8454@example.com,DE,2018-08-23,Basic,8523.25
8455,Customer 8455,customer8455@example.com,DE,2023-07-29,Standard,1826.13
8456,Customer 8456,customer8456@example.com,DE,2020-03-23,Basic,3704.91
8457,Customer 8457,customer8457@example.com,AU,2019-03-13,Premium,1246.53
8458,Customer 8458,customer8458@example.com,DE,2019-10-14,Standard,3261.48
8459,Customer 8459,customer8459@example.com,CA,2022-11-19,Premium,4683.77
8460,Customer 8460,customer8460@example.com,CA,2024-02-04,Basic,5429.20
8461,Customer 8461,customer8461@example.com,FR,2018-06-15,Premium,916.31
8462,Customer 8462,customer8462@example.com,FR,2021-02-05,Basic,5916.85
8463,Customer 8463,customer8463@example.com,UK,2018-03-23,Standard,9093.91
8464,Customer 8464,customer8464@example.com,DE,2023-12-26,Basic,169.23
8465,Customer 8465,customer8465@example.com,AU,2024-08-25,Standard,1265.56
8466,Customer 8466,customer8466@example.com,IN,2022-11-04,Premium,8012.80
8467,Customer 8467,customer8467@example.com,AU,2021-06-21,Premium,1863.10
8468,Customer 8468,customer8468@example.com,UK,2022-02-16,Basic,3351.92
8469,Customer 8469,customer8469@example.com,CA,2021-04-23,Basic,7335.29
8470,Customer 8470,customer8470@example.com,IN,2020-01-12,Premium,3327.25
8471,Customer 8471,customer8471@example.com,AU,2021-12-15,Basic,4126.98
8472,Customer 8472,customer8472@example.com,DE,2022-12-28,Standard,6035.89
8473,Customer 8473,customer8473@example.com,AU,2018-12-28,Premium,6838.13
8474,Customer 8474,customer8474@example.com,AU,2023-01-14,Basic,7995.06
8475,Customer 8475,customer8475@example.com,UK,2018-03-17,Basic,3123.96
8476,Customer 8476,customer8476@example.com,DE,2023-03-31,Standard,9718.50
8477,Customer 8477,customer8477@example.com,FR,2020-10-21,Standard,7693.84
8478,Customer 8478,customer8478@example.com,CA,2019-03-03,Premium,9973.47
8479,Customer 8479,customer8479@example.com,US,2024-02-29,Basic,9791.17
8480,Customer 8480,customer8480@example.com,AU,2021-12-31,Basic,5747.36
8481,Customer 8481,customer8481@example.com,US,2019-03-23,Standard,6627.05
8482,Customer 8482,customer8482@example.com,UK,2020-01-14,Premium,7788.22
8483,Customer 8483,customer8483@example.com,UK,2022-04-02,Basic,5264.71
8484,Customer 8484,customer8484@example.com,AU,2022-03-20,Premium,176.85
8485,Customer 8485,customer8485@example.com,IN,2020-03-12,Standard,4639.21
8486,Customer 8486,customer8486@example.com,CA,2018-10-16,Premium,6749.03
8487,Customer 8487,customer8487@example.com,CA,2024-06-24,Basic,5908.44
8488,Customer 8488,customer8488@example.com,CA,2020-07-19,Premium,6899.91
8489,Customer 8489,customer8489@example.com,FR,2021-02-24,Standard,9034.79
8490,Customer 8490,customer8490@example.com,CA,2019-04-24,Basic,2539.53
8491,Customer 8491,customer8491@example.com,AU,2024-06-01,Basic,7575.50
8492,Customer 8492,customer8492@example.com,FR,2024-06-22,Basic,1353.79
8493,Customer 8493,customer8493@example.com,US,2021-09-06,Basic,4000.08
8494,Customer 8494,customer8494@example.com,US,2020-06-21,Premium,5256.62
8495,Customer 8495,customer8495@example.com,FR,2024-01-25,Basic,6798.60
8496,Customer 8496,customer8496@example.com,AU,2019-08-20,Basic,3718.40
8497,Customer 8497,customer8497@example.com,CA,2024-04-16,Basic,5169.81
8498,Customer 8498,customer8498@example.com,IN,2019-03-06,Basic,7752.38
8499,Customer 8499,customer8499@example.com,DE,2020-08-19,Basic,4727.38
8500,Customer 8500,customer8500@example.com,CA,2020-09-21,Premium,7146.47
8501,Customer 8501,customer8501@example.com,IN,2018-02-05,Basic,140.32
8502,Customer 8502,customer8502@example.com,UK,2023-07-27,Basic,2917.21
8503,Customer 8503,customer8503@example.com,IN,2024-11-10,Basic,6569.39
8504,Customer 8504,customer8504@example.com,DE,2021-02-07,Standard,4679.29
8505,Customer 8505,customer8505@example.com,CA,2020-10-31,Standard,2843.33
8506,Customer 8506,customer8506@example.com,AU,2018-06-27,Standard,4089.62
8507,Customer 8507,customer8507@example.com,AU,2019-11-29,Basic,4317.83
8508,Customer 8508,customer8508@example.com,FR,2021-11-07,Standard,6576.50
8509,Customer 8509,customer8509@example.com,DE,2023-01-26,Standard,9935.79
8510,Customer 8510,customer8510@example.com,US,2022-05-21,Premium,9373.16
8511,Customer 8511,customer8511@example.com,CA,2020-11-27,Premium,3474.74
8512,Customer 8512,customer8512@example.com,CA,2023-10-13,Premium,9216.93
8513,Customer 8513,customer8513@example.com,IN,2021-09-11,Basic,6404.62
8514,Customer 8514,customer8514@example.com,AU,2024-05-14,Basic,636.48
8515,Customer 8515,customer8515@example.com,AU,2024-10-18,Basic,7849.88
8516,Customer 8516,customer8516@example.com,FR,2022-01-30,Basic,8565.21
8517,Customer 8517,customer8517@example.com,FR,2023-09-10,Premium,9227.13
8518,Customer 8518,customer8518@example.com,FR,2021-09-13,Standard,6693.33
8519,Customer 8519,customer8519@example.com,AU,2024-03-11,Premium,3846.33
8520,Customer 8520,customer8520@example.com,IN,2021-06-21,Premium,9910.73
8521,Customer 8521,customer8521@example.com,CA,2018-06-09,Standard,8425.98
8522,Customer 8522,customer8522@example.com,CA,2020-05-12,Premium,9961.18
8523,Customer 8523,customer8523@example.com,CA,2019-02-05,Basic,8417.95
8524,Customer 8524,customer8524@example.com,FR,2022-05-08,Premium,8813.60
8525,Customer 8525,customer8525@example.com,CA,2020-03-02,Standard,6610.13
8526,Customer 8526,customer8526@example.com,CA,2018-01-11,Standard,5127.82
8527,Customer 8527,customer8527@example.com,UK,2022-05-08,Basic,1651.55
8528,Customer 8528,customer8528@example.com,UK,2020-03-19,Basic,7144.83
8529,Customer 8529,customer8529@example.com,DE,2021-03-03,Premium,2439.33
8530,Customer 8530,customer8530@example.com,UK,2022-08-02,Basic,5919.90
8531,Customer 8531,customer8531@example.com,DE,2019-06-17,Basic,3397.00
8532,Customer 8532,customer8532@example.com,AU,2018-06-27,Basic,1954.14
8533,Customer 8533,customer8533@example.com,US,2019-07-21,Basic,8031.51
8534,Customer 8534,customer8534@example.com,DE,2020-03-12,Premium,4640.15
8535,Customer 8535,customer8535@example.com,DE,2021-09-17,Premium,2918.96
8536,Customer 8536,customer8536@example.com,FR,2019-10-01,Standard,5982.93
8537,Customer 8537,customer8537@example.com,US,2020-02-11,Premium,9688.93
8538,Customer 8538,customer8538@example.com,UK,2021-01-02,Standard,4924.26
8539,Customer 8539,customer8539@example.com,DE,2022-10-03,Basic,3364.42
8540,Customer 8540,customer8540@example.com,US,2024-07-24,Premium,7132.58
8541,Customer 8541,customer8541@example.com,DE,2022-02-16,Standard,6979.12
8542,Customer 8542,customer8542@example.com,US,2019-09-02,Premium,505.45
8543,Customer 8543,customer8543@example.com,US,2023-04-11,Standard,829.06
8544,Customer 8544,customer8544@example.com,FR,2021-06-20,Standard,9376.48
8545,Customer 8545,customer8545@example.com,AU,2022-01-16,Basic,2813.54
8546,Customer 8546,customer8546@example.com,FR,2022-05-24,Premium,7683.12
8547,Customer 8547,customer8547@example.com,US,2024-03-06,Basic,2567.89
8548,Customer 8548,customer8548@example.com,CA,2024-09-11,Premium,9569.86
8549,Customer 8549,customer8549@example.com,UK,2023-05-11,Basic,7350.95
8550,Customer 8550,customer8550@example.com,AU,2018-02-28,Standard,3316.78
8551,Customer 8551,customer8551@example.com,FR,2022-07-18,Premium,9070.65
8552,Customer 8552,customer8552@example.com,UK,2019-09-05,Basic,6526.16
8553,Customer 8553,customer8553@example.com,CA,2018-04-19,Standard,3923.41
8554,Customer 8554,customer8554@example.com,DE,2022-09-14,Basic,6980.25
8555,Customer 8555,customer8555@example.com,UK,2018-01-18,Standard,3772.69
8556,Customer 8556,customer8556@example.com,DE,2021-10-25,Basic,3396.37
8557,Customer 8557,customer8557@example.com,UK,2022-07-29,Premium,7086.36
8558,Customer 8558,customer8558@example.com,FR,2018-01-28,Standard,5034.35
8559,Customer 8559,customer8559@example.com,AU,2024-01-17,Basic,8039.90
8560,Customer 8560,customer8560@example.com,DE,2020-06-05,Premium,6497.04
8561,Customer 8561,customer8561@example.com,FR,2022-08-07,Premium,5807.93
8562,Customer 8562,customer8562@example.com,IN,2018-09-10,Standard,6815.90
8563,Customer 8563,customer8563@example.com,FR,2018-05-25,Premium,5243.53
8564,Customer 8564,customer8564@example.com,CA,2020-09-27,Standard,5699.09
8565,Customer 8565,customer8565@example.com,CA,2019-08-06,Standard,8908.94
8566,Customer 8566,customer8566@example.com,IN,2018-03-13,Premium,9474.77
8567,Customer 8567,customer8567@example.com,UK,2019-09-06,Premium,5685.91
8568,Customer 8568,customer8568@example.com,DE,2021-10-13,Basic,331.30
8569,Customer 8569,customer8569@example.com,US,2023-02-19,Basic,467.55
8570,Customer 8570,customer8570@example.com,CA,2023-03-09,Premium,9185.10
8571,Customer 8571,customer8571@example.com,US,2021-10-27,Basic,1167.36
8572,Customer 8572,customer8572@example.com,US,2018-08-17,Premium,5881.78
8573,Customer 8573,customer8573@example.com,UK,2020-11-01,Standard,6154.85
8574,Customer 8574,customer8574@example.com,FR,2022-11-23,Basic,4808.67
8575,Customer 8575,customer8575@example.com,UK,2019-04-15,Standard,1904.98
8576,Customer 8576,customer8576@example.com,US,2024-03-07,Basic,2017.01
8577,Customer 8577,customer8577@example.com,UK,2020-08-05,Basic,7373.45
8578,Customer 8578,customer8578@example.com,AU,2018-10-25,Basic,6003.06
8579,Customer 8579,customer8579@example.com,IN,2022-03-28,Basic,6133.06
8580,Customer 8580,customer8580@example.com,US,2018-01-11,Standard,2320.88
8581,Customer 8581,customer8581@example.com,FR,2018-12-15,Premium,1816.03
8582,Customer 8582,customer8582@example.com,FR,2018-06-22,Premium,8987.38
8583,Customer 8583,customer8583@example.com,UK,2019-08-19,Basic,2408.42
8584,Customer 8584,customer8584@example.com,FR,2022-12-26,Basic,2869.31
8585,Customer 8585,customer8585@example.com,FR,2018-08-10,Standard,2932.11
8586,Customer 8586,customer8586@example.com,IN,2021-08-20,Standard,7379.85
8587,Customer 8587,customer8587@example.com,IN,2022-12-28,Premium,8917.57
8588,Customer 8588,customer8588@example.com,UK,2018-09-12,Standard,2015.81
8589,Customer 8589,customer8589@example.com,UK,2023-10-25,Basic,7498.18
8590,Customer 8590,customer8590@example.com,US,2018-11-21,Premium,4271.75
8591,Customer 8591,customer8591@example.com,IN,2024-03-16,Premium,9025.21
8592,Customer 8592,customer8592@example.com,DE,2022-08-31,Basic,4248.95
8593,Customer 8593,customer8593@example.com,IN,2024-07-02,Standard,1459.81
8594,Customer 8594,customer8594@example.com,DE,2023-07-05,Standard,230.10
8595,Customer 8595,customer8595@example.com,IN,2022-09-04,Basic,8236.96
8596,Customer 8596,customer8596@example.com,CA,2022-10-14,Standard,4455.61
8597,Customer 8597,customer8597@example.com,CA,2020-11-18,Standard,1851.15
8598,Customer 8598,customer8598@example.com,FR,2020-06-09,Standard,5546.11
8599,Customer 8599,customer8599@example.com,CA,2020-10-23,Standard,4998.70
8600,Customer 8600,customer8600@example.com,IN,2020-12-04,Premium,4471.04
8601,Customer 8601,customer8601@example.com,AU,2024-10-18,Standard,4224.08
8602,Customer 8602,customer8602@example.com,FR,2023-04-02,Standard,7776.82
8603,Customer 8603,customer8603@example.com,US,2022-11-13,Premium,1508.56
8604,Customer 8604,customer8604@example.com,IN,2023-10-07,Basic,6105.97
8605,Customer 8605,customer8605@example.com,UK,2024-02-14,Standard,1635.13
8606,Customer 8606,customer8606@example.com,IN,2018-09-09,Basic,1449.68
8607,Customer 8607,customer8607@example.com,AU,2019-08-24,Standard,6901.47
8608,Customer 8608,customer8608@example.com,US,2022-03-27,Standard,1283.31
8609,Customer 8609,customer8609@example.com,US,2018-01-06,Standard,2039.16
8610,Customer 8610,customer8610@example.com,FR,2018-11-02,Basic,5207.86
8611,Customer 8611,customer8611@example.com,FR,2018-05-17,Standard,3933.21
8612,Customer 8612,customer8612@example.com,CA,2022-06-18,Basic,5201.58
8613,Customer 8613,customer8613@example.com,AU,2020-04-04,Premium,6930.74
8614,Customer 8614,customer8614@example.com,CA,2022-07-03,Standard,3125.58
8615,Customer 8615,customer8615@example.com,FR,2024-06-22,Standard,6396.18
8616,Customer 8616,customer8616@example.com,UK,2023-03-25,Basic,5284.60
8617,Customer 8617,customer8617@example.com,US,2019-12-15,Standard,1422.01
8618,Customer 8618,customer8618@example.com,CA,2022-01-18,Premium,9831.52
8619,Customer 8619,customer8619@example.com,CA,2021-01-11,Premium,8400.70
8620,Customer 8620,customer8620@example.com,AU,2018-03-15,Premium,5810.33
8621,Customer 8621,customer8621@example.com,US,2024-12-01,Basic,6841.04
8622,Customer 8622,customer8622@example.com,IN,2018-03-22,Basic,4455.92
8623,Customer 8623,customer8623@example.com,CA,2019-05-01,Standard,111.63
8624,Customer 8624,customer8624@example.com,IN,2022-06-28,Standard,8735.00
8625,Customer 8625,customer8625@example.com,US,2022-02-12,Premium,490.15
8626,Customer 8626,customer8626@example.com,FR,2019-02-28,Basic,9495.62
8627,Customer 8627,customer8627@example.com,FR,2021-03-14,Premium,2921.31
8628,Customer 8628,customer8628@example.com,UK,2022-10-06,Basic,5831.91
8629,Customer 8629,customer8629@example.com,CA,2022-12-19,Basic,3855.14
8630,Customer 8630,customer8630@example.com,CA,2019-09-14,Basic,9128.92
8631,Customer 8631,customer8631@example.com,FR,2018-12-07,Basic,631.71
8632,Customer 8632,customer8632@example.com,US,2019-01-11,Premium,9271.09
8633,Customer 8633,customer8633@example.com,IN,2018-01-03,Premium,6795.23
8634,Customer 8634,customer8634@example.com,US,2019-03-11,Standard,5597.15
8635,Customer 8635,customer8635@example.com,DE,2018-04-26,Basic,1848.44
8636,Customer 8636,customer8636@example.com,DE,2018-07-16,Premium,3545.35
8637,Customer 8637,customer8637@example.com,DE,2024-05-04,Standard,1718.38
8638,Customer 8638,customer8638@example.com,AU,2020-07-29,Basic,6858.51
8639,Customer 8639,customer8639@example.com,UK,2018-05-15,Premium,218.36
8640,Customer 8640,customer8640@example.com,CA,2019-12-07,Basic,9022.08
8641,Customer 8641,,FR,2022-02-01,Basic,7926.50
8642,Customer 8642,customer8642@example.com,FR,2021-01-06,Basic,4661.05
8643,Customer 8643,customer8643@example.com,CA,2021-09-29,Basic,2377.67
8644,Customer 8644,customer8644@example.com,IN,2022-09-26,Standard,5990.53
8645,Customer 8645,customer8645@example.com,CA,2023-01-23,Basic,3161.40
8646,Customer 8646,customer8646@example.com,AU,2019-11-16,Standard,1598.34
8647,Customer 8647,customer8647@example.com,CA,2024-11-26,Basic,2653.36
8648,Customer 8648,customer8648@example.com,CA,2019-11-10,Premium,2884.68
8649,Customer 8649,customer8649@example.com,FR,2021-03-10,Premium,3557.30
8650,Customer 8650,customer8650@example.com,CA,2020-05-15,Standard,2988.04
8651,Customer 8651,customer8651@example.com,AU,2022-02-09,Premium,9014.52
8652,Customer 8652,customer8652@example.com,UK,2020-09-03,Standard,9380.58
8653,Customer 8653,customer8653@example.com,IN,2020-07-30,Standard,7915.21
8654,Customer 8654,customer8654@example.com,AU,2022-06-08,Basic,5776.94
8655,Customer 8655,customer8655@example.com,AU,2024-10-26,Standard,3855.27
8656,Customer 8656,customer8656@example.com,US,2022-03-24,Premium,8391.08
8657,Customer 8657,customer8657@example.com,DE,2021-11-07,Standard,7691.54
8658,Customer 8658,customer8658@example.com,AU,2023-02-19,Standard,6027.25
8659,Customer 8659,customer8659@example.com,US,2022-01-27,Basic,3052.92
8660,Customer 8660,customer8660@example.com,CA,2022-05-21,Basic,5140.49
8661,Customer 8661,customer8661@example.com,DE,2021-01-22,Basic,6161.52
8662,Customer 8662,customer8662@example.com,IN,2018-08-27,Premium,9564.43
8663,Customer 8663,customer8663@example.com,AU,2021-10-14,Basic,4067.60
8664,Customer 8664,customer8664@example.com,DE,2018-07-04,Basic,3619.30
8665,Customer 8665,customer8665@example.com,DE,2020-12-23,Standard,365.41
8666,Customer 8666,customer8666@example.com,IN,2024-06-23,Basic,4423.62
8667,Customer 8667,customer8667@example.com,UK,2020-11-24,Standard,7672.04
8668,Customer 8668,customer8668@example.com,DE,2019-08-19,Standard,7392.71
8669,Customer 8669,customer8669@example.com,US,2019-02-03,Premium,996.24
8670,Customer 8670,customer8670@example.com,US,2023-10-24,Standard,8026.74
8671,Customer 8671,customer8671@example.com,AU,2018-10-18,Basic,2577.82
8672,Customer 8672,customer8672@example.com,CA,2022-10-04,Basic,6135.91
8673,Customer 8673,customer8673@example.com,CA,2021-08-09,Basic,2301.49
8674,Customer 8674,customer8674@example.com,UK,2018-11-09,Premium,3633.96
8675,Customer 8675,customer8675@example.com,IN,2022-08-15,Premium,5050.79
8676,Customer 8676,customer8676@example.com,UK,2018-08-03,Basic,4594.20
8677,Customer 8677,customer8677@example.com,CA,2020-03-24,Basic,2822.48
8678,Customer 8678,customer8678@example.com,AU,2023-12-19,Premium,8788.09
8679,Customer 8679,customer8679@example.com,US,2019-10-02,Premium,6600.75
8680,Customer 8680,customer8680@example.com,FR,2020-12-20,Premium,3527.04
8681,Customer 8681,customer8681@example.com,FR,2019-07-04,Premium,3415.97
8682,Customer 8682,customer8682@example.com,DE,2021-04-29,Basic,8279.72
8683,Customer 8683,customer8683@example.com,AU,2024-06-10,Basic,8710.42
8684,Customer 8684,customer8684@example.com,FR,2024-02-23,Premium,7210.79
8685,Customer 8685,customer8685@example.com,UK,2018-09-21,Standard,4757.76
8686,Customer 8686,customer8686@example.com,CA,2020-11-12,Basic,7315.55
8687,Customer 8687,customer8687@example.com,DE,2023-01-05,Standard,3927.30
8688,Customer 8688,customer8688@example.com,DE,2019-12-16,Basic,2554.28
8689,Customer 8689,customer8689@example.com,FR,2019-03-01,Standard,7238.48
8690,Customer 8690,customer8690@example.com,DE,2023-04-28,Premium,897.98
8691,Customer 8691,customer8691@example.com,FR,2018-11-18,Standard,1913.30
8692,Customer 8692,customer8692@example.com,DE,2024-01-02,Premium,8105.85
8693,Customer 8693,customer8693@example.com,DE,2019-08-14,Basic,8338.58
8694,Customer 8694,customer8694@example.com,UK,2022-10-02,Standard,8656.30
8695,Customer 8695,customer8695@example.com,AU,2022-10-19,Basic,9202.88
8696,Customer 8696,customer8696@example.com,IN,2024-12-09,Standard,5937.83
8697,Customer 8697,customer8697@example.com,IN,2023-11-20,Standard,9413.01
8698,Customer 8698,customer8698@example.com,DE,2021-04-15,Standard,3360.96
8699,Customer 8699,customer8699@example.com,DE,2023-01-26,Standard,9668.11
8700,Customer 8700,customer8700@example.com,UK,2021-02-11,Premium,1243.91
8701,Customer 8701,customer8701@example.com,IN,2019-07-12,Basic,9362.64
8702,Customer 8702,customer8702@example.com,CA,2020-05-22,Standard,9947.74
8703,Customer 8703,customer8703@example.com,US,2021-09-06,Basic,4406.15
8704,Customer 8704,customer8704@example.com,CA,2023-02-02,Standard,6668.53
8705,Customer 8705,customer8705@example.com,US,2024-07-09,Premium,2586.56
8706,Customer 8706,customer8706@example.com,UK,2023-10-15,Basic,369.43
8707,Customer 8707,customer8707@example.com,UK,2021-02-15,Basic,2934.79
8708,Customer 8708,customer8708@example.com,DE,2023-05-15,Basic,2499.77
8709,Customer 8709,customer8709@example.com,CA,2021-12-02,Standard,1276.40
8710,Customer 8710,customer8710@example.com,US,2022-01-15,Standard,5588.41
8711,Customer 8711,customer8711@example.com,FR,2019-07-12,Basic,1409.90
8712,Customer 8712,customer8712@example.com,UK,2018-09-12,Standard,379.41
8713,Customer 8713,customer8713@example.com,FR,2021-10-05,Basic,2598.00
8714,Customer 8714,customer8714@example.com,US,2021-07-18,Premium,1111.17
8715,Customer 8715,customer8715@example.com,US,2019-06-22,Basic,1392.31
8716,Customer 8716,customer8716@example.com,CA,2021-05-11,Premium,2555.95
8717,Customer 8717,customer8717@example.com,UK,2022-12-08,Basic,1844.98
8718,Customer 8718,customer8718@example.com,CA,2023-07-09,Premium,5415.27
8719,Customer 8719,customer8719@example.com,CA,2019-10-26,Standard,3052.69
8720,Customer 8720,customer8720@example.com,AU,2021-12-13,Standard,1961.72
8721,Customer 8721,customer8721@example.com,US,2019-03-07,Premium,6292.88
8722,Customer 8722,customer8722@example.com,UK,2024-02-05,Basic,241.93
8723,Customer 8723,customer8723@example.com,IN,2020-02-01,Basic,9050.38
8724,Customer 8724,customer8724@example.com,IN,2018-07-14,Standard,4220.34
8725,Customer 8725,customer8725@example.com,DE,2021-05-08,Standard,6263.57
8726,Customer 8726,customer8726@example.com,IN,2021-09-19,Basic,4073.26
8727,Customer 8727,customer8727@example.com,UK,2021-12-19,Standard,3328.42
8728,Customer 8728,customer8728@example.com,AU,2021-04-29,Premium,5276.56
8729,Customer 8729,customer8729@example.com,US,2019-11-08,Basic,8559.69
8730,Customer 8730,customer8730@example.com,CA,2023-11-10,Premium,3452.03
8731,Customer 8731,customer8731@example.com,US,2019-12-03,Basic,5280.78
8732,Customer 8732,customer8732@example.com,IN,2022-04-11,Standard,5881.60
8733,Customer 8733,customer8733@example.com,DE,2024-11-17,Standard,3962.12
8734,Customer 8734,customer8734@example.com,CA,2024-10-17,Basic,7635.68
8735,Customer 8735,customer8735@example.com,UK,2024-01-08,Basic,8916.56
8736,Customer 8736,customer8736@example.com,CA,2023-12-22,Standard,4545.17
8737,Customer 8737,customer8737@example.com,US,2021-09-06,Premium,540.11
8738,Customer 8738,customer8738@example.com,US,2020-06-21,Basic,1758.86
8739,Customer 8739,customer8739@example.com,IN,2024-01-23,Basic,8683.77
8740,Customer 8740,customer8740@example.com,FR,2019-01-09,Basic,7570.89
8741,Customer 8741,customer8741@example.com,UK,2020-05-08,Basic,1677.49
8742,Customer 8742,customer8742@example.com,US,2020-05-01,Standard,9451.99
8743,Customer 8743,customer8743@example.com,IN,2022-11-23,Standard,1355.08
8744,Customer 8744,customer8744@example.com,FR,2023-05-23,Basic,3953.07
8745,Customer 8745,customer8745@example.com,FR,2024-01-28,Basic,6667.68
8746,Customer 8746,customer8746@example.com,DE,2020-02-02,Standard,1525.85
8747,Customer 8747,customer8747@example.com,FR,2022-04-01,Premium,7251.51
8748,Customer 8748,customer8748@example.com,UK,2018-01-26,Basic,9940.02
8749,Customer 8749,customer8749@example.com,FR,2023-01-13,Basic,2342.32
8750,Customer 8750,customer8750@example.com,DE,2022-11-28,Premium,9570.22
8751,Customer 8751,customer8751@example.com,US,2022-07-24,Premium,6691.80
8752,Customer 8752,customer8752@example.com,UK,2020-06-27,Standard,6413.50
8753,Customer 8753,customer8753@example.com,DE,2022-02-17,Standard,2502.91
8754,Customer 8754,customer8754@example.com,FR,2019-12-12,Premium,9544.99
8755,Customer 8755,customer8755@example.com,UK,2023-01-30,Standard,6478.74
8756,Customer 8756,customer8756@example.com,AU,2018-05-30,Premium,2621.43
8757,Customer 8757,customer8757@example.com,UK,2021-10-23,Basic,3628.88
8758,Customer 8758,customer8758@example.com,IN,2023-04-09,Premium,702.87
8759,Customer 8759,customer8759@example.com,UK,2023-03-09,Premium,7480.09
8760,Customer 8760,customer8760@example.com,CA,2019-06-03,Premium,5552.43
8761,Customer 8761,customer8761@example.com,AU,2023-01-10,Premium,3190.51
8762,Customer 8762,customer8762@example.com,UK,2020-11-08,Premium,7656.69
8763,Customer 8763,customer8763@example.com,UK,2021-09-18,Standard,3443.74
8764,Customer 8764,customer8764@example.com,FR,2023-11-05,Basic,7291.81
8765,Customer 8765,customer8765@example.com,CA,2020-07-02,Basic,7978.06
8766,Customer 8766,customer8766@example.com,FR,2018-06-08,Standard,1132.19
8767,Customer 8767,customer8767@example.com,FR,2023-05-07,Basic,5420.63
8768,Customer 8768,customer8768@example.com,US,2022-01-13,Basic,4271.13
8769,Customer 8769,customer8769@example.com,AU,2021-03-15,Standard,8707.51
8770,Customer 8770,customer8770@example.com,FR,2020-08-11,Basic,3970.64
8771,Customer 8771,customer8771@example.com,AU,2021-11-07,Standard,6126.35
8772,Customer 8772,customer8772@example.com,DE,2021-02-14,Basic,6744.91
8773,Customer 8773,customer8773@example.com,DE,2022-11-02,Standard,7486.50
8774,Customer 8774,customer8774@example.com,UK,2020-02-07,Basic,1865.33
8775,Customer 8775,customer8775@example.com,AU,2018-10-16,Basic,1714.04
8776,Customer 8776,customer8776@example.com,IN,2024-10-02,Standard,3587.27
8777,Customer 8777,customer8777@example.com,FR,2022-11-28,Premium,204.62
8778,Customer 8778,customer8778@example.com,AU,2022-09-30,Premium,2467.60
8779,Customer 8779,customer8779@example.com,IN,2020-12-08,Standard,5868.57
8780,Customer 8780,customer8780@example.com,IN,2021-02-16,Premium,4275.28
8781,Customer 8781,customer8781@example.com,US,2023-06-23,Standard,337.89
8782,Customer 8782,customer8782@example.com,IN,2024-09-01,Standard,2142.66
8783,Customer 8783,customer8783@example.com,US,2019-06-12,Basic,567.26
8784,Customer 8784,customer8784@example.com,AU,2020-09-30,Basic,5165.36
8785,Customer 8785,customer8785@example.com,CA,2019-04-26,Premium,7241.27
8786,Customer 8786,customer8786@example.com,IN,2023-08-06,Premium,8684.74
8787,Customer 8787,customer8787@example.com,FR,2019-08-12,Basic,2316.07
8788,Customer 8788,customer8788@example.com,DE,2022-10-04,Basic,6283.09
8789,Customer 8789,customer8789@example.com,DE,2024-02-24,Premium,478.09
8790,Customer 8790,customer8790@example.com,CA,2018-03-11,Premium,3723.16
8791,Customer 8791,customer8791@example.com,UK,2020-04-26,Standard,2874.01
8792,Customer 8792,customer8792@example.com,AU,2020-03-20,Standard,4096.63
8793,Customer 8793,customer8793@example.com,US,2019-06-14,Basic,6593.78
8794,Customer 8794,customer8794@example.com,FR,2019-11-10,Basic,7692.77
8795,Customer 8795,customer8795@example.com,US,2021-07-29,Standard,3721.56
8796,Customer 8796,customer8796@example.com,FR,2024-12-18,Standard,4680.53
8797,Customer 8797,customer8797@example.com,IN,2021-04-26,Standard,9611.07
8798,Customer 8798,customer8798@example.com,DE,2024-05-16,Standard,6154.89
8799,Customer 8799,customer8799@example.com,DE,2022-02-15,Premium,8921.22
8800,Customer 8800,customer8800@example.com,DE,2020-09-10,Basic,6329.02
8801,Customer 8801,customer8801@example.com,UK,2024-04-25,Basic,6352.26
8802,Customer 8802,customer8802@example.com,FR,2019-04-15,Standard,5188.07
8803,Customer 8803,customer8803@example.com,AU,2021-03-18,Premium,5635.59
8804,Customer 8804,customer8804@example.com,IN,2021-11-14,Premium,6927.82
8805,Customer 8805,customer8805@example.com,UK,2022-02-12,Premium,8109.15
8806,Customer 8806,customer8806@example.com,US,2023-01-31,Basic,7759.04
8807,Customer 8807,customer8807@example.com,CA,2023-08-13,Premium,7770.94
8808,Customer 8808,customer8808@example.com,US,2022-06-04,Basic,3202.02
8809,Customer 8809,customer8809@example.com,AU,2018-10-02,Basic,6328.61
8810,Customer 8810,customer8810@example.com,UK,2019-01-15,Standard,8339.08
8811,Customer 8811,customer8811@example.com,DE,2023-07-06,Standard,7134.27
8812,Customer 8812,customer8812@example.com,DE,2019-09-03,Premium,8057.93
8813,Customer 8813,customer8813@example.com,US,2019-07-10,Standard,6343.68
8814,Customer 8814,customer8814@example.com,AU,2024-12-26,Standard,4685.97
8815,Customer 8815,customer8815@example.com,US,2023-10-02,Basic,7768.64
8816,Customer 8816,customer8816@example.com,UK,2021-05-14,Premium,1966.67
8817,Customer 8817,customer8817@example.com,CA,2022-01-24,Basic,8596.61
8818,Customer 8818,customer8818@example.com,UK,2019-01-11,Premium,7404.48
8819,Customer 8819,customer8819@example.com,DE,2021-03-16,Premium,7394.17
8820,Customer 8820,customer8820@example.com,UK,2024-07-14,Premium,9986.82
8821,Customer 8821,customer8821@example.com,FR,2020-08-14,Standard,6475.46
8822,Customer 8822,customer8822@example.com,AU,2018-04-01,Basic,2580.09
8823,Customer 8823,customer8823@example.com,UK,2018-12-29,Basic,9021.66
8824,Customer 8824,customer8824@example.com,DE,2019-11-06,Standard,4834.13
8825,Customer 8825,customer8825@example.com,DE,2024-07-15,Basic,705.19
8826,Customer 8826,customer8826@example.com,US,2021-03-02,Standard,6117.04
8827,Customer 8827,customer8827@example.com,DE,2018-12-29,Premium,8024.72
8828,Customer 8828,customer8828@example.com,CA,2020-08-27,Premium,3316.68
8829,Customer 8829,customer8829@example.com,FR,2018-02-03,Premium,5581.51
8830,Customer 8830,customer8830@example.com,IN,2018-12-23,Premium,2119.07
8831,Customer 8831,customer8831@example.com,DE,2020-08-13,Standard,8030.34
8832,Customer 8832,customer8832@example.com,CA,2022-02-11,Standard,779.71
8833,Customer 8833,customer8833@example.com,UK,2024-09-26,Basic,6271.79
8834,Customer 8834,customer8834@example.com,CA,2019-12-22,Standard,4332.44
8835,Customer 8835,customer8835@example.com,FR,2018-12-24,Premium,4986.33
8836,Customer 8836,customer8836@example.com,DE,2019-06-11,Premium,7703.23
8837,Customer 8837,customer8837@example.com,UK,2018-04-17,Premium,6230.53
8838,Customer 8838,customer8838@example.com,CA,2020-04-14,Basic,927.47
8839,Customer 8839,customer8839@example.com,UK,2018-06-11,Premium,2970.99
8840,Customer 8840,customer8840@example.com,AU,2021-06-04,Basic,440.26
8841,Customer 8841,customer8841@example.com,IN,2023-11-24,Basic,602.32
8842,Customer 8842,customer8842@example.com,IN,2023-12-04,Basic,795.33
8843,Customer 8843,customer8843@example.com,FR,2022-08-16,Standard,8114.74
8844,Customer 8844,customer8844@example.com,UK,2020-02-11,Premium,8262.57
8845,Customer 8845,customer8845@example.com,US,2024-06-16,Basic,457.39
8846,Customer 8846,customer8846@example.com,UK,2018-10-15,Basic,2247.89
8847,Customer 8847,customer8847@example.com,DE,2022-05-27,Basic,7297.89
8848,Customer 8848,customer8848@example.com,CA,2020-04-27,Premium,4478.46
8849,Customer 8849,customer8849@example.com,UK,2020-08-14,Standard,8821.92
8850,Customer 8850,customer8850@example.com,CA,2022-06-22,Standard,632.96
8851,Customer 8851,customer8851@example.com,DE,2018-10-11,Standard,942.25
8852,Customer 8852,customer8852@example.com,AU,2020-06-10,Basic,5523.77
8853,Customer 8853,customer8853@example.com,IN,2019-01-13,Basic,1240.00
8854,Customer 8854,customer8854@example.com,IN,2023-05-17,Standard,454.07
8855,Customer 8855,customer8855@example.com,AU,2018-05-04,Premium,2467.86
8856,Customer 8856,customer8856@example.com,UK,2019-10-13,Premium,7658.08
8857,Customer 8857,customer8857@example.com,UK,2021-01-20,Standard,5965.09
8858,Customer 8858,customer8858@example.com,FR,2018-04-24,Standard,858.47
8859,Customer 8859,customer8859@example.com,IN,2023-04-29,Standard,3514.93
8860,Customer 8860,customer8860@example.com,AU,2023-07-25,Standard,3532.85
8861,Customer 8861,customer8861@example.com,CA,2019-09-21,Standard,7104.11
8862,Customer 8862,customer8862@example.com,CA,2023-02-25,Premium,2338.33
8863,Customer 8863,customer8863@example.com,AU,2022-03-26,Basic,2168.78
8864,Customer 8864,customer8864@example.com,FR,2018-04-17,Premium,6655.16
8865,Customer 8865,customer8865@example.com,CA,2023-08-26,Basic,860.61
8866,Customer 8866,customer8866@example.com,CA,2018-08-13,Standard,7728.38
8867,Customer 8867,customer8867@example.com,CA,2022-12-06,Premium,9545.65
8868,Customer 8868,customer8868@example.com,AU,2024-06-06,Basic,3853.25
8869,Customer 8869,customer8869@example.com,AU,2020-04-22,Premium,4302.80
8870,Customer 8870,customer8870@example.com,AU,2023-03-06,Premium,235.28
8871,Customer 8871,customer8871@example.com,IN,2024-10-24,Standard,4085.68
8872,Customer 8872,customer8872@example.com,IN,2022-06-14,Standard,6895.55
8873,Customer 8873,customer8873@example.com,UK,2019-07-15,Premium,2260.18
8874,Customer 8874,customer8874@example.com,FR,2018-08-31,Premium,4982.21
8875,Customer 8875,customer8875@example.com,CA,2021-07-27,Basic,8206.04
8876,Customer 8876,customer8876@example.com,AU,2018-04-19,Basic,5005.23
8877,Customer 8877,customer8877@example.com,US,2021-01-28,Basic,580.71
8878,Customer 8878,customer8878@example.com,FR,2020-03-21,Premium,1907.80
8879,Customer 8879,customer8879@example.com,DE,2020-06-01,Premium,8010.91
8880,Customer 8880,customer8880@example.com,FR,2021-10-14,Basic,7805.33
8881,Customer 8881,customer8881@example.com,DE,2021-03-14,Basic,5462.94
8882,Customer 8882,customer8882@example.com,IN,2024-03-11,Premium,6268.21
8883,Customer 8883,customer8883@example.com,CA,2019-12-02,Premium,4734.39
8884,Customer 8884,customer8884@example.com,IN,2018-01-22,Basic,4979.59
8885,Customer 8885,customer8885@example.com,UK,2023-11-19,Standard,9142.01
8886,Customer 8886,customer8886@example.com,AU,2019-08-03,Basic,3800.96
8887,Customer 8887,customer8887@example.com,DE,2021-01-28,Standard,3232.01
8888,Customer 8888,customer8888@example.com,AU,2019-04-07,Premium,6240.04
8889,Customer 8889,customer8889@example.com,US,2024-06-17,Standard,7839.06
8890,Customer 8890,customer8890@example.com,UK,2021-06-27,Basic,8633.12
8891,Customer 8891,customer8891@example.com,AU,2020-08-21,Standard,5006.53
8892,Customer 8892,customer8892@example.com,IN,2020-04-24,Basic,7133.30
8893,Customer 8893,customer8893@example.com,UK,2022-06-12,Basic,8427.76
8894,Customer 8894,customer8894@example.com,UK,2019-08-19,Premium,5365.70
8895,Customer 8895,customer8895@example.com,US,2020-11-23,Basic,2430.32
8896,Customer 8896,customer8896@example.com,DE,2022-12-04,Standard,5236.93
8897,Customer 8897,customer8897@example.com,FR,2022-09-21,Standard,5220.88
8898,Customer 8898,customer8898@example.com,CA,2023-05-19,Basic,2730.91
8899,Customer 8899,customer8899@example.com,FR,2020-08-03,Standard,7690.57
8900,Customer 8900,customer8900@example.com,UK,2018-06-08,Standard,2357.05
8901,Customer 8901,customer8901@example.com,FR,2021-09-25,Standard,8913.59
8902,Customer 8902,customer8902@example.com,IN,2022-12-17,Standard,4056.39
8903,Customer 8903,customer8903@example.com,US,2020-12-01,Standard,5182.52
8904,Customer 8904,customer8904@example.com,US,2023-10-02,Premium,1197.99
8905,Customer 8905,customer8905@example.com,AU,2021-01-08,Standard,8012.61
8906,Customer 8906,customer8906@example.com,DE,2022-12-05,Premium,5486.10
8907,Customer 8907,customer8907@example.com,CA,2021-06-30,Basic,2220.34
8908,Customer 8908,customer8908@example.com,FR,2018-10-08,Premium,4199.31
8909,Customer 8909,customer8909@example.com,FR,2019-04-30,Premium,3138.47
8910,Customer 8910,customer8910@example.com,US,2020-03-23,Standard,853.67
8911,Customer 8911,customer8911@example.com,IN,2024-10-24,Premium,4056.72
8912,Customer 8912,customer8912@example.com,CA,2018-04-01,Standard,3482.78
8913,Customer 8913,customer8913@example.com,CA,2021-01-09,Standard,9716.34
8914,Customer 8914,customer8914@example.com,DE,2019-12-20,Basic,4042.54
8915,Customer 8915,customer8915@example.com,UK,2022-04-05,Basic,7555.29
8916,Customer 8916,customer8916@example.com,AU,2020-08-06,Standard,4575.56
8917,Customer 8917,customer8917@example.com,DE,2018-04-22,Premium,2971.67
8918,Customer 8918,customer8918@example.com,AU,2021-01-21,Basic,6891.26
8919,Customer 8919,customer8919@example.com,DE,2021-10-16,Basic,3606.31
8920,Customer 8920,customer8920@example.com,FR,2022-10-03,Premium,187.78
8921,Customer 8921,customer8921@example.com,US,2018-12-20,Premium,6049.64
8922,Customer 8922,customer8922@example.com,FR,2019-07-18,Premium,5015.78
8923,Customer 8923,customer8923@example.com,UK,2020-06-22,Basic,3826.43
8924,Customer 8924,customer8924@example.com,IN,2023-04-16,Standard,6901.19
8925,Customer 8925,customer8925@example.com,CA,2019-02-10,Basic,8586.68
8926,Customer 8926,customer8926@example.com,AU,2022-12-28,Basic,8735.64
8927,Customer 8927,customer8927@example.com,UK,2022-05-19,Basic,2394.37
8928,Customer 8928,customer8928@example.com,DE,2018-08-15,Basic,3315.96
8929,Customer 8929,customer8929@example.com,CA,2023-01-22,Premium,9800.42
8930,Customer 8930,customer8930@example.com,IN,2020-03-04,Standard,390.83
8931,Customer 8931,customer8931@example.com,CA,2024-10-12,Basic,941.83
8932,Customer 8932,customer8932@example.com,CA,2022-01-17,Premium,5481.60
8933,Customer 8933,customer8933@example.com,US,2020-02-14,Standard,8054.93
8934,Customer 8934,customer8934@example.com,AU,2020-11-29,Premium,2481.43
8935,Customer 8935,customer8935@example.com,AU,2023-12-02,Basic,2593.59
8936,Customer 8936,customer8936@example.com,DE,2020-02-13,Basic,9615.96
8937,Customer 8937,customer8937@example.com,AU,2023-03-14,Premium,254.40
8938,Customer 8938,customer8938@example.com,FR,2019-12-09,Standard,9286.73
8939,Customer 8939,customer8939@example.com,DE,2024-06-18,Standard,8775.10
8940,Customer 8940,customer8940@example.com,US,2021-06-02,Premium,5979.79
8941,Customer 8941,customer8941@example.com,DE,2020-11-10,Standard,6169.26
8942,Customer 8942,customer8942@example.com,FR,2022-10-19,Basic,3360.10
8943,Customer 8943,customer8943@example.com,UK,2018-12-13,Basic,7540.57
8944,Customer 8944,customer8944@example.com,FR,2021-12-19,Standard,1391.26
8945,Customer 8945,customer8945@example.com,DE,2019-11-22,Basic,176.75
8946,Customer 8946,customer8946@example.com,US,2019-04-05,Standard,9671.75
8947,Customer 8947,customer8947@example.com,CA,2018-10-01,Basic,9928.97
8948,Customer 8948,customer8948@example.com,UK,2021-01-14,Standard,4663.48
8949,Customer 8949,customer8949@example.com,CA,2021-03-11,Basic,7537.49
8950,Customer 8950,customer8950@example.com,IN,2020-01-25,Premium,3199.14
8951,Customer 8951,customer8951@example.com,US,2022-08-04,Basic,2207.30
8952,Customer 8952,customer8952@example.com,UK,2019-10-27,Standard,2857.13
8953,Customer 8953,customer8953@example.com,CA,2023-10-08,Basic,4915.49
8954,Customer 8954,customer8954@example.com,US,2018-07-09,Premium,995.92
8955,Customer 8955,customer8955@example.com,US,2023-03-21,Basic,9662.96
8956,Customer 8956,customer8956@example.com,US,2019-05-29,Basic,7149.82
8957,Customer 8957,customer8957@example.com,DE,2021-10-15,Standard,4109.85
8958,Customer 8958,customer8958@example.com,US,2020-09-07,Premium,8578.71
8959,Customer 8959,customer8959@example.com,AU,2024-05-08,Standard,5638.43
8960,Customer 8960,customer8960@example.com,US,2021-03-27,Premium,6292.58
8961,Customer 8961,customer8961@example.com,CA,2020-10-01,Standard,7164.97
8962,Customer 8962,customer8962@example.com,AU,2019-09-06,Basic,2099.73
8963,Customer 8963,customer8963@example.com,UK,2023-06-03,Premium,6777.58
8964,Customer 8964,customer8964@example.com,AU,2023-04-17,Basic,3656.08
8965,Customer 8965,customer8965@example.com,FR,2023-07-08,Basic,9936.11
8966,Customer 8966,customer8966@example.com,US,2020-05-02,Premium,9191.21
8967,Customer 8967,customer8967@example.com,FR,2021-08-27,Standard,2811.80
8968,Customer 8968,customer8968@example.com,FR,2023-04-19,Premium,8296.59
8969,Customer 8969,customer8969@example.com,DE,2023-10-22,Basic,1385.96
8970,Customer 8970,customer8970@example.com,CA,2018-09-23,Basic,8666.52
8971,Customer 8971,customer8971@example.com,FR,2018-06-03,Basic,8912.05
8972,Customer 8972,customer8972@example.com,AU,2024-09-01,Standard,822.54
8973,Customer 8973,customer8973@example.com,CA,2018-01-09,Standard,7304.44
8974,Customer 8974,customer8974@example.com,US,2019-04-21,Standard,1280.68
8975,Customer 8975,customer8975@example.com,DE,2022-07-02,Standard,2620.33
8976,Customer 8976,customer8976@example.com,CA,2018-12-01,Premium,9993.65
8977,Customer 8977,customer8977@example.com,AU,2023-08-30,Premium,697.47
8978,Customer 8978,customer8978@example.com,IN,2023-02-17,Standard,8022.42
8979,Customer 8979,customer8979@example.com,UK,2021-05-21,Standard,2207.57
8980,Customer 8980,customer8980@example.com,CA,2023-10-16,Basic,8593.99
8981,Customer 8981,customer8981@example.com,AU,2021-10-10,Basic,1928.77
8982,Customer 8982,customer8982@example.com,FR,2023-06-01,Standard,5639.72
8983,Customer 8983,customer8983@example.com,AU,2023-07-23,Standard,146.85
8984,Customer 8984,customer8984@example.com,FR,2024-04-14,Basic,8884.83
8985,Customer 8985,customer8985@example.com,CA,2019-08-26,Standard,2498.28
8986,Customer 8986,customer8986@example.com,DE,2019-01-24,Premium,956.81
8987,Customer 8987,customer8987@example.com,CA,2024-03-22,Premium,5550.95
8988,Customer 8988,customer8988@example.com,UK,2019-11-11,Standard,4882.40
8989,Customer 8989,customer8989@example.com,IN,2018-09-05,Basic,4150.09
8990,Customer 8990,customer8990@example.com,FR,2022-08-15,Basic,293.33
8991,Customer 8991,customer8991@example.com,IN,2022-10-29,Standard,9114.59
8992,Customer 8992,customer8992@example.com,AU,2020-04-12,Basic,9928.23
8993,Customer 8993,customer8993@example.com,AU,2024-05-28,Basic,9974.85
8994,Customer 8994,customer8994@example.com,FR,2018-09-16,Standard,3143.64
8995,Customer 8995,customer8995@example.com,AU,2023-12-10,Premium,9753.40
8996,Customer 8996,customer8996@example.com,AU,2018-01-05,Premium,1970.23
8997,Customer 8997,customer8997@example.com,CA,2023-04-19,Premium,8336.47
8998,Customer 8998,customer8998@example.com,CA,2024-08-28,Premium,4525.48
8999,Customer 8999,customer8999@example.com,AU,2020-10-04,Standard,5249.85
9000,Customer 9000,customer9000@example.com,US,2023-12-02,Basic,5169.95
9001,Customer 9001,customer9001@example.com,CA,2022-09-04,Basic,7079.98
9002,Customer 9002,customer9002@example.com,FR,2024-07-03,Premium,1725.79
9003,Customer 9003,customer9003@example.com,FR,2018-05-24,Basic,9642.63
9004,Customer 9004,customer9004@example.com,IN,2020-08-18,Standard,5095.61
9005,Customer 9005,customer9005@example.com,IN,2019-09-26,Basic,6982.92
9006,Customer 9006,customer9006@example.com,FR,2023-07-08,Basic,3114.24
9007,Customer 9007,customer9007@example.com,FR,2022-08-04,Basic,1842.42
9008,Customer 9008,customer9008@example.com,FR,2021-11-24,Premium,8538.98
9009,Customer 9009,customer9009@example.com,AU,2021-03-19,Basic,8648.47
9010,Customer 9010,customer9010@example.com,AU,2021-10-25,Standard,3234.95
9011,Customer 9011,customer9011@example.com,UK,2022-10-16,Standard,4012.16
9012,Customer 9012,customer9012@example.com,CA,2021-02-05,Premium,7756.80
9013,Customer 9013,customer9013@example.com,IN,2019-10-19,Basic,1119.33
9014,Customer 9014,customer9014@example.com,IN,2021-01-16,Standard,4818.63
9015,Customer 9015,customer9015@example.com,DE,2018-01-15,Premium,2018.93
9016,Customer 9016,customer9016@example.com,DE,2019-06-27,Premium,704.00
9017,Customer 9017,customer9017@example.com,FR,2020-01-06,Standard,6153.42
9018,Customer 9018,customer9018@example.com,UK,2018-08-27,Premium,1337.57
9019,Customer 9019,customer9019@example.com,CA,2022-05-13,Basic,9525.15
9020,Customer 9020,customer9020@example.com,DE,2021-11-15,Premium,9535.00
9021,Customer 9021,customer9021@example.com,DE,2022-12-21,Premium,2491.07
9022,Customer 9022,customer9022@example.com,IN,2018-05-16,Standard,7559.51
9023,Customer 9023,customer9023@example.com,AU,2020-11-22,Premium,7351.16
9024,Customer 9024,customer9024@example.com,UK,2021-10-04,Premium,4383.54
9025,Customer 9025,customer9025@example.com,DE,2019-08-24,Basic,1570.01
9026,Customer 9026,customer9026@example.com,FR,2022-06-26,Basic,4838.49
9027,Customer 9027,customer9027@example.com,US,2019-05-28,Standard,7110.09
9028,Customer 9028,customer9028@example.com,UK,2023-05-30,Basic,5790.08
9029,Customer 9029,customer9029@example.com,US,2018-09-11,Basic,8005.68
9030,Customer 9030,customer9030@example.com,AU,2020-05-09,Standard,7260.96
9031,Customer 9031,customer9031@example.com,AU,2022-07-30,Basic,9313.97
9032,Customer 9032,customer9032@example.com,UK,2019-07-12,Standard,4401.31
9033,Customer 9033,customer9033@example.com,UK,2020-11-22,Premium,1579.54
9034,Customer 9034,customer9034@example.com,DE,2022-06-28,Premium,7755.97
9035,Customer 9035,customer9035@example.com,AU,2023-10-30,Premium,4707.00
9036,Customer 9036,customer9036@example.com,AU,2020-06-16,Standard,6774.28
9037,Customer 9037,customer9037@example.com,UK,2021-10-12,Basic,2158.19
9038,Customer 9038,customer9038@example.com,US,2020-08-12,Premium,7202.86
9039,Customer 9039,customer9039@example.com,AU,2018-08-06,Premium,5477.86
9040,Customer 9040,customer9040@example.com,IN,2021-07-02,Premium,6584.30
9041,Customer 9041,customer9041@example.com,DE,2018-05-20,Premium,7456.33
9042,Customer 9042,customer9042@example.com,US,2020-12-30,Premium,1991.77
9043,Customer 9043,customer9043@example.com,AU,2020-03-16,Basic,1325.52
9044,Customer 9044,customer9044@example.com,CA,2024-01-11,Basic,2184.37
9045,Customer 9045,customer9045@example.com,DE,2022-02-12,Standard,6382.71
9046,Customer 9046,customer9046@example.com,US,2019-06-08,Standard,6492.13
9047,Customer 9047,customer9047@example.com,IN,2018-02-21,Standard,4700.93
9048,Customer 9048,customer9048@example.com,FR,2019-02-18,Basic,5285.27
9049,Customer 9049,customer9049@example.com,CA,2022-03-03,Basic,6807.56
9050,Customer 9050,customer9050@example.com,FR,2022-09-21,Basic,6621.38
9051,Customer 9051,customer9051@example.com,IN,2018-03-09,Basic,6315.55
9052,Customer 9052,customer9052@example.com,DE,2022-02-22,Basic,3629.77
9053,Customer 9053,customer9053@example.com,DE,2019-08-14,Premium,3739.73
9054,Customer 9054,customer9054@example.com,CA,2024-01-19,Premium,4689.32
9055,Customer 9055,customer9055@example.com,CA,2019-10-07,Standard,2964.72
9056,Customer 9056,customer9056@example.com,DE,2020-04-24,Basic,1540.15
9057,Customer 9057,customer9057@example.com,AU,2023-01-19,Premium,6512.16
9058,Customer 9058,customer9058@example.com,IN,2022-10-22,Basic,5340.26
9059,Customer 9059,customer9059@example.com,IN,2020-04-16,Standard,7285.69
9060,Customer 9060,customer9060@example.com,UK,2023-11-26,Basic,2212.51
9061,Customer 9061,customer9061@example.com,AU,2024-06-01,Premium,2287.39
9062,Customer 9062,customer9062@example.com,FR,2024-11-18,Basic,4740.62
9063,Customer 9063,customer9063@example.com,CA,2023-10-23,Premium,6809.42
9064,Customer 9064,customer9064@example.com,US,2022-03-05,Premium,2456.42
9065,Customer 9065,customer9065@example.com,US,2024-08-29,Basic,3803.90
9066,Customer 9066,customer9066@example.com,IN,2022-09-19,Standard,7998.89
9067,Customer 9067,customer9067@example.com,AU,2018-11-27,Basic,6880.99
9068,Customer 9068,customer9068@example.com,US,2019-06-08,Standard,215.66
9069,Customer 9069,customer9069@example.com,FR,2022-11-15,Basic,6528.57
9070,Customer 9070,customer9070@example.com,FR,2018-05-31,Standard,6497.70
9071,Customer 9071,customer9071@example.com,UK,2021-05-04,Standard,4233.76
9072,Customer 9072,customer9072@example.com,US,2021-05-04,Basic,5812.36
9073,Customer 9073,customer9073@example.com,IN,2022-10-22,Premium,1509.03
9074,Customer 9074,customer9074@example.com,IN,2022-01-07,Basic,6194.81
9075,Customer 9075,customer9075@example.com,CA,2018-01-04,Premium,5324.60
9076,Customer 9076,customer9076@example.com,UK,2021-06-25,Premium,8579.51
9077,Customer 9077,customer9077@example.com,FR,2019-11-23,Premium,1121.32
9078,Customer 9078,customer9078@example.com,DE,2024-05-07,Standard,2495.93
9079,Customer 9079,customer9079@example.com,CA,2022-12-15,Standard,2138.39
9080,Customer 9080,customer9080@example.com,CA,2022-08-26,Premium,6006.05
9081,Customer 9081,customer9081@example.com,DE,2024-11-24,Standard,9177.84
9082,Customer 9082,customer9082@example.com,DE,2018-01-30,Premium,5607.68
9083,Customer 9083,customer9083@example.com,DE,2021-08-05,Basic,2931.37
9084,Customer 9084,customer9084@example.com,DE,2022-11-19,Basic,6563.89
9085,Customer 9085,customer9085@example.com,UK,2018-11-02,Standard,676.26
9086,Customer 9086,customer9086@example.com,FR,2020-06-08,Premium,630.40
9087,Customer 9087,customer9087@example.com,CA,2019-01-08,Premium,6655.65
9088,Customer 9088,customer9088@example.com,CA,2023-03-31,Premium,3863.68
9089,Customer 9089,customer9089@example.com,FR,2020-06-26,Basic,7454.76
9090,Customer 9090,customer9090@example.com,UK,2021-12-08,Basic,3966.16
9091,Customer 9091,customer9091@example.com,AU,2023-03-05,Premium,7226.18
9092,Customer 9092,customer9092@example.com,AU,2020-02-01,Premium,9476.03
9093,Customer 9093,customer9093@example.com,UK,2021-03-13,Basic,4574.97
9094,Customer 9094,customer9094@example.com,IN,2020-05-25,Basic,9798.92
9095,Customer 9095,customer9095@example.com,FR,2022-05-23,Premium,7989.79
9096,Customer 9096,customer9096@example.com,IN,2019-05-23,Premium,6071.76
9097,Customer 9097,customer9097@example.com,DE,2024-02-26,Basic,4364.83
9098,Customer 9098,customer9098@example.com,CA,2018-04-04,Basic,4479.41
9099,Customer 9099,customer9099@example.com,AU,2019-09-24,Standard,3164.46
9100,Customer 9100,customer9100@example.com,AU,2023-01-07,Basic,8877.02
9101,Customer 9101,customer9101@example.com,CA,2020-03-20,Basic,4743.38
9102,Customer 9102,customer9102@example.com,DE,2024-11-20,Standard,6338.00
9103,Customer 9103,customer9103@example.com,DE,2019-01-10,Standard,9918.02
9104,Customer 9104,customer9104@example.com,AU,2018-08-27,Basic,6741.86
9105,Customer 9105,customer9105@example.com,IN,2020-03-21,Standard,1057.60
9106,Customer 9106,customer9106@example.com,FR,2021-04-13,Basic,6603.63
9107,Customer 9107,customer9107@example.com,DE,2024-04-09,Premium,243.34
9108,Customer 9108,customer9108@example.com,DE,2023-07-04,Premium,7186.15
9109,Customer 9109,customer9109@example.com,FR,2022-11-19,Basic,8370.38
9110,Customer 9110,customer9110@example.com,DE,2023-07-16,Premium,6917.79
9111,Customer 9111,customer9111@example.com,UK,2024-01-20,Standard,7704.32
9112,Customer 9112,customer9112@example.com,US,2021-08-26,Premium,5061.62
9113,Customer 9113,customer9113@example.com,IN,2018-05-03,Basic,3384.37
9114,Customer 9114,customer9114@example.com,FR,2021-11-13,Premium,5575.95
9115,Customer 9115,customer9115@example.com,FR,2024-01-31,Standard,7427.49
9116,Customer 9116,customer9116@example.com,FR,2019-01-06,Basic,5333.79
9117,Customer 9117,customer9117@example.com,AU,2024-01-20,Basic,2440.26
9118,Customer 9118,customer9118@example.com,FR,2021-01-25,Premium,8171.35
9119,Customer 9119,customer9119@example.com,DE,2018-06-27,Basic,8212.17
9120,Customer 9120,customer9120@example.com,IN,2021-07-30,Basic,2221.79
9121,Customer 9121,customer9121@example.com,US,2022-06-07,Premium,7494.37
9122,Customer 9122,customer9122@example.com,US,2019-09-06,Premium,546.28
9123,Customer 9123,customer9123@example.com,AU,2024-05-26,Basic,5957.76
9124,Customer 9124,customer9124@example.com,CA,2022-05-17,Standard,3993.48
9125,Customer 9125,customer9125@example.com,IN,2019-11-09,Standard,9310.36
9126,Customer 9126,customer9126@example.com,DE,2020-08-09,Standard,2586.24
9127,Customer 9127,customer9127@example.com,FR,2024-09-02,Standard,1850.36
9128,Customer 9128,customer9128@example.com,US,2020-02-04,Premium,6891.69
9129,Customer 9129,customer9129@example.com,FR,2018-05-12,Premium,5093.60
9130,Customer 9130,customer9130@example.com,US,2018-01-21,Basic,5504.43
9131,Customer 9131,customer9131@example.com,UK,2021-09-14,Standard,4254.11
9132,Customer 9132,customer9132@example.com,DE,2022-04-13,Standard,106.85
9133,Customer 9133,customer9133@example.com,DE,2024-08-03,Premium,2198.18
9134,Customer 9134,customer9134@example.com,FR,2020-11-29,Standard,2834.43
9135,Customer 9135,customer9135@example.com,FR,2024-07-15,Premium,6605.03
9136,Customer 9136,customer9136@example.com,US,2022-10-12,Premium,1944.00
9137,Customer 9137,customer9137@example.com,US,2021-10-16,Premium,9851.63
9138,Customer 9138,customer9138@example.com,UK,2024-06-11,Basic,4110.10
9139,Customer 9139,customer9139@example.com,DE,2021-12-09,Basic,7907.65
9140,Customer 9140,customer9140@example.com,CA,2023-08-22,Basic,9269.32
9141,Customer 9141,customer9141@example.com,US,2024-04-25,Basic,539.70
9142,Customer 9142,customer9142@example.com,AU,2021-05-24,Premium,3207.17
9143,Customer 9143,customer9143@example.com,IN,2020-06-26,Premium,2245.08
9144,Customer 9144,customer9144@example.com,UK,2024-02-06,Standard,7175.02
9145,Customer 9145,customer9145@example.com,CA,2022-07-01,Premium,1094.13
9146,Customer 9146,customer9146@example.com,UK,2023-10-13,Standard,3224.97
9147,Customer 9147,customer9147@example.com,US,2018-04-17,Premium,5902.60
9148,Customer 9148,customer9148@example.com,AU,2023-05-28,Premium,7919.20
9149,Customer 9149,customer9149@example.com,US,2019-03-10,Premium,778.94
9150,Customer 9150,customer9150@example.com,AU,2021-04-20,Standard,8575.89
9151,Customer 9151,customer9151@example.com,US,2024-01-29,Premium,9121.08
9152,Customer 9152,customer9152@example.com,IN,2018-08-13,Standard,7501.97
9153,Customer 9153,customer9153@example.com,CA,2019-01-07,Basic,3022.52
9154,Customer 9154,customer9154@example.com,IN,2024-06-27,Premium,1977.96
9155,Customer 9155,customer9155@example.com,FR,2022-03-11,Premium,8783.16
9156,Customer 9156,customer9156@example.com,DE,2019-05-10,Basic,1039.40
9157,Customer 9157,customer9157@example.com,AU,2024-08-26,Premium,8349.81
9158,Customer 9158,customer9158@example.com,IN,2022-08-14,Basic,4436.42
9159,Customer 9159,customer9159@example.com,IN,2022-11-09,Basic,4975.31
9160,Customer 9160,customer9160@example.com,FR,2018-02-01,Basic,213.53
9161,Customer 9161,customer9161@example.com,DE,2024-11-04,Premium,6014.71
9162,Customer 9162,customer9162@example.com,UK,2019-10-30,Basic,9081.01
9163,Customer 9163,customer9163@example.com,AU,2022-02-06,Premium,4954.92
9164,Customer 9164,customer9164@example.com,CA,2019-02-20,Basic,4283.39
9165,Customer 9165,customer9165@example.com,UK,2024-08-17,Premium,2154.60
9166,Customer 9166,customer9166@example.com,UK,2018-11-01,Premium,2866.54
9167,Customer 9167,customer9167@example.com,DE,2019-10-31,Premium,516.70
9168,Customer 9168,customer9168@example.com,AU,2020-12-22,Premium,6690.68
9169,Customer 9169,customer9169@example.com,AU,2020-05-23,Standard,8740.54
9170,Customer 9170,customer9170@example.com,US,2023-04-14,Standard,3695.83
9171,Customer 9171,customer9171@example.com,IN,2021-11-29,Standard,1629.55
9172,Customer 9172,customer9172@example.com,FR,2020-11-10,Basic,168.36
9173,Customer 9173,customer9173@example.com,FR,2019-03-12,Premium,6936.01
9174,Customer 9174,customer9174@example.com,UK,2022-08-25,Basic,1399.95
9175,Customer 9175,customer9175@example.com,US,2020-07-29,Premium,9947.31
9176,Customer 9176,customer9176@example.com,IN,2022-02-26,Premium,4350.33
9177,Customer 9177,customer9177@example.com,FR,2019-01-18,Premium,1190.66
9178,Customer 9178,customer9178@example.com,IN,2022-11-03,Premium,8331.48
9179,Customer 9179,customer9179@example.com,US,2024-01-30,Premium,9002.25
9180,Customer 9180,customer9180@example.com,CA,2019-06-24,Basic,7133.51
9181,Customer 9181,customer9181@example.com,AU,2020-07-31,Basic,6184.35
9182,Customer 9182,customer9182@example.com,IN,2020-06-26,Premium,686.94
9183,Customer 9183,customer9183@example.com,DE,2022-01-02,Basic,8760.68
9184,Customer 9184,customer9184@example.com,IN,2023-07-22,Basic,7234.37
9185,Customer 9185,customer9185@example.com,UK,2018-09-01,Standard,7901.50
9186,Customer 9186,customer9186@example.com,UK,2019-04-17,Standard,8178.34
9187,Customer 9187,customer9187@example.com,DE,2024-09-23,Standard,5594.22
9188,Customer 9188,customer9188@example.com,CA,2023-08-31,Basic,6092.48
9189,Customer 9189,customer9189@example.com,AU,2019-03-08,Premium,8826.58
9190,Customer 9190,customer9190@example.com,CA,2022-05-04,Basic,1166.60
9191,Customer 9191,customer9191@example.com,AU,2022-07-16,Basic,579.18
9192,Customer 9192,customer9192@example.com,DE,2022-01-11,Premium,3503.42
9193,Customer 9193,customer9193@example.com,US,2018-09-24,Premium,7569.89
9194,Customer 9194,customer9194@example.com,AU,2020-06-08,Standard,158.27
9195,Customer 9195,customer9195@example.com,US,2022-07-17,Standard,7782.14
9196,Customer 9196,customer9196@example.com,CA,2024-03-30,Premium,2606.41
9197,Customer 9197,customer9197@example.com,CA,2022-07-26,Premium,8776.78
9198,Customer 9198,customer9198@example.com,CA,2018-11-05,Basic,6150.73
9199,Customer 9199,customer9199@example.com,US,2020-11-17,Premium,8063.98
9200,Customer 9200,customer9200@example.com,IN,2020-08-25,Standard,4306.04
9201,Customer 9201,customer9201@example.com,DE,2020-12-15,Standard,5703.79
9202,Customer 9202,customer9202@example.com,DE,2018-05-03,Standard,214.39
9203,Customer 9203,customer9203@example.com,CA,2021-09-23,Basic,443.84
9204,Customer 9204,customer9204@example.com,AU,2019-06-24,Basic,9452.18
9205,Customer 9205,customer9205@example.com,DE,2021-10-26,Standard,4378.76
9206,Customer 9206,customer9206@example.com,IN,2020-06-21,Basic,6220.55
9207,Customer 9207,customer9207@example.com,IN,2021-11-27,Basic,6573.23
9208,Customer 9208,customer9208@example.com,FR,2020-11-22,Premium,6123.05
9209,Customer 9209,customer9209@example.com,DE,2018-11-17,Standard,1516.44
9210,Customer 9210,customer9210@example.com,IN,2018-03-07,Standard,6240.95
9211,Customer 9211,customer9211@example.com,FR,2022-12-20,Standard,1873.50
9212,Customer 9212,customer9212@example.com,AU,2020-02-20,Basic,7634.85
9213,Customer 9213,customer9213@example.com,IN,2021-03-24,Standard,4121.74
9214,Customer 9214,customer9214@example.com,FR,2024-10-13,Premium,8793.56
9215,Customer 9215,customer9215@example.com,AU,2021-11-15,Premium,544.47
9216,Customer 9216,customer9216@example.com,FR,2021-03-16,Standard,1475.94
9217,Customer 9217,customer9217@example.com,CA,2022-06-30,Premium,4747.19
9218,Customer 9218,customer9218@example.com,DE,2022-03-18,Basic,3269.67
9219,Customer 9219,customer9219@example.com,US,2019-07-06,Basic,3935.46
9220,Customer 9220,customer9220@example.com,IN,2023-01-01,Standard,939.54
9221,Customer 9221,customer9221@example.com,AU,2022-05-18,Standard,1457.34
9222,Customer 9222,customer9222@example.com,CA,2024-01-22,Standard,4410.32
9223,Customer 9223,customer9223@example.com,AU,2020-02-16,Standard,6007.96
9224,Customer 9224,customer9224@example.com,UK,2021-01-11,Standard,8773.68
9225,Customer 9225,customer9225@example.com,IN,2022-08-19,Standard,6539.62
9226,Customer 9226,customer9226@example.com,US,2022-06-10,Standard,3846.94
9227,Customer 9227,customer9227@example.com,AU,2023-08-01,Basic,4961.61
9228,Customer 9228,customer9228@example.com,CA,2021-04-24,Premium,1665.56
9229,Customer 9229,customer9229@example.com,DE,2023-07-30,Premium,2142.19
9230,Customer 9230,customer9230@example.com,CA,2019-08-28,Standard,1564.80
9231,Customer 9231,customer9231@example.com,UK,2020-04-11,Standard,1598.58
9232,Customer 9232,customer9232@example.com,AU,2022-05-18,Premium,106.81
9233,Customer 9233,customer9233@example.com,DE,2023-11-11,Basic,3158.11
9234,Customer 9234,customer9234@example.com,FR,2018-09-14,Standard,1879.55
9235,Customer 9235,customer9235@example.com,DE,2018-08-20,Standard,7749.88
9236,Customer 9236,customer9236@example.com,US,2022-01-14,Basic,8981.23
9237,Customer 9237,customer9237@example.com,DE,2020-03-26,Premium,1965.34
9238,Customer 9238,customer9238@example.com,US,2023-10-11,Standard,3777.52
9239,Customer 9239,customer9239@example.com,FR,2018-03-10,Standard,6164.93
9240,Customer 9240,customer9240@example.com,AU,2024-12-29,Premium,2952.73
9241,Customer 9241,customer9241@example.com,UK,2020-09-19,Premium,1356.07
9242,Customer 9242,customer9242@example.com,CA,2019-05-22,Premium,6084.86
9243,Customer 9243,customer9243@example.com,UK,2024-06-28,Standard,9172.53
9244,Customer 9244,customer9244@example.com,CA,2020-07-15,Basic,1179.13
9245,Customer 9245,customer9245@example.com,AU,2021-02-09,Basic,6442.68
9246,Customer 9246,customer9246@example.com,US,2021-02-25,Premium,8093.71
9247,Customer 9247,customer9247@example.com,IN,2023-06-12,Basic,2302.21
9248,Customer 9248,customer9248@example.com,CA,2020-03-17,Basic,8444.02
9249,Customer 9249,customer9249@example.com,FR,2023-05-28,Basic,7644.39
9250,Customer 9250,customer9250@example.com,UK,2021-05-29,Premium,7587.62
9251,Customer 9251,customer9251@example.com,US,2019-04-16,Standard,9312.54
9252,Customer 9252,customer9252@example.com,UK,2020-07-23,Premium,2248.41
9253,Customer 9253,customer9253@example.com,IN,2024-05-06,Basic,9021.89
9254,Customer 9254,customer9254@example.com,IN,2018-11-27,Basic,1179.59
9255,Customer 9255,customer9255@example.com,US,2018-06-24,Basic,5711.93
9256,Customer 9256,customer9256@example.com,UK,2021-06-26,Premium,9736.90
9257,Customer 9257,customer9257@example.com,DE,2023-03-13,Basic,7746.33
9258,Customer 9258,customer9258@example.com,AU,2022-11-18,Premium,6824.90
9259,Customer 9259,customer9259@example.com,DE,2023-08-27,Standard,4571.42
9260,Customer 9260,customer9260@example.com,DE,2021-11-21,Premium,4228.41
9261,Customer 9261,customer9261@example.com,AU,2021-05-15,Basic,5274.52
9262,Customer 9262,customer9262@example.com,IN,2019-08-12,Premium,7514.96
9263,Customer 9263,customer9263@example.com,FR,2019-09-03,Standard,3177.08
9264,Customer 9264,customer9264@example.com,CA,2020-01-31,Premium,6430.01
9265,Customer 9265,customer9265@example.com,UK,2021-09-01,Premium,769.32
9266,Customer 9266,customer9266@example.com,FR,2023-11-27,Basic,5615.28
9267,Customer 9267,customer9267@example.com,UK,2024-03-17,Premium,3378.08
9268,Customer 9268,customer9268@example.com,UK,2020-10-28,Standard,3718.68
9269,Customer 9269,customer9269@example.com,IN,2023-11-30,Premium,5156.77
9270,Customer 9270,customer9270@example.com,FR,2019-10-13,Premium,9871.41
9271,Customer 9271,customer9271@example.com,FR,2022-06-13,Standard,4407.97
9272,Customer 9272,customer9272@example.com,FR,2018-07-01,Basic,1372.19
9273,Customer 9273,customer9273@example.com,IN,2023-07-22,Standard,3277.43
9274,Customer 9274,customer9274@example.com,CA,2023-08-13,Standard,882.40
9275,Customer 9275,customer9275@example.com,CA,2019-06-14,Premium,6295.11
9276,Customer 9276,customer9276@example.com,DE,2020-04-30,Premium,6871.74
9277,Customer 9277,customer9277@example.com,AU,2020-05-31,Basic,9121.93
9278,Customer 9278,customer9278@example.com,IN,2022-01-14,Basic,1976.86
9279,Customer 9279,customer9279@example.com,DE,2019-07-13,Standard,1371.11
9280,Customer 9280,customer9280@example.com,CA,2018-05-22,Standard,8429.83
9281,Customer 9281,customer9281@example.com,CA,2018-12-03,Standard,7924.49
9282,Customer 9282,customer9282@example.com,DE,2020-06-19,Premium,6392.15
9283,Customer 9283,customer9283@example.com,US,2018-03-04,Standard,908.03
9284,Customer 9284,customer9284@example.com,DE,2021-12-27,Premium,5949.72
9285,Customer 9285,customer9285@example.com,AU,2024-09-13,Standard,9320.60
9286,Customer 9286,customer9286@example.com,DE,2023-03-05,Standard,2785.09
9287,Customer 9287,customer9287@example.com,UK,2020-05-24,Premium,5992.08
9288,Customer 9288,customer9288@example.com,IN,2023-05-16,Premium,8126.66
9289,Customer 9289,customer9289@example.com,CA,2022-01-24,Premium,2348.11
9290,Customer 9290,customer9290@example.com,UK,2021-02-07,Basic,9335.09
9291,Customer 9291,customer9291@example.com,UK,2024-12-23,Standard,8435.80
9292,Customer 9292,customer9292@example.com,FR,2018-04-27,Premium,348.99
9293,Customer 9293,customer9293@example.com,US,2020-04-23,Basic,3095.19
9294,Customer 9294,customer9294@example.com,DE,2021-05-20,Basic,6036.54
9295,Customer 9295,customer9295@example.com,DE,2024-02-02,Basic,3623.85
9296,Customer 9296,customer9296@example.com,IN,2022-08-21,Basic,781.31
9297,Customer 9297,customer9297@example.com,IN,2023-11-15,Basic,1013.97
9298,Customer 9298,customer9298@example.com,FR,2023-09-28,Standard,631.50
9299,Customer 9299,customer9299@example.com,CA,2019-06-20,Premium,3726.92
9300,Customer 9300,customer9300@example.com,IN,2019-09-21,Standard,6109.34
9301,Customer 9301,customer9301@example.com,UK,2023-02-13,Standard,9778.54
9302,Customer 9302,customer9302@example.com,UK,2023-10-11,Premium,4961.34
9303,Customer 9303,customer9303@example.com,DE,2024-07-17,Premium,9530.52
9304,Customer 9304,customer9304@example.com,UK,2020-05-28,Premium,1685.76
9305,Customer 9305,customer9305@example.com,UK,2020-07-27,Basic,3282.78
9306,Customer 9306,customer9306@example.com,IN,2018-06-17,Standard,236.42
9307,Customer 9307,customer9307@example.com,FR,2020-04-26,Basic,1264.83
9308,Customer 9308,customer9308@example.com,DE,2023-11-22,Premium,7995.80
9309,Customer 9309,customer9309@example.com,IN,2023-03-13,Standard,4652.33
9310,Customer 9310,customer9310@example.com,CA,2023-07-27,Standard,163.14
9311,Customer 9311,customer9311@example.com,US,2020-06-24,Standard,3911.46
9312,Customer 9312,customer9312@example.com,AU,2021-12-17,Standard,223.96
9313,Customer 9313,customer9313@example.com,CA,2023-01-15,Standard,9627.31
9314,Customer 9314,customer9314@example.com,UK,2019-10-26,Basic,8539.75
9315,Customer 9315,customer9315@example.com,US,2020-01-12,Basic,6485.69
9316,Customer 9316,customer9316@example.com,UK,2019-05-11,Basic,8307.04
9317,Customer 9317,customer9317@example.com,UK,2023-08-25,Standard,8665.60
9318,Customer 9318,customer9318@example.com,IN,2019-11-07,Standard,5600.41
9319,Customer 9319,customer9319@example.com,DE,2022-12-09,Premium,4323.95
9320,Customer 9320,customer9320@example.com,CA,2020-06-01,Basic,2139.31
9321,Customer 9321,customer9321@example.com,AU,2018-02-15,Standard,7247.03
9322,Customer 9322,customer9322@example.com,DE,2024-07-29,Standard,5742.21
9323,Customer 9323,customer9323@example.com,CA,2018-05-31,Standard,4068.78
9324,Customer 9324,customer9324@example.com,FR,2018-05-13,Standard,5476.50
9325,Customer 9325,customer9325@example.com,UK,2019-01-23,Premium,2103.61
9326,Customer 9326,customer9326@example.com,CA,2020-12-19,Premium,9984.96
9327,Customer 9327,customer9327@example.com,IN,2021-02-09,Basic,8794.99
9328,Customer 9328,customer9328@example.com,IN,2019-01-11,Premium,9669.21
9329,Customer 9329,customer9329@example.com,CA,2021-06-20,Standard,3579.69
9330,Customer 9330,customer9330@example.com,UK,2020-12-06,Premium,1271.68
9331,Customer 9331,customer9331@example.com,AU,2022-05-12,Basic,2426.89
9332,Customer 9332,customer9332@example.com,IN,2018-12-28,Standard,7595.71
9333,Customer 9333,customer9333@example.com,US,2021-06-11,Basic,7132.18
9334,Customer 9334,customer9334@example.com,UK,2022-03-22,Standard,6296.60
9335,Customer 9335,customer9335@example.com,IN,2019-01-24,Premium,6924.04
9336,Customer 9336,customer9336@example.com,CA,2021-10-16,Basic,3561.17
9337,Customer 9337,customer9337@example.com,DE,2024-03-12,Basic,7126.53
9338,Customer 9338,customer9338@example.com,IN,2020-11-22,Premium,825.19
9339,Customer 9339,customer9339@example.com,UK,2023-08-09,Basic,7571.58
9340,Customer 9340,customer9340@example.com,US,2020-05-04,Standard,2014.87
9341,Customer 9341,customer9341@example.com,CA,2022-06-02,Standard,5804.39
9342,Customer 9342,customer9342@example.com,UK,2023-06-26,Standard,4666.04
9343,Customer 9343,customer9343@example.com,IN,2023-07-10,Standard,4932.35
9344,Customer 9344,customer9344@example.com,IN,2020-05-08,Standard,7904.30
9345,Customer 9345,customer9345@example.com,FR,2018-10-22,Premium,8351.15
9346,Customer 9346,customer9346@example.com,DE,2019-01-01,Standard,2642.70
9347,Customer 9347,customer9347@example.com,IN,2018-10-26,Basic,3525.86
9348,Customer 9348,customer9348@example.com,AU,2024-03-24,Premium,9603.34
9349,Customer 9349,customer9349@example.com,CA,2024-02-08,Standard,1873.65
9350,Customer 9350,customer9350@example.com,AU,2023-07-06,Premium,2000.69
9351,Customer 9351,customer9351@example.com,IN,2024-10-21,Premium,6827.81
9352,Customer 9352,customer9352@example.com,FR,2022-07-22,Premium,3696.86
9353,Customer 9353,customer9353@example.com,US,2018-05-16,Premium,842.46
9354,Customer 9354,customer9354@example.com,UK,2024-11-02,Premium,3409.69
9355,Customer 9355,customer9355@example.com,IN,2018-01-01,Standard,2902.28
9356,Customer 9356,customer9356@example.com,CA,2020-03-25,Standard,9721.02
9357,Customer 9357,customer9357@example.com,FR,2024-12-08,Premium,7605.59
9358,Customer 9358,customer9358@example.com,DE,2024-07-24,Basic,226.39
9359,Customer 9359,customer9359@example.com,US,2023-11-19,Standard,1062.76
9360,Customer 9360,customer9360@example.com,FR,2020-10-21,Standard,7069.95
9361,Customer 9361,customer9361@example.com,US,2021-07-01,Basic,9809.63
9362,Customer 9362,customer9362@example.com,CA,2024-10-05,Basic,9561.63
9363,Customer 9363,customer9363@example.com,DE,2023-05-26,Premium,5350.12
9364,Customer 9364,customer9364@example.com,US,2022-04-12,Standard,6169.66
9365,Customer 9365,customer9365@example.com,IN,2022-04-10,Standard,6696.44
9366,Customer 9366,customer9366@example.com,FR,2023-01-26,Premium,9780.30
9367,Customer 9367,customer9367@example.com,IN,2022-06-04,Premium,546.04
9368,Customer 9368,customer9368@example.com,UK,2020-03-04,Standard,1893.92
9369,Customer 9369,customer9369@example.com,DE,2020-07-05,Basic,1817.17
9370,Customer 9370,customer9370@example.com,DE,2023-09-16,Standard,5719.38
9371,Customer 9371,customer9371@example.com,FR,2019-10-11,Standard,9120.60
9372,Customer 9372,customer9372@example.com,IN,2023-04-05,Premium,6679.27
9373,Customer 9373,customer9373@example.com,AU,2022-01-31,Standard,9158.55
9374,Customer 9374,customer9374@example.com,FR,2024-12-06,Premium,1653.86
9375,Customer 9375,customer9375@example.com,FR,2023-03-28,Premium,1273.60
9376,Customer 9376,customer9376@example.com,CA,2021-10-06,Standard,6810.51
9377,Customer 9377,customer9377@example.com,US,2023-03-26,Basic,5041.46
9378,Customer 9378,customer9378@example.com,CA,2020-01-20,Basic,8383.26
9379,Customer 9379,customer9379@example.com,FR,2018-01-19,Basic,4297.70
9380,Customer 9380,customer9380@example.com,DE,2022-07-23,Basic,5563.06
9381,Customer 9381,customer9381@example.com,IN,2024-03-04,Standard,7567.81
9382,Customer 9382,customer9382@example.com,US,2023-11-16,Standard,6768.15
9383,Customer 9383,customer9383@example.com,FR,2020-04-01,Standard,5059.45
9384,Customer 9384,customer9384@example.com,FR,2024-08-18,Standard,8309.85
9385,Customer 9385,customer9385@example.com,CA,2020-03-07,Standard,2810.69
9386,Customer 9386,customer9386@example.com,FR,2018-07-29,Premium,3888.52
9387,Customer 9387,customer9387@example.com,UK,2023-07-01,Standard,8412.61
9388,Customer 9388,customer9388@example.com,CA,2022-10-04,Standard,5985.83
9389,Customer 9389,customer9389@example.com,AU,2020-12-16,Basic,3414.31
9390,Customer 9390,customer9390@example.com,FR,2022-05-06,Standard,6228.30
9391,Customer 9391,customer9391@example.com,AU,2024-07-17,Basic,2724.27
9392,Customer 9392,customer9392@example.com,FR,2018-11-17,Standard,3600.47
9393,Customer 9393,customer9393@example.com,CA,2020-09-04,Standard,8551.32
9394,Customer 9394,customer9394@example.com,DE,2021-08-02,Basic,457.18
9395,Customer 9395,,CA,2019-06-16,Standard,332.83
9396,Customer 9396,customer9396@example.com,DE,2020-09-15,Standard,5002.03
9397,Customer 9397,customer9397@example.com,IN,2018-01-23,Basic,7277.25
9398,Customer 9398,customer9398@example.com,CA,2023-11-18,Basic,4043.80
9399,Customer 9399,,UK,2024-12-29,Standard,3394.38
9400,Customer 9400,customer9400@example.com,US,2020-08-28,Standard,8066.82
9401,Customer 9401,customer9401@example.com,DE,2021-02-19,Basic,8682.31
9402,Customer 9402,customer9402@example.com,US,2023-05-29,Basic,172.18
9403,Customer 9403,customer9403@example.com,UK,2023-12-20,Premium,2067.34
9404,Customer 9404,customer9404@example.com,IN,2022-03-04,Standard,5845.42
9405,Customer 9405,customer9405@example.com,UK,2024-10-22,Premium,2551.98
9406,Customer 9406,customer9406@example.com,IN,2022-04-05,Standard,9762.58
9407,Customer 9407,customer9407@example.com,IN,2018-06-25,Basic,9196.15
9408,Customer 9408,customer9408@example.com,AU,2018-04-30,Standard,2291.97
9409,Customer 9409,customer9409@example.com,UK,2018-08-15,Standard,964.88
9410,Customer 9410,customer9410@example.com,US,2022-05-02,Premium,1849.11
9411,Customer 9411,customer9411@example.com,CA,2020-11-20,Premium,3210.84
9412,Customer 9412,customer9412@example.com,US,2019-08-02,Standard,3673.55
9413,Customer 9413,customer9413@example.com,UK,2023-12-24,Standard,6353.23
9414,Customer 9414,customer9414@example.com,FR,2020-04-23,Premium,8919.44
9415,Customer 9415,customer9415@example.com,FR,2023-03-29,Standard,6512.42
9416,Customer 9416,customer9416@example.com,DE,2022-06-03,Standard,7481.11
9417,Customer 9417,customer9417@example.com,UK,2020-06-13,Premium,9043.95
9418,Customer 9418,customer9418@example.com,UK,2024-05-25,Basic,4797.92
9419,Customer 9419,customer9419@example.com,US,2021-10-06,Basic,1551.70
9420,Customer 9420,customer9420@example.com,US,2024-06-15,Standard,8199.80
9421,Customer 9421,customer9421@example.com,US,2018-08-07,Premium,309.37
9422,Customer 9422,customer9422@example.com,CA,2023-06-27,Standard,544.71
9423,Customer 9423,customer9423@example.com,AU,2023-12-25,Premium,6852.41
9424,Customer 9424,customer9424@example.com,IN,2021-09-05,Premium,3978.23
9425,Customer 9425,customer9425@example.com,IN,2020-12-10,Basic,8823.41
9426,Customer 9426,customer9426@example.com,FR,2024-05-06,Basic,4746.39
9427,Customer 9427,customer9427@example.com,IN,2020-03-15,Premium,8644.12
9428,Customer 9428,customer9428@example.com,US,2022-10-16,Premium,2709.50
9429,Customer 9429,customer9429@example.com,UK,2021-08-09,Standard,8635.89
9430,Customer 9430,customer9430@example.com,DE,2021-01-09,Basic,9470.16
9431,Customer 9431,customer9431@example.com,IN,2024-08-13,Premium,8564.63
9432,Customer 9432,customer9432@example.com,US,2021-11-09,Basic,7598.27
9433,Customer 9433,customer9433@example.com,CA,2020-01-22,Standard,413.87
9434,Customer 9434,customer9434@example.com,AU,2023-03-30,Premium,7289.37
9435,Customer 9435,customer9435@example.com,AU,2023-12-03,Standard,3407.79
9436,Customer 9436,customer9436@example.com,AU,2023-04-11,Premium,4860.77
9437,Customer 9437,customer9437@example.com,CA,2024-01-29,Basic,9429.10
9438,Customer 9438,customer9438@example.com,UK,2024-09-22,Premium,2467.64
9439,Customer 9439,customer9439@example.com,CA,2022-06-23,Premium,8640.68
9440,Customer 9440,customer9440@example.com,IN,2019-03-26,Premium,1957.27
9441,Customer 9441,customer9441@example.com,FR,2020-11-04,Standard,6022.39
9442,Customer 9442,customer9442@example.com,IN,2023-11-04,Standard,9603.54
9443,Customer 9443,customer9443@example.com,US,2020-04-28,Premium,5032.47
9444,Customer 9444,customer9444@example.com,IN,2023-01-01,Premium,3411.21
9445,Customer 9445,customer9445@example.com,CA,2023-08-31,Premium,4943.86
9446,Customer 9446,customer9446@example.com,US,2018-07-03,Basic,8046.18
9447,Customer 9447,customer9447@example.com,FR,2022-01-28,Premium,8875.83
9448,Customer 9448,customer9448@example.com,AU,2022-10-17,Standard,504.21
9449,Customer 9449,customer9449@example.com,US,2023-02-07,Basic,2129.35
9450,Customer 9450,customer9450@example.com,IN,2021-05-19,Standard,5355.99
9451,Customer 9451,customer9451@example.com,DE,2023-09-30,Premium,8074.75
9452,Customer 9452,customer9452@example.com,UK,2020-11-07,Basic,8430.11
9453,Customer 9453,customer9453@example.com,DE,2023-03-10,Premium,4385.31
9454,Customer 9454,customer9454@example.com,AU,2021-09-07,Basic,2919.01
9455,Customer 9455,customer9455@example.com,CA,2018-01-30,Standard,8788.65
9456,Customer 9456,customer9456@example.com,IN,2019-06-14,Standard,1928.56
9457,Customer 9457,customer9457@example.com,US,2024-11-21,Premium,1972.51
9458,Customer 9458,customer9458@example.com,AU,2023-01-25,Basic,8704.44
9459,Customer 9459,customer9459@example.com,IN,2020-09-29,Basic,7880.16
9460,Customer 9460,customer9460@example.com,AU,2020-11-15,Premium,7419.64
9461,Customer 9461,customer9461@example.com,US,2022-10-20,Standard,7467.64
9462,Customer 9462,customer9462@example.com,DE,2024-12-31,Basic,8303.43
9463,Customer 9463,customer9463@example.com,DE,2020-12-30,Premium,5553.18
9464,Customer 9464,customer9464@example.com,CA,2024-06-03,Standard,9965.50
9465,Customer 9465,customer9465@example.com,IN,2020-06-02,Premium,2079.04
9466,Customer 9466,customer9466@example.com,UK,2018-05-18,Standard,6300.70
9467,Customer 9467,customer9467@example.com,DE,2022-11-20,Premium,8462.94
9468,Customer 9468,customer9468@example.com,AU,2021-11-02,Premium,4290.92
9469,Customer 9469,customer9469@example.com,IN,2018-08-10,Premium,7457.85
9470,Customer 9470,customer9470@example.com,UK,2020-04-26,Basic,473.87
9471,Customer 9471,customer9471@example.com,UK,2024-10-22,Basic,6618.13
9472,Customer 9472,customer9472@example.com,FR,2022-04-10,Premium,2267.55
9473,Customer 9473,customer9473@example.com,IN,2019-11-08,Premium,3646.34
9474,Customer 9474,customer9474@example.com,FR,2021-12-15,Standard,9693.63
9475,Customer 9475,customer9475@example.com,UK,2018-05-01,Standard,6012.70
9476,Customer 9476,customer9476@example.com,IN,2019-04-26,Standard,2824.27
9477,Customer 9477,customer9477@example.com,AU,2018-09-04,Premium,6857.91
9478,Customer 9478,customer9478@example.com,UK,2019-11-01,Premium,1263.00
9479,Customer 9479,customer9479@example.com,AU,2024-10-31,Standard,2228.52
9480,Customer 9480,customer9480@example.com,IN,2021-08-29,Premium,317.72
9481,Customer 9481,customer9481@example.com,UK,2020-04-01,Premium,6676.58
9482,Customer 9482,customer9482@example.com,IN,2019-07-28,Basic,485.92
9483,Customer 9483,customer9483@example.com,CA,2022-04-24,Basic,1350.52
9484,Customer 9484,customer9484@example.com,US,2021-05-17,Basic,8757.41
9485,Customer 9485,customer9485@example.com,AU,2018-05-14,Basic,2451.39
9486,Customer 9486,customer9486@example.com,US,2021-11-20,Standard,5353.80
9487,Customer 9487,customer9487@example.com,CA,2023-01-11,Premium,9160.69
9488,Customer 9488,customer9488@example.com,DE,2022-12-22,Standard,6040.03
9489,Customer 9489,customer9489@example.com,UK,2024-07-31,Basic,9417.60
9490,Customer 9490,customer9490@example.com,UK,2021-01-14,Basic,3362.13
9491,Customer 9491,customer9491@example.com,CA,2021-09-03,Premium,5310.04
9492,Customer 9492,customer9492@example.com,US,2022-03-15,Premium,5404.26
9493,Customer 9493,customer9493@example.com,FR,2019-08-19,Basic,1959.16
9494,Customer 9494,customer9494@example.com,IN,2019-07-20,Standard,9324.80
9495,Customer 9495,customer9495@example.com,AU,2019-06-23,Basic,3614.85
9496,Customer 9496,customer9496@example.com,US,2023-08-29,Standard,1928.19
9497,Customer 9497,customer9497@example.com,DE,2022-02-04,Basic,4723.68
9498,Customer 9498,customer9498@example.com,FR,2023-12-03,Basic,6647.70
9499,Customer 9499,customer9499@example.com,US,2021-10-10,Standard,5958.31
9500,Customer 9500,customer9500@example.com,UK,2018-08-08,Basic,1326.94
9501,Customer 9501,customer9501@example.com,FR,2024-12-16,Standard,8465.16
9502,Customer 9502,customer9502@example.com,DE,2023-08-18,Standard,3938.04
9503,Customer 9503,customer9503@example.com,CA,2021-10-18,Premium,8263.12
9504,Customer 9504,customer9504@example.com,AU,2021-04-19,Basic,5588.62
9505,Customer 9505,customer9505@example.com,IN,2019-04-17,Basic,8468.54
9506,Customer 9506,customer9506@example.com,CA,2018-05-05,Basic,5763.88
9507,Customer 9507,customer9507@example.com,CA,2020-11-11,Standard,4131.50
9508,Customer 9508,customer9508@example.com,DE,2018-06-18,Premium,9182.76
9509,Customer 9509,customer9509@example.com,US,2022-12-23,Standard,5997.03
9510,Customer 9510,customer9510@example.com,DE,2021-11-20,Standard,6053.21
9511,Customer 9511,customer9511@example.com,AU,2020-05-11,Standard,8623.33
9512,Customer 9512,customer9512@example.com,IN,2023-09-24,Premium,8602.15
9513,Customer 9513,customer9513@example.com,IN,2019-07-04,Basic,1610.18
9514,Customer 9514,customer9514@example.com,FR,2021-09-12,Standard,4525.58
9515,Customer 9515,customer9515@example.com,AU,2023-01-26,Basic,5016.86
9516,Customer 9516,customer9516@example.com,FR,2021-01-17,Standard,5786.80
9517,Customer 9517,customer9517@example.com,UK,2022-02-24,Standard,8805.90
9518,Customer 9518,customer9518@example.com,US,2019-06-01,Premium,5191.71
9519,Customer 9519,customer9519@example.com,UK,2021-03-27,Basic,5909.27
9520,Customer 9520,customer9520@example.com,AU,2020-10-14,Standard,6001.74
9521,Customer 9521,customer9521@example.com,IN,2018-06-07,Premium,4985.25
9522,Customer 9522,customer9522@example.com,CA,2021-03-13,Standard,8937.80
9523,Customer 9523,customer9523@example.com,IN,2021-03-10,Basic,8338.07
9524,Customer 9524,customer9524@example.com,IN,2022-09-01,Standard,8974.24
9525,Customer 9525,customer9525@example.com,CA,2019-03-09,Standard,4321.08
9526,Customer 9526,customer9526@example.com,UK,2024-04-27,Standard,7902.11
9527,Customer 9527,customer9527@example.com,CA,2023-06-25,Premium,1624.98
9528,Customer 9528,customer9528@example.com,DE,2024-07-28,Premium,3500.71
9529,Customer 9529,customer9529@example.com,US,2019-11-23,Standard,4366.17
9530,Customer 9530,customer9530@example.com,DE,2024-12-31,Basic,7933.22
9531,Customer 9531,customer9531@example.com,FR,2021-05-18,Premium,7844.16
9532,Customer 9532,customer9532@example.com,AU,2019-09-19,Standard,1560.50
9533,Customer 9533,customer9533@example.com,FR,2022-06-16,Standard,2053.71
9534,Customer 9534,customer9534@example.com,US,2021-03-05,Standard,9489.51
9535,Customer 9535,customer9535@example.com,CA,2020-04-07,Standard,1121.87
9536,Customer 9536,customer9536@example.com,CA,2018-07-22,Premium,3455.95
9537,Customer 9537,customer9537@example.com,DE,2021-10-09,Basic,2482.53
9538,Customer 9538,customer9538@example.com,DE,2021-12-17,Standard,6262.62
9539,Customer 9539,customer9539@example.com,DE,2022-01-29,Standard,8034.06
9540,Customer 9540,customer9540@example.com,US,2022-10-03,Basic,9567.48
9541,Customer 9541,customer9541@example.com,CA,2020-05-29,Premium,3792.82
9542,Customer 9542,customer9542@example.com,CA,2023-06-05,Basic,9708.34
9543,Customer 9543,customer9543@example.com,AU,2022-08-26,Standard,5138.85
9544,Customer 9544,customer9544@example.com,IN,2024-11-14,Standard,7610.41
9545,Customer 9545,customer9545@example.com,DE,2024-07-05,Premium,396.70
9546,Customer 9546,customer9546@example.com,FR,2018-07-28,Standard,2089.14
9547,Customer 9547,customer9547@example.com,FR,2018-12-30,Standard,9116.11
9548,Customer 9548,customer9548@example.com,CA,2023-04-16,Basic,3278.49
9549,Customer 9549,customer9549@example.com,UK,2019-01-18,Basic,7210.15
9550,Customer 9550,customer9550@example.com,FR,2024-07-16,Premium,2308.37
9551,Customer 9551,customer9551@example.com,IN,2022-04-21,Premium,7806.52
9552,Customer 9552,customer9552@example.com,IN,2020-09-20,Premium,6715.47
9553,Customer 9553,customer9553@example.com,FR,2018-05-28,Basic,5799.96
9554,Customer 9554,customer9554@example.com,IN,2023-09-05,Basic,3567.58
9555,Customer 9555,customer9555@example.com,CA,2018-04-11,Premium,430.78
9556,Customer 9556,customer9556@example.com,DE,2024-03-10,Premium,6012.45
9557,Customer 9557,customer9557@example.com,US,2019-03-19,Standard,8428.07
9558,Customer 9558,customer9558@example.com,UK,2018-06-29,Premium,4118.38
9559,Customer 9559,customer9559@example.com,US,2018-05-16,Basic,7110.81
9560,Customer 9560,customer9560@example.com,CA,2020-08-30,Basic,2249.62
9561,Customer 9561,customer9561@example.com,IN,2022-11-11,Premium,5047.76
9562,Customer 9562,customer9562@example.com,US,2020-01-28,Premium,6690.33
9563,Customer 9563,customer9563@example.com,UK,2024-02-04,Basic,6399.19
9564,Customer 9564,customer9564@example.com,IN,2019-11-26,Basic,9943.40
9565,Customer 9565,customer9565@example.com,US,2024-04-11,Basic,6187.89
9566,Customer 9566,customer9566@example.com,IN,2021-05-02,Standard,9530.66
9567,Customer 9567,customer9567@example.com,FR,2023-10-30,Premium,7551.64
9568,Customer 9568,customer9568@example.com,FR,2023-01-29,Standard,4101.39
9569,Customer 9569,customer9569@example.com,CA,2021-01-23,Premium,7417.57
9570,Customer 9570,customer9570@example.com,IN,2020-08-10,Standard,5173.79
9571,Customer 9571,customer9571@example.com,US,2020-01-31,Standard,1944.84
9572,Customer 9572,customer9572@example.com,AU,2022-07-16,Standard,2991.81
9573,Customer 9573,customer9573@example.com,DE,2019-09-02,Basic,8180.10
9574,Customer 9574,customer9574@example.com,DE,2021-01-30,Premium,2650.81
9575,Customer 9575,customer9575@example.com,CA,2024-04-07,Premium,7688.31
9576,Customer 9576,customer9576@example.com,AU,2019-11-13,Standard,6032.78
9577,Customer 9577,customer9577@example.com,FR,2022-07-23,Premium,4479.20
9578,Customer 9578,customer9578@example.com,AU,2021-09-02,Basic,1019.95
9579,Customer 9579,customer9579@example.com,CA,2024-03-01,Standard,4491.91
9580,Customer 9580,customer9580@example.com,AU,2021-05-23,Standard,6132.90
9581,Customer 9581,customer9581@example.com,UK,2021-06-28,Standard,5312.10
9582,Customer 9582,customer9582@example.com,CA,2018-12-28,Standard,9329.41
9583,Customer 9583,customer9583@example.com,DE,2022-04-22,Basic,2250.54
9584,Customer 9584,customer9584@example.com,AU,2024-05-19,Basic,7061.07
9585,Customer 9585,customer9585@example.com,UK,2019-01-12,Standard,3369.78
9586,Customer 9586,customer9586@example.com,FR,2022-07-11,Standard,6570.59
9587,Customer 9587,customer9587@example.com,UK,2024-11-24,Standard,201.35
9588,Customer 9588,customer9588@example.com,UK,2022-04-01,Basic,7614.14
9589,Customer 9589,customer9589@example.com,AU,2024-03-25,Basic,8071.52
9590,Customer 9590,customer9590@example.com,DE,2024-08-10,Standard,3965.68
9591,Customer 9591,customer9591@example.com,CA,2023-10-29,Premium,9591.49
9592,Customer 9592,customer9592@example.com,US,2024-01-12,Premium,8413.84
9593,Customer 9593,customer9593@example.com,IN,2019-08-21,Premium,6683.39
9594,Customer 9594,customer9594@example.com,CA,2019-07-13,Standard,3898.72
9595,Customer 9595,customer9595@example.com,FR,2019-07-17,Premium,9042.83
9596,Customer 9596,customer9596@example.com,UK,2023-03-31,Premium,2381.00
9597,Customer 9597,customer9597@example.com,CA,2024-04-04,Standard,627.01
9598,Customer 9598,customer9598@example.com,FR,2018-09-21,Premium,5195.34
9599,Customer 9599,customer9599@example.com,FR,2021-05-17,Basic,8844.18
9600,Customer 9600,customer9600@example.com,IN,2021-08-31,Standard,5064.29
9601,Customer 9601,customer9601@example.com,US,2020-12-23,Standard,3345.79
9602,Customer 9602,customer9602@example.com,FR,2021-08-26,Basic,7778.02
9603,Customer 9603,customer9603@example.com,CA,2022-06-24,Basic,8212.52
9604,Customer 9604,customer9604@example.com,AU,2022-03-04,Standard,5073.92
9605,Customer 9605,customer9605@example.com,IN,2018-01-09,Premium,8878.25
9606,Customer 9606,customer9606@example.com,DE,2018-10-02,Basic,1404.47
9607,Customer 9607,customer9607@example.com,FR,2023-05-16,Basic,4301.06
9608,Customer 9608,customer9608@example.com,CA,2020-11-12,Basic,2713.28
9609,Customer 9609,customer9609@example.com,FR,2020-07-07,Premium,4722.23
9610,Customer 9610,customer9610@example.com,DE,2022-08-11,Premium,2628.06
9611,Customer 9611,customer9611@example.com,FR,2021-12-25,Premium,8839.82
9612,Customer 9612,customer9612@example.com,AU,2020-11-03,Premium,518.88
9613,Customer 9613,customer9613@example.com,DE,2019-09-11,Premium,9808.79
9614,Customer 9614,customer9614@example.com,IN,2022-11-02,Standard,2575.59
9615,Customer 9615,customer9615@example.com,CA,2019-02-13,Standard,1459.15
9616,Customer 9616,customer9616@example.com,UK,2021-08-27,Premium,6352.56
9617,Customer 9617,customer9617@example.com,US,2024-05-30,Basic,3541.25
9618,Customer 9618,customer9618@example.com,CA,2018-03-30,Standard,4147.59
9619,Customer 9619,customer9619@example.com,CA,2019-02-19,Premium,2315.60
9620,Customer 9620,customer9620@example.com,AU,2024-02-20,Standard,591.65
9621,Customer 9621,customer9621@example.com,US,2020-12-13,Premium,9133.17
9622,Customer 9622,customer9622@example.com,AU,2020-02-01,Basic,5670.28
9623,Customer 9623,customer9623@example.com,AU,2023-05-03,Standard,4166.49
9624,Customer 9624,customer9624@example.com,UK,2020-02-02,Standard,6749.02
9625,Customer 9625,customer9625@example.com,CA,2018-07-15,Standard,1375.68
9626,Customer 9626,customer9626@example.com,UK,2024-02-23,Premium,115.48
9627,Customer 9627,customer9627@example.com,US,2023-09-02,Basic,9708.37
9628,Customer 9628,customer9628@example.com,CA,2023-07-05,Premium,477.79
9629,Customer 9629,customer9629@example.com,UK,2019-06-04,Basic,907.06
9630,Customer 9630,customer9630@example.com,DE,2021-12-02,Standard,9011.79
9631,Customer 9631,customer9631@example.com,CA,2021-04-25,Basic,8335.65
9632,Customer 9632,customer9632@example.com,FR,2022-01-22,Basic,6026.12
9633,Customer 9633,customer9633@example.com,DE,2019-06-28,Standard,287.56
9634,Customer 9634,customer9634@example.com,UK,2021-12-10,Basic,6242.32
9635,Customer 9635,customer9635@example.com,US,2019-04-09,Standard,2234.13
9636,Customer 9636,customer9636@example.com,IN,2020-03-04,Premium,3189.90
9637,Customer 9637,customer9637@example.com,AU,2018-01-26,Basic,4891.40
9638,Customer 9638,customer9638@example.com,CA,2022-02-09,Premium,2286.17
9639,Customer 9639,customer9639@example.com,FR,2018-11-11,Premium,5993.85
9640,Customer 9640,customer9640@example.com,UK,2019-07-28,Premium,4074.39
9641,Customer 9641,customer9641@example.com,IN,2023-02-10,Standard,3457.61
9642,Customer 9642,customer9642@example.com,UK,2023-02-27,Premium,2896.91
9643,Customer 9643,customer9643@example.com,FR,2020-09-06,Premium,532.90
9644,Customer 9644,customer9644@example.com,UK,2018-12-05,Basic,1349.96
9645,Customer 9645,customer9645@example.com,DE,2020-10-16,Premium,1878.19
9646,Customer 9646,customer9646@example.com,FR,2022-08-12,Standard,4041.62
9647,Customer 9647,customer9647@example.com,US,2019-12-20,Premium,2092.34
9648,Customer 9648,customer9648@example.com,US,2022-08-23,Standard,3463.55
9649,Customer 9649,customer9649@example.com,US,2022-09-11,Premium,2580.41
9650,Customer 9650,customer9650@example.com,DE,2021-09-20,Standard,1582.93
9651,Customer 9651,customer9651@example.com,FR,2019-07-23,Premium,6777.08
9652,Customer 9652,customer9652@example.com,FR,2023-04-22,Basic,668.69
9653,Customer 9653,customer9653@example.com,FR,2021-07-10,Premium,176.39
9654,Customer 9654,customer9654@example.com,DE,2022-11-24,Basic,4925.54
9655,Customer 9655,customer9655@example.com,FR,2024-06-29,Premium,3260.15
9656,Customer 9656,customer9656@example.com,US,2018-10-18,Premium,923.97
9657,Customer 9657,customer9657@example.com,IN,2019-01-10,Standard,4591.04
9658,Customer 9658,customer9658@example.com,CA,2024-09-18,Premium,8120.91
9659,Customer 9659,customer9659@example.com,UK,2022-02-03,Premium,5786.06
9660,Customer 9660,customer9660@example.com,UK,2020-08-05,Premium,6333.47
9661,Customer 9661,customer9661@example.com,DE,2021-01-21,Basic,2890.57
9662,Customer 9662,customer9662@example.com,IN,2021-08-02,Premium,8721.64
9663,Customer 9663,customer9663@example.com,FR,2021-09-17,Standard,8195.22
9664,Customer 9664,customer9664@example.com,FR,2024-07-10,Standard,1964.62
9665,Customer 9665,,AU,2019-03-20,Basic,5327.33
9666,Customer 9666,customer9666@example.com,US,2019-08-29,Standard,1848.71
9667,Customer 9667,customer9667@example.com,CA,2020-12-21,Standard,7523.77
9668,Customer 9668,customer9668@example.com,AU,2021-10-01,Basic,9295.65
9669,Customer 9669,customer9669@example.com,DE,2019-03-29,Basic,343.04
9670,Customer 9670,customer9670@example.com,CA,2018-05-22,Standard,781.36
9671,Customer 9671,customer9671@example.com,AU,2018-09-23,Standard,7129.94
9672,Customer 9672,customer9672@example.com,IN,2023-08-29,Premium,7812.67
9673,Customer 9673,customer9673@example.com,US,2018-07-24,Basic,2291.44
9674,Customer 9674,customer9674@example.com,DE,2022-05-22,Standard,7261.71
9675,Customer 9675,customer9675@example.com,UK,2022-09-03,Premium,7663.13
9676,Customer 9676,customer9676@example.com,US,2021-07-17,Standard,7115.82
9677,Customer 9677,customer9677@example.com,DE,2021-05-24,Premium,4708.08
9678,Customer 9678,customer9678@example.com,AU,2018-08-05,Premium,5818.63
9679,Customer 9679,customer9679@example.com,IN,2021-02-28,Premium,4115.64
9680,Customer 9680,customer9680@example.com,DE,2020-08-13,Standard,9297.85
9681,Customer 9681,customer9681@example.com,US,2019-08-24,Premium,7884.27
9682,Customer 9682,customer9682@example.com,US,2021-01-09,Standard,708.73
9683,Customer 9683,customer9683@example.com,AU,2020-01-24,Standard,7067.26
9684,Customer 9684,customer9684@example.com,AU,2024-12-24,Premium,5562.81
9685,Customer 9685,customer9685@example.com,CA,2020-07-06,Premium,9212.21
9686,Customer 9686,customer9686@example.com,CA,2024-05-04,Basic,4759.94
9687,Customer 9687,customer9687@example.com,FR,2024-01-18,Standard,3868.75
9688,Customer 9688,customer9688@example.com,US,2023-02-03,Standard,6090.79
9689,Customer 9689,customer9689@example.com,DE,2018-05-31,Standard,6082.63
9690,Customer 9690,customer9690@example.com,FR,2020-08-27,Basic,7764.88
9691,Customer 9691,customer9691@example.com,UK,2018-05-06,Basic,784.97
9692,Customer 9692,customer9692@example.com,US,2021-11-22,Basic,3694.53
9693,Customer 9693,customer9693@example.com,AU,2024-08-12,Premium,7767.07
9694,Customer 9694,customer9694@example.com,IN,2024-02-24,Premium,2548.75
9695,Customer 9695,customer9695@example.com,CA,2018-10-29,Standard,5929.69
9696,Customer 9696,customer9696@example.com,FR,2021-03-23,Basic,5045.72
9697,Customer 9697,customer9697@example.com,IN,2024-10-02,Basic,8184.55
9698,Customer 9698,customer9698@example.com,CA,2021-05-13,Premium,3918.50
9699,Customer 9699,customer9699@example.com,CA,2021-04-27,Standard,8297.54
9700,Customer 9700,customer9700@example.com,CA,2021-09-30,Basic,2106.06
9701,Customer 9701,customer9701@example.com,AU,2022-02-18,Standard,312.40
9702,Customer 9702,customer9702@example.com,FR,2022-04-15,Standard,166.39
9703,Customer 9703,customer9703@example.com,DE,2022-05-25,Premium,8706.55
9704,Customer 9704,customer9704@example.com,FR,2024-01-13,Basic,3271.35
9705,Customer 9705,customer9705@example.com,UK,2020-01-17,Standard,1195.53
9706,Customer 9706,customer9706@example.com,CA,2019-10-18,Standard,358.09
9707,Customer 9707,customer9707@example.com,UK,2022-04-18,Basic,8208.92
9708,Customer 9708,customer9708@example.com,US,2019-05-12,Basic,4417.49
9709,Customer 9709,customer9709@example.com,AU,2018-03-23,Basic,1263.65
9710,Customer 9710,customer9710@example.com,IN,2020-06-21,Standard,8400.53
9711,Customer 9711,customer9711@example.com,IN,2018-10-06,Basic,2855.55
9712,Customer 9712,customer9712@example.com,IN,2018-01-15,Basic,765.71
9713,Customer 9713,customer9713@example.com,FR,2018-07-20,Premium,8736.34
9714,Customer 9714,customer9714@example.com,UK,2023-08-09,Basic,4121.54
9715,Customer 9715,customer9715@example.com,UK,2023-12-01,Premium,3512.79
9716,Customer 9716,customer9716@example.com,AU,2023-11-16,Standard,4702.90
9717,Customer 9717,customer9717@example.com,FR,2023-07-24,Premium,937.81
9718,Customer 9718,customer9718@example.com,CA,2024-08-08,Standard,1427.90
9719,Customer 9719,customer9719@example.com,FR,2023-09-06,Premium,8821.32
9720,Customer 9720,customer9720@example.com,US,2019-03-07,Basic,3424.93
9721,Customer 9721,customer9721@example.com,CA,2024-09-23,Standard,3128.50
9722,Customer 9722,customer9722@example.com,US,2023-07-04,Standard,2102.58
9723,Customer 9723,customer9723@example.com,DE,2024-09-01,Standard,3964.40
9724,Customer 9724,customer9724@example.com,AU,2024-04-24,Basic,1209.48
9725,Customer 9725,customer9725@example.com,IN,2019-11-17,Premium,465.50
9726,Customer 9726,customer9726@example.com,AU,2019-05-08,Premium,3747.11
9727,Customer 9727,customer9727@example.com,UK,2024-05-19,Basic,6662.67
9728,Customer 9728,customer9728@example.com,AU,2021-03-02,Basic,5353.40
9729,Customer 9729,customer9729@example.com,CA,2024-11-02,Premium,3581.89
9730,Customer 9730,customer9730@example.com,US,2023-07-25,Standard,1147.82
9731,Customer 9731,customer9731@example.com,FR,2020-12-24,Basic,5296.92
9732,Customer 9732,customer9732@example.com,CA,2023-04-21,Premium,3694.75
9733,Customer 9733,customer9733@example.com,US,2024-03-06,Premium,7335.15
9734,Customer 9734,customer9734@example.com,FR,2023-07-28,Standard,5144.96
9735,Customer 9735,customer9735@example.com,DE,2023-08-07,Standard,6111.41
9736,Customer 9736,customer9736@example.com,DE,2024-11-20,Basic,6700.01
9737,Customer 9737,customer9737@example.com,DE,2024-03-03,Standard,2239.99
9738,Customer 9738,customer9738@example.com,UK,2022-03-08,Standard,6083.66
9739,Customer 9739,customer9739@example.com,IN,2023-04-08,Premium,1856.69
9740,Customer 9740,customer9740@example.com,UK,2018-05-28,Premium,6155.18
9741,Customer 9741,customer9741@example.com,US,2022-04-06,Standard,4315.28
9742,Customer 9742,customer9742@example.com,IN,2019-05-20,Premium,3877.08
9743,Customer 9743,customer9743@example.com,FR,2019-04-04,Basic,981.56
9744,Customer 9744,,FR,2024-07-25,Basic,1972.58
9745,Customer 9745,customer9745@example.com,DE,2020-09-05,Basic,471.96
9746,Customer 9746,,CA,2018-11-09,Premium,7670.09
9747,Customer 9747,customer9747@example.com,FR,2024-03-30,Premium,492.09
9748,Customer 9748,customer9748@example.com,CA,2022-05-31,Basic,1412.79
9749,Customer 9749,customer9749@example.com,AU,2023-05-10,Standard,2398.21
9750,Customer 9750,customer9750@example.com,DE,2021-09-19,Premium,4292.90
9751,Customer 9751,customer9751@example.com,UK,2018-08-07,Premium,6022.41
9752,Customer 9752,customer9752@example.com,DE,2024-02-27,Standard,2610.45
9753,Customer 9753,customer9753@example.com,IN,2019-05-23,Premium,1944.34
9754,Customer 9754,customer9754@example.com,UK,2022-07-10,Basic,8559.49
9755,Customer 9755,customer9755@example.com,IN,2020-03-17,Standard,7485.49
9756,Customer 9756,customer9756@example.com,US,2023-01-26,Premium,5748.80
9757,Customer 9757,customer9757@example.com,UK,2019-06-07,Premium,5832.19
9758,Customer 9758,customer9758@example.com,US,2022-12-10,Basic,4654.89
9759,Customer 9759,customer9759@example.com,FR,2021-10-06,Premium,7952.84
9760,Customer 9760,customer9760@example.com,IN,2021-02-08,Basic,7240.09
9761,Customer 9761,customer9761@example.com,AU,2022-12-05,Standard,8381.33
9762,Customer 9762,customer9762@example.com,CA,2018-08-16,Standard,3324.00
9763,Customer 9763,customer9763@example.com,FR,2023-07-21,Basic,4876.91
9764,Customer 9764,customer9764@example.com,AU,2024-04-23,Premium,4640.93
9765,Customer 9765,customer9765@example.com,UK,2018-10-31,Premium,6726.24
9766,Customer 9766,customer9766@example.com,UK,2021-05-21,Basic,3260.72
9767,Customer 9767,customer9767@example.com,DE,2020-10-11,Basic,9257.43
9768,Customer 9768,customer9768@example.com,US,2018-10-09,Basic,3371.21
9769,Customer 9769,customer9769@example.com,DE,2018-05-10,Basic,1493.15
9770,Customer 9770,customer9770@example.com,FR,2019-10-09,Premium,6227.12
9771,Customer 9771,customer9771@example.com,IN,2018-05-22,Basic,7893.45
9772,Customer 9772,customer9772@example.com,FR,2024-08-19,Basic,8560.97
9773,Customer 9773,customer9773@example.com,FR,2021-12-14,Standard,1945.89
9774,Customer 9774,customer9774@example.com,IN,2020-11-16,Premium,2074.73
9775,Customer 9775,customer9775@example.com,US,2022-07-25,Basic,3837.92
9776,Customer 9776,customer9776@example.com,AU,2023-03-02,Premium,8085.21
9777,Customer 9777,customer9777@example.com,IN,2021-07-15,Standard,264.07
9778,Customer 9778,customer9778@example.com,IN,2021-01-20,Premium,7762.71
9779,Customer 9779,customer9779@example.com,IN,2021-01-21,Standard,8038.47
9780,Customer 9780,customer9780@example.com,US,2018-10-04,Premium,3068.44
9781,Customer 9781,customer9781@example.com,AU,2023-06-17,Basic,5970.75
9782,Customer 9782,customer9782@example.com,DE,2024-12-23,Premium,3553.20
9783,Customer 9783,customer9783@example.com,AU,2024-07-22,Premium,1235.85
9784,Customer 9784,customer9784@example.com,US,2019-03-14,Basic,8016.99
9785,Customer 9785,customer9785@example.com,IN,2024-02-14,Basic,6188.03
9786,Customer 9786,customer9786@example.com,IN,2024-12-24,Basic,1224.88
9787,Customer 9787,customer9787@example.com,UK,2024-07-29,Premium,3760.14
9788,Customer 9788,customer9788@example.com,DE,2020-05-10,Basic,3136.19
9789,Customer 9789,customer9789@example.com,IN,2018-11-14,Premium,982.61
9790,Customer 9790,customer9790@example.com,CA,2023-08-08,Premium,8565.40
9791,Customer 9791,customer9791@example.com,DE,2023-02-20,Standard,4016.65
9792,Customer 9792,customer9792@example.com,CA,2019-01-14,Standard,2934.29
9793,Customer 9793,customer9793@example.com,CA,2019-10-23,Standard,1955.03
9794,Customer 9794,customer9794@example.com,AU,2021-10-01,Standard,2909.94
9795,Customer 9795,customer9795@example.com,UK,2018-01-14,Premium,9618.98
9796,Customer 9796,customer9796@example.com,AU,2020-08-02,Standard,7119.58
9797,Customer 9797,customer9797@example.com,AU,2022-05-14,Basic,7121.03
9798,Customer 9798,customer9798@example.com,UK,2019-08-14,Basic,2574.59
9799,Customer 9799,customer9799@example.com,DE,2018-01-17,Standard,8381.68
9800,Customer 9800,customer9800@example.com,US,2022-12-27,Premium,6697.44
9801,Customer 9801,customer9801@example.com,UK,2021-02-05,Standard,3891.95
9802,Customer 9802,customer9802@example.com,US,2024-12-31,Standard,8348.68
9803,Customer 9803,customer9803@example.com,DE,2023-04-19,Basic,590.91
9804,Customer 9804,customer9804@example.com,CA,2018-07-27,Standard,602.17
9805,Customer 9805,customer9805@example.com,AU,2020-10-20,Basic,5302.35
9806,Customer 9806,customer9806@example.com,US,2018-07-30,Standard,5823.09
9807,Customer 9807,customer9807@example.com,AU,2022-01-04,Premium,3972.71
9808,Customer 9808,customer9808@example.com,DE,2019-07-01,Premium,2671.61
9809,Customer 9809,customer9809@example.com,AU,2018-12-16,Basic,1855.48
9810,Customer 9810,customer9810@example.com,UK,2019-11-09,Standard,6367.77
9811,Customer 9811,customer9811@example.com,FR,2021-10-16,Standard,767.01
9812,Customer 9812,customer9812@example.com,IN,2018-06-20,Basic,3440.61
9813,Customer 9813,customer9813@example.com,DE,2018-12-18,Basic,7346.13
9814,Customer 9814,customer9814@example.com,DE,2021-01-10,Premium,1998.28
9815,Customer 9815,customer9815@example.com,CA,2020-03-18,Standard,3981.45
9816,Customer 9816,customer9816@example.com,CA,2018-02-20,Premium,5227.10
9817,Customer 9817,customer9817@example.com,IN,2018-10-03,Standard,9057.43
9818,Customer 9818,customer9818@example.com,CA,2021-08-01,Basic,1254.07
9819,Customer 9819,customer9819@example.com,CA,2024-11-14,Premium,6703.13
9820,Customer 9820,customer9820@example.com,CA,2023-04-24,Basic,1787.31
9821,Customer 9821,customer9821@example.com,US,2021-09-10,Premium,7403.47
9822,Customer 9822,customer9822@example.com,DE,2024-08-24,Premium,1784.82
9823,Customer 9823,customer9823@example.com,AU,2024-07-23,Premium,6466.94
9824,Customer 9824,customer9824@example.com,US,2021-03-05,Premium,5747.25
9825,Customer 9825,customer9825@example.com,IN,2021-01-12,Basic,1217.74
9826,Customer 9826,customer9826@example.com,US,2021-03-10,Premium,7535.69
9827,Customer 9827,customer9827@example.com,UK,2023-10-04,Standard,6964.34
9828,Customer 9828,customer9828@example.com,FR,2024-06-22,Basic,1976.65
9829,Customer 9829,customer9829@example.com,US,2021-03-11,Premium,4180.66
9830,Customer 9830,customer9830@example.com,UK,2018-01-24,Premium,8305.60
9831,Customer 9831,customer9831@example.com,AU,2018-05-06,Premium,4557.22
9832,Customer 9832,customer9832@example.com,US,2019-09-16,Premium,6230.87
9833,Customer 9833,customer9833@example.com,IN,2021-05-24,Basic,3141.51
9834,Customer 9834,customer9834@example.com,IN,2023-08-24,Basic,9607.53
9835,Customer 9835,customer9835@example.com,FR,2022-07-10,Standard,6279.99
9836,Customer 9836,customer9836@example.com,IN,2018-10-31,Basic,5470.38
9837,Customer 9837,customer9837@example.com,FR,2020-02-04,Basic,1333.78
9838,Customer 9838,customer9838@example.com,CA,2022-04-29,Standard,8880.46
9839,Customer 9839,customer9839@example.com,DE,2024-10-20,Premium,9140.09
9840,Customer 9840,customer9840@example.com,DE,2021-01-23,Basic,6428.72
9841,Customer 9841,customer9841@example.com,US,2021-07-07,Premium,7979.38
9842,Customer 9842,customer9842@example.com,CA,2019-04-11,Basic,6580.85
9843,Customer 9843,customer9843@example.com,US,2019-02-07,Premium,710.20
9844,Customer 9844,customer9844@example.com,DE,2019-07-17,Premium,1113.18
9845,Customer 9845,customer9845@example.com,FR,2023-12-26,Premium,8883.39
9846,Customer 9846,customer9846@example.com,UK,2021-04-02,Premium,5477.13
9847,Customer 9847,customer9847@example.com,CA,2018-02-20,Basic,1341.30
9848,Customer 9848,customer9848@example.com,CA,2020-10-28,Standard,1824.14
9849,Customer 9849,customer9849@example.com,FR,2023-05-07,Premium,6334.35
9850,Customer 9850,customer9850@example.com,AU,2019-10-10,Premium,9950.41
9851,Customer 9851,customer9851@example.com,DE,2020-10-08,Standard,1673.37
9852,Customer 9852,customer9852@example.com,IN,2022-10-03,Standard,8018.43
9853,Customer 9853,customer9853@example.com,AU,2023-01-10,Standard,3910.17
9854,Customer 9854,customer9854@example.com,DE,2019-07-06,Basic,9195.28
9855,Customer 9855,customer9855@example.com,UK,2024-08-13,Basic,4985.58
9856,Customer 9856,customer9856@example.com,CA,2022-10-14,Basic,4011.88
9857,Customer 9857,customer9857@example.com,FR,2021-05-23,Premium,9716.28
9858,Customer 9858,customer9858@example.com,CA,2023-08-07,Standard,8646.25
9859,Customer 9859,customer9859@example.com,US,2018-06-12,Standard,6537.86
9860,Customer 9860,customer9860@example.com,UK,2021-04-11,Basic,612.41
9861,Customer 9861,customer9861@example.com,UK,2020-06-14,Basic,454.38
9862,Customer 9862,customer9862@example.com,AU,2022-02-26,Premium,284.83
9863,Customer 9863,customer9863@example.com,CA,2024-09-16,Basic,8643.14
9864,Customer 9864,customer9864@example.com,UK,2021-03-07,Standard,8062.84
9865,Customer 9865,customer9865@example.com,UK,2021-11-12,Standard,1910.18
9866,Customer 9866,customer9866@example.com,DE,2021-03-31,Premium,4424.99
9867,Customer 9867,customer9867@example.com,AU,2023-12-19,Basic,6742.03
9868,Customer 9868,customer9868@example.com,IN,2019-12-30,Standard,9981.08
9869,Customer 9869,customer9869@example.com,FR,2020-08-16,Basic,5553.99
9870,Customer 9870,customer9870@example.com,CA,2020-01-29,Premium,5599.96
9871,Customer 9871,customer9871@example.com,US,2024-03-08,Premium,7970.85
9872,Customer 9872,customer9872@example.com,IN,2024-06-19,Premium,9087.57
9873,Customer 9873,customer9873@example.com,CA,2020-02-25,Basic,6302.93
9874,Customer 9874,customer9874@example.com,AU,2023-02-25,Basic,6544.01
9875,Customer 9875,customer9875@example.com,IN,2018-03-29,Standard,8857.93
9876,Customer 9876,customer9876@example.com,CA,2018-06-12,Standard,1888.39
9877,Customer 9877,customer9877@example.com,UK,2021-12-13,Standard,7755.40
9878,Customer 9878,customer9878@example.com,UK,2018-11-20,Basic,6180.54
9879,Customer 9879,customer9879@example.com,DE,2024-06-28,Premium,800.69
9880,Customer 9880,customer9880@example.com,US,2022-10-13,Basic,5828.12
9881,Customer 9881,customer9881@example.com,UK,2018-11-28,Basic,1992.57
9882,Customer 9882,customer9882@example.com,UK,2021-07-03,Basic,4729.03
9883,Customer 9883,customer9883@example.com,US,2021-11-18,Premium,8169.45
9884,Customer 9884,customer9884@example.com,AU,2018-01-14,Standard,4846.91
9885,Customer 9885,customer9885@example.com,US,2024-04-06,Basic,9196.39
9886,Customer 9886,customer9886@example.com,DE,2024-05-08,Standard,6620.36
9887,Customer 9887,customer9887@example.com,IN,2024-11-11,Standard,2058.42
9888,Customer 9888,customer9888@example.com,DE,2023-02-12,Standard,5095.23
9889,Customer 9889,customer9889@example.com,CA,2022-08-26,Premium,7710.10
9890,Customer 9890,customer9890@example.com,UK,2024-02-18,Premium,8137.48
9891,Customer 9891,customer9891@example.com,IN,2022-01-08,Premium,6147.79
9892,Customer 9892,customer9892@example.com,AU,2020-11-19,Basic,2866.79
9893,Customer 9893,customer9893@example.com,DE,2021-02-12,Basic,1796.02
9894,Customer 9894,customer9894@example.com,DE,2024-07-14,Standard,3432.80
9895,Customer 9895,customer9895@example.com,UK,2020-02-13,Basic,442.23
9896,Customer 9896,customer9896@example.com,DE,2024-11-13,Premium,3575.09
9897,Customer 9897,customer9897@example.com,US,2024-07-11,Standard,2160.87
9898,Customer 9898,customer9898@example.com,CA,2021-12-22,Premium,9215.12
9899,Customer 9899,customer9899@example.com,CA,2019-02-12,Premium,6006.84
9900,Customer 9900,customer9900@example.com,FR,2021-06-18,Standard,1161.82
9901,Customer 9901,customer9901@example.com,UK,2022-10-23,Premium,4078.84
9902,Customer 9902,customer9902@example.com,DE,2024-10-15,Premium,9433.54
9903,Customer 9903,customer9903@example.com,DE,2018-05-05,Standard,742.37
9904,Customer 9904,customer9904@example.com,UK,2023-07-28,Premium,1492.60
9905,Customer 9905,customer9905@example.com,DE,2019-07-05,Standard,8675.11
9906,Customer 9906,customer9906@example.com,FR,2023-08-20,Standard,8696.91
9907,Customer 9907,customer9907@example.com,US,2020-03-24,Basic,1807.64
9908,Customer 9908,customer9908@example.com,CA,2024-02-11,Premium,1485.28
9909,Customer 9909,customer9909@example.com,US,2022-12-13,Premium,8879.75
9910,Customer 9910,customer9910@example.com,AU,2023-11-26,Basic,6573.03
9911,Customer 9911,customer9911@example.com,IN,2020-07-31,Standard,9450.89
9912,Customer 9912,customer9912@example.com,DE,2022-12-21,Basic,6851.70
9913,Customer 9913,customer9913@example.com,CA,2021-08-04,Premium,9546.76
9914,Customer 9914,customer9914@example.com,US,2018-10-17,Premium,4468.23
9915,Customer 9915,customer9915@example.com,DE,2024-07-09,Standard,2517.27
9916,Customer 9916,customer9916@example.com,AU,2023-08-02,Premium,796.27
9917,Customer 9917,customer9917@example.com,DE,2024-10-19,Premium,2462.19
9918,Customer 9918,customer9918@example.com,US,2018-03-08,Basic,5088.30
9919,Customer 9919,customer9919@example.com,UK,2020-09-13,Premium,8182.47
9920,Customer 9920,customer9920@example.com,CA,2021-10-01,Basic,8897.34
9921,Customer 9921,customer9921@example.com,CA,2018-04-18,Premium,2425.28
9922,Customer 9922,customer9922@example.com,IN,2019-01-27,Basic,8031.55
9923,Customer 9923,customer9923@example.com,UK,2022-09-07,Standard,5516.70
9924,Customer 9924,customer9924@example.com,DE,2019-01-15,Basic,470.60
9925,Customer 9925,customer9925@example.com,US,2019-06-13,Premium,5057.92
9926,Customer 9926,customer9926@example.com,DE,2018-11-07,Basic,2602.99
9927,Customer 9927,customer9927@example.com,IN,2018-12-24,Standard,550.86
9928,Customer 9928,customer9928@example.com,IN,2020-12-08,Standard,720.54
9929,Customer 9929,customer9929@example.com,CA,2024-03-03,Standard,5376.29
9930,Customer 9930,customer9930@example.com,CA,2020-02-24,Premium,7618.93
9931,Customer 9931,customer9931@example.com,DE,2024-05-15,Basic,5782.03
9932,Customer 9932,customer9932@example.com,AU,2018-02-14,Premium,6680.92
9933,Customer 9933,customer9933@example.com,US,2021-02-21,Premium,6477.85
9934,Customer 9934,customer9934@example.com,CA,2023-07-23,Standard,2209.15
9935,Customer 9935,customer9935@example.com,UK,2021-06-10,Standard,1384.12
9936,Customer 9936,customer9936@example.com,US,2022-08-12,Standard,756.80
9937,Customer 9937,customer9937@example.com,US,2018-03-27,Standard,8450.21
9938,Customer 9938,customer9938@example.com,US,2018-09-26,Premium,6327.16
9939,Customer 9939,customer9939@example.com,US,2020-03-27,Premium,2420.69
9940,Customer 9940,customer9940@example.com,DE,2021-09-29,Basic,4606.63
9941,Customer 9941,customer9941@example.com,DE,2019-06-30,Premium,7235.44
9942,Customer 9942,customer9942@example.com,AU,2019-08-25,Basic,6841.50
9943,Customer 9943,customer9943@example.com,CA,2020-08-08,Basic,9604.96
9944,Customer 9944,customer9944@example.com,FR,2023-03-17,Premium,6603.67
9945,Customer 9945,customer9945@example.com,FR,2022-03-28,Premium,7136.65
9946,Customer 9946,customer9946@example.com,AU,2024-09-23,Basic,9415.34
9947,Customer 9947,customer9947@example.com,IN,2023-07-28,Basic,5581.89
9948,Customer 9948,customer9948@example.com,AU,2023-02-03,Standard,4292.84
9949,Customer 9949,customer9949@example.com,CA,2022-11-29,Standard,8661.21
9950,Customer 9950,customer9950@example.com,UK,2023-08-11,Standard,4700.72
9951,Customer 9951,customer9951@example.com,US,2019-06-12,Premium,6104.07
9952,Customer 9952,customer9952@example.com,US,2023-12-24,Basic,2309.74
9953,Customer 9953,customer9953@example.com,FR,2019-10-21,Premium,2849.58
9954,Customer 9954,customer9954@example.com,FR,2020-07-09,Premium,2821.62
9955,Customer 9955,customer9955@example.com,US,2024-08-01,Standard,3258.94
9956,Customer 9956,customer9956@example.com,CA,2023-08-16,Standard,9300.99
9957,Customer 9957,customer9957@example.com,AU,2018-12-13,Basic,7391.79
9958,Customer 9958,customer9958@example.com,FR,2020-07-03,Standard,1223.35
9959,Customer 9959,customer9959@example.com,IN,2018-05-06,Standard,9622.22
9960,Customer 9960,customer9960@example.com,IN,2022-07-08,Standard,7306.35
9961,Customer 9961,customer9961@example.com,US,2020-10-12,Basic,6373.45
9962,Customer 9962,customer9962@example.com,US,2021-11-25,Standard,8068.09
9963,Customer 9963,customer9963@example.com,IN,2021-09-19,Basic,2007.79
9964,Customer 9964,customer9964@example.com,IN,2019-03-11,Basic,6411.84
9965,Customer 9965,customer9965@example.com,UK,2022-05-22,Basic,1488.07
9966,Customer 9966,customer9966@example.com,DE,2021-02-16,Standard,6049.41
9967,Customer 9967,customer9967@example.com,AU,2020-08-22,Basic,1908.73
9968,Customer 9968,customer9968@example.com,US,2024-04-27,Standard,2591.46
9969,Customer 9969,customer9969@example.com,FR,2020-07-22,Basic,3208.73
9970,Customer 9970,customer9970@example.com,FR,2023-02-12,Premium,1488.70
9971,Customer 9971,customer9971@example.com,US,2023-04-02,Basic,839.56
9972,Customer 9972,customer9972@example.com,DE,2020-03-18,Standard,5633.33
9973,Customer 9973,customer9973@example.com,DE,2020-02-01,Premium,6899.15
9974,Customer 9974,customer9974@example.com,DE,2022-01-10,Basic,6523.92
9975,Customer 9975,customer9975@example.com,CA,2021-10-10,Premium,6770.32
9976,Customer 9976,customer9976@example.com,DE,2021-03-02,Premium,4556.74
9977,Customer 9977,customer9977@example.com,IN,2024-08-27,Basic,4190.48
9978,Customer 9978,customer9978@example.com,FR,2023-08-24,Basic,5426.66
9979,Customer 9979,customer9979@example.com,AU,2024-08-04,Premium,6479.01
9980,Customer 9980,customer9980@example.com,CA,2019-07-09,Premium,7646.63
9981,Customer 9981,customer9981@example.com,US,2018-06-08,Standard,7818.30
9982,Customer 9982,customer9982@example.com,CA,2018-02-07,Standard,314.47
9983,Customer 9983,customer9983@example.com,AU,2024-12-08,Standard,4995.45
9984,Customer 9984,customer9984@example.com,US,2019-05-27,Premium,3020.95
9985,Customer 9985,customer9985@example.com,US,2022-12-22,Standard,6719.80
9986,Customer 9986,customer9986@example.com,IN,2018-03-05,Standard,1038.31
9987,Customer 9987,customer9987@example.com,US,2021-06-26,Basic,4332.48
9988,Customer 9988,customer9988@example.com,FR,2018-12-02,Basic,4242.54
9989,Customer 9989,customer9989@example.com,DE,2019-09-03,Standard,1348.22
9990,Customer 9990,customer9990@example.com,DE,2021-05-16,Standard,687.01
9991,Customer 9991,customer9991@example.com,DE,2024-04-24,Basic,4202.84
9992,Customer 9992,customer9992@example.com,US,2019-04-16,Premium,9798.65
9993,Customer 9993,customer9993@example.com,IN,2023-03-13,Standard,7808.02
9994,Customer 9994,customer9994@example.com,UK,2020-09-19,Premium,3330.37
9995,Customer 9995,customer9995@example.com,AU,2018-07-12,Basic,2924.13
9996,Customer 9996,customer9996@example.com,DE,2020-07-07,Premium,4689.45
9997,Customer 9997,customer9997@example.com,UK,2021-06-15,Standard,6628.13
9998,Customer 9998,customer9998@example.com,AU,2023-12-12,Basic,9919.59
9999,Customer 9999,customer9999@example.com,AU,2023-06-01,Basic,8932.21
10000,Customer 10000,customer10000@example.com,IN,2018-09-03,Premium,6426.96
3966,Customer 3966,customer3966@example.com,CA,2020-11-19,Standard,1702.43
7542,Customer 7542,customer7542@example.com,FR,2024-09-28,Standard,932.19
4437,Customer 4437,customer4437@example.com,UK,2019-04-20,Standard,8698.00
3241,Customer 3241,customer3241@example.com,FR,2021-04-29,Standard,9019.47
2533,Customer 2533,customer2533@example.com,AU,2020-03-28,Standard,1443.34
5802,Customer 5802,customer5802@example.com,CA,2020-04-05,Premium,5987.28
6248,Customer 6248,customer6248@example.com,CA,2019-11-01,Standard,2332.83
7685,Customer 7685,customer7685@example.com,UK,2020-01-16,Standard,226.66
4850,Customer 4850,customer4850@example.com,US,2018-07-23,Premium,6357.97
465,Customer 465,customer465@example.com,CA,2018-08-29,Premium,1126.76
